date,well,pressure,choke_size,prod_days,gas_produced,water_produced,porosity,permeability_md,skin,sw,net_pay_m,chlorides_ppm,top_perf_md,bottom_perf_md,perf_midpoint_md,bhp,gas_gravity
1990-06-01,11,793.1,,,77.526,109.738,0.2,7.4,-0.1,0.45,10.5,17000,695.0,705.5,700.25,,0.7
1990-08-01,11,,,,65.268,94.69,0.2,7.4,-0.1,0.45,10.5,17000,695.0,705.5,700.25,,0.7
1990-09-01,11,829.3,,,69.106,95.476,0.2,7.4,-0.1,0.45,10.5,17000,695.0,705.5,700.25,,0.7
1990-10-01,11,,,,58.766,84.69,0.2,7.4,-0.1,0.45,10.5,17000,695.0,705.5,700.25,,0.7
1995-01-01,11,818.5,,,52.968,12.643,0.2,7.4,-0.1,0.45,10.5,17000,695.0,705.5,700.25,,0.7
1995-02-01,11,810.4,,,48.694,11.643,0.2,7.4,-0.1,0.45,10.5,17000,695.0,705.5,700.25,,0.7
1995-04-01,11,808.9,,,38.684,9.262,0.2,7.4,-0.1,0.45,10.5,17000,695.0,705.5,700.25,,0.7
1995-05-01,11,778.2,,,52.389,14.881,0.2,7.4,-0.1,0.45,10.5,17000,695.0,705.5,700.25,,0.7
1995-06-01,11,,,,53.485,15.048,0.2,7.4,-0.1,0.45,10.5,17000,695.0,705.5,700.25,,0.7
1995-07-01,11,,,,56.618,15.81,0.2,7.4,-0.1,0.45,10.5,17000,695.0,705.5,700.25,,0.7
1995-08-01,11,798.5,,,55.929,14.333,0.2,7.4,-0.1,0.45,10.5,17000,695.0,705.5,700.25,,0.7
1995-09-01,11,790.8,,,51.283,13.19,0.2,7.4,-0.1,0.45,10.5,17000,695.0,705.5,700.25,,0.7
1995-10-01,11,764.7,,,102.77,26.5,0.2,7.4,-0.1,0.45,10.5,17000,695.0,705.5,700.25,,0.7
1995-11-01,11,752.0,,,98.209,249.476,0.2,7.4,-0.1,0.45,10.5,17000,695.0,705.5,700.25,,0.7
1995-12-01,11,800.5,,,30.083,75.881,0.2,7.4,-0.1,0.45,10.5,17000,695.0,705.5,700.25,,0.7
1996-01-01,11,753.0,,,50.803,127.571,0.2,7.4,-0.1,0.45,10.5,17000,695.0,705.5,700.25,,0.7
1996-02-01,11,773.3,,,61.841,157.238,0.2,7.4,-0.1,0.45,10.5,17000,695.0,705.5,700.25,,0.7
1996-04-01,11,763.1,,,70.336,198.119,0.2,7.4,-0.1,0.45,10.5,17000,695.0,705.5,700.25,,0.7
1996-05-01,11,732.8,,,78.315,128.69,0.2,7.4,-0.1,0.45,10.5,17000,695.0,705.5,700.25,,0.7
1996-06-01,11,733.0,,,43.627,110.976,0.2,7.4,-0.1,0.45,10.5,17000,695.0,705.5,700.25,,0.7
1996-07-01,11,734.7,,,87.492,264.714,0.2,7.4,-0.1,0.45,10.5,17000,695.0,705.5,700.25,,0.7
1996-08-01,11,749.5,,,71.772,216.524,0.2,7.4,-0.1,0.45,10.5,17000,695.0,705.5,700.25,,0.7
1996-09-01,11,804.0,,,39.597,120.167,0.2,7.4,-0.1,0.45,10.5,17000,695.0,705.5,700.25,,0.7
1996-10-01,11,804.0,,,38.324,77.762,0.2,7.4,-0.1,0.45,10.5,17000,695.0,705.5,700.25,,0.7
1996-11-01,11,803.0,,,83.729,167.048,0.2,7.4,-0.1,0.45,10.5,17000,695.0,705.5,700.25,,0.7
1996-12-01,11,745.1,,,94.585,188.881,0.2,7.4,-0.1,0.45,10.5,17000,695.0,705.5,700.25,,0.7
1998-07-01,11,753.2,,,95.507,77.5,0.2,7.4,-0.1,0.45,10.5,17000,695.0,705.5,700.25,,0.7
1999-02-01,11,715.3,,,75.79,68.238,0.2,7.4,-0.1,0.45,10.5,17000,695.0,705.5,700.25,,0.7
1999-07-01,11,694.5,,,70.979,1.833,0.2,7.4,-0.1,0.45,10.5,17000,695.0,705.5,700.25,,0.7
1999-08-01,11,685.5,,,67.553,1.071,0.2,7.4,-0.1,0.45,10.5,17000,695.0,705.5,700.25,,0.7
1999-10-01,11,690.2,,,79.747,3.048,0.2,7.4,-0.1,0.45,10.5,17000,695.0,705.5,700.25,,0.7
2000-05-01,11,687.0,,,74.774,49.929,0.2,7.4,-0.1,0.45,10.5,17000,695.0,705.5,700.25,,0.7
2000-06-01,11,674.1,,,45.902,30.643,0.2,7.4,-0.1,0.45,10.5,17000,695.0,705.5,700.25,,0.7
2000-08-01,11,682.5,,,58.352,38.929,0.2,7.4,-0.1,0.45,10.5,17000,695.0,705.5,700.25,,0.7
2000-11-01,11,691.6,,,54.077,2.714,0.2,7.4,-0.1,0.45,10.5,17000,695.0,705.5,700.25,,0.7
2001-01-01,11,679.8,,,71.572,5.786,0.2,7.4,-0.1,0.45,10.5,17000,695.0,705.5,700.25,,0.7
2001-02-01,11,704.8,,,57.393,4.619,0.2,7.4,-0.1,0.45,10.5,17000,695.0,705.5,700.25,,0.7
2001-03-01,11,690.0,,,50.839,1.976,0.2,7.4,-0.1,0.45,10.5,17000,695.0,705.5,700.25,,0.7
2001-05-01,11,685.3,,,51.303,2.0,0.2,7.4,-0.1,0.45,10.5,17000,695.0,705.5,700.25,,0.7
2001-06-01,11,675.8,,,46.802,1.81,0.2,7.4,-0.1,0.45,10.5,17000,695.0,705.5,700.25,,0.7
2001-07-01,11,677.6,,,32.464,1.262,0.2,7.4,-0.1,0.45,10.5,17000,695.0,705.5,700.25,,0.7
2001-08-01,11,672.4,,,31.724,0.857,0.2,7.4,-0.1,0.45,10.5,17000,695.0,705.5,700.25,,0.7
2001-09-01,11,676.5,,,33.232,0.905,0.2,7.4,-0.1,0.45,10.5,17000,695.0,705.5,700.25,,0.7
2001-10-01,11,673.3,,,36.216,2.476,0.2,7.4,-0.1,0.45,10.5,17000,695.0,705.5,700.25,,0.7
2001-11-01,11,673.3,,,34.358,2.381,0.2,7.4,-0.1,0.45,10.5,17000,695.0,705.5,700.25,,0.7
2001-12-01,11,660.3,,,35.865,2.452,0.2,7.4,-0.1,0.45,10.5,17000,695.0,705.5,700.25,,0.7
2002-01-01,11,,,,33.188,79.476,0.2,7.4,-0.1,0.45,10.5,17000,695.0,705.5,700.25,,0.7
2002-02-01,11,661.7,,,37.239,88.81,0.2,7.4,-0.1,0.45,10.5,17000,695.0,705.5,700.25,,0.7
2002-03-01,11,677.5,,,34.114,81.714,0.2,7.4,-0.1,0.45,10.5,17000,695.0,705.5,700.25,,0.7
2002-04-01,11,663.5,,,42.285,101.786,0.2,7.4,-0.1,0.45,10.5,17000,695.0,705.5,700.25,,0.7
2002-05-01,11,663.4,,,48.609,116.548,0.2,7.4,-0.1,0.45,10.5,17000,695.0,705.5,700.25,,0.7
2002-06-01,11,669.3,,,38.742,93.19,0.2,7.4,-0.1,0.45,10.5,17000,695.0,705.5,700.25,,0.7
2002-07-01,11,,,,42.356,101.333,0.2,7.4,-0.1,0.45,10.5,17000,695.0,705.5,700.25,,0.7
2002-08-01,11,663.3,,,44.816,15.31,0.2,7.4,-0.1,0.45,10.5,17000,695.0,705.5,700.25,,0.7
2002-09-01,11,,,,48.317,16.5,0.2,7.4,-0.1,0.45,10.5,17000,695.0,705.5,700.25,,0.7
2002-10-01,11,660.8,,,50.078,17.071,0.2,7.4,-0.1,0.45,10.5,17000,695.0,705.5,700.25,,0.7
2002-11-01,11,649.7,,,42.729,14.571,0.2,7.4,-0.1,0.45,10.5,17000,695.0,705.5,700.25,,0.7
2002-12-01,11,654.1,,,50.392,3.548,0.2,7.4,-0.1,0.45,10.5,17000,695.0,705.5,700.25,,0.7
2003-01-01,11,654.1,,,55.688,3.929,0.2,7.4,-0.1,0.45,10.5,17000,695.0,705.5,700.25,,0.7
2003-02-01,11,648.6,,,40.492,2.857,0.2,7.4,-0.1,0.45,10.5,17000,695.0,705.5,700.25,,0.7
2003-03-01,11,648.8,,,50.372,3.548,0.2,7.4,-0.1,0.45,10.5,17000,695.0,705.5,700.25,,0.7
2003-04-01,11,648.5,,,39.274,2.762,0.2,7.4,-0.1,0.45,10.5,17000,695.0,705.5,700.25,,0.7
2003-05-01,11,643.4,,,36.295,2.571,0.2,7.4,-0.1,0.45,10.5,17000,695.0,705.5,700.25,,0.7
2003-06-01,11,645.6,,,46.684,3.31,0.2,7.4,-0.1,0.45,10.5,17000,695.0,705.5,700.25,,0.7
2003-07-01,11,,,,60.551,4.286,0.2,7.4,-0.1,0.45,10.5,17000,695.0,705.5,700.25,,0.7
2003-08-01,11,660.6,,,40.847,2.881,0.2,7.4,-0.1,0.45,10.5,17000,695.0,705.5,700.25,,0.7
2003-09-01,11,,,,42.708,3.024,0.2,7.4,-0.1,0.45,10.5,17000,695.0,705.5,700.25,,0.7
2003-10-01,11,,,,40.042,2.833,0.2,7.4,-0.1,0.45,10.5,17000,695.0,705.5,700.25,,0.7
2003-11-01,11,,,,31.168,3.381,0.2,7.4,-0.1,0.45,10.5,17000,695.0,705.5,700.25,,0.7
2003-12-01,11,,,,40.89,4.429,0.2,7.4,-0.1,0.45,10.5,17000,695.0,705.5,700.25,,0.7
2004-01-01,11,657.4,,,38.382,21.81,0.2,7.4,-0.1,0.45,10.5,17000,695.0,705.5,700.25,,0.7
2004-02-01,11,656.9,,,34.082,2.405,0.2,7.4,-0.1,0.45,10.5,17000,695.0,705.5,700.25,,0.7
2004-03-01,11,665.8,,,41.734,43.929,0.2,7.4,-0.1,0.45,10.5,17000,695.0,705.5,700.25,,0.7
2004-04-01,11,670.1,,,48.783,51.357,0.2,7.4,-0.1,0.45,10.5,17000,695.0,705.5,700.25,,0.7
2004-05-01,11,659.4,,,36.356,2.905,0.2,7.4,-0.1,0.45,10.5,17000,695.0,705.5,700.25,,0.7
2004-06-01,11,650.1,,,37.49,3.095,0.2,7.4,-0.1,0.45,10.5,17000,695.0,705.5,700.25,,0.7
2004-07-01,11,662.0,,,37.075,1.69,0.2,7.4,-0.1,0.45,10.5,17000,695.0,705.5,700.25,,0.7
2004-08-01,11,658.8,,,33.714,2.214,0.2,7.4,-0.1,0.45,10.5,17000,695.0,705.5,700.25,,0.7
2004-09-01,11,656.8,,,37.267,6.81,0.2,7.4,-0.1,0.45,10.5,17000,695.0,705.5,700.25,,0.7
2004-10-01,11,651.3,,,50.475,91.81,0.2,7.4,-0.1,0.45,10.5,17000,695.0,705.5,700.25,,0.7
2004-11-01,11,653.4,,,72.691,169.452,0.2,7.4,-0.1,0.45,10.5,17000,695.0,705.5,700.25,,0.7
2004-12-01,11,653.8,,,35.8,3.595,0.2,7.4,-0.1,0.45,10.5,17000,695.0,705.5,700.25,,0.7
2005-01-01,11,657.7,,,36.949,3.667,0.2,7.4,-0.1,0.45,10.5,17000,695.0,705.5,700.25,,0.7
2005-02-01,11,651.1,,,34.212,4.286,0.2,7.4,-0.1,0.45,10.5,17000,695.0,705.5,700.25,,0.7
2005-03-01,11,675.6,,,46.136,29.024,0.2,7.4,-0.1,0.45,10.5,17000,695.0,705.5,700.25,,0.7
2005-04-01,11,660.1,,,52.313,33.0,0.2,7.4,-0.1,0.45,10.5,17000,695.0,705.5,700.25,,0.7
2005-05-01,11,624.7,,,87.3,334.071,0.2,7.4,-0.1,0.45,10.5,17000,695.0,705.5,700.25,,0.7
2005-06-01,11,614.2,,,80.686,270.024,0.2,7.4,-0.1,0.45,10.5,17000,695.0,705.5,700.25,,0.7
2005-07-01,11,611.4,,,84.446,298.5,0.2,7.4,-0.1,0.45,10.5,17000,695.0,705.5,700.25,,0.7
2005-08-01,11,615.7,,,87.22,320.357,0.2,7.4,-0.1,0.45,10.5,17000,695.0,705.5,700.25,,0.7
2005-09-01,11,614.0,,,62.418,225.333,0.2,7.4,-0.1,0.45,10.5,17000,695.0,705.5,700.25,,0.7
2005-10-01,11,619.5,,,65.965,205.524,0.2,7.4,-0.1,0.45,10.5,17000,695.0,705.5,700.25,,0.7
2005-11-01,11,615.8,,,74.37,311.857,0.2,7.4,-0.1,0.45,10.5,17000,695.0,705.5,700.25,,0.7
2005-12-01,11,611.8,,,80.23,395.881,0.2,7.4,-0.1,0.45,10.5,17000,695.0,705.5,700.25,,0.7
2006-01-01,11,628.0,,,90.386,452.071,0.2,7.4,-0.1,0.45,10.5,17000,695.0,705.5,700.25,843.0,0.7
2006-02-01,11,603.8,,,60.359,275.452,0.2,7.4,-0.1,0.45,10.5,17000,695.0,705.5,700.25,,0.7
2006-03-01,11,605.5,,,54.666,244.952,0.2,7.4,-0.1,0.45,10.5,17000,695.0,705.5,700.25,,0.7
2006-04-01,11,628.9,,,75.227,333.952,0.2,7.4,-0.1,0.45,10.5,17000,695.0,705.5,700.25,,0.7
2006-05-01,11,602.6,,,80.474,357.905,0.2,7.4,-0.1,0.45,10.5,17000,695.0,705.5,700.25,,0.7
2006-06-01,11,600.2,,,82.334,371.738,0.2,7.4,-0.1,0.45,10.5,17000,695.0,705.5,700.25,,0.7
2006-07-01,11,599.6,,,83.213,373.667,0.2,7.4,-0.1,0.45,10.5,17000,695.0,705.5,700.25,,0.7
2006-08-01,11,595.4,,,92.43,452.571,0.2,7.4,-0.1,0.45,10.5,17000,695.0,705.5,700.25,,0.7
2006-09-01,11,602.2,,,64.128,279.024,0.2,7.4,-0.1,0.45,10.5,17000,695.0,705.5,700.25,,0.7
2006-10-01,11,593.6,,,87.566,358.381,0.2,7.4,-0.1,0.45,10.5,17000,695.0,705.5,700.25,,0.7
2006-11-01,11,594.7,,,83.499,334.452,0.2,7.4,-0.1,0.45,10.5,17000,695.0,705.5,700.25,,0.7
2006-12-01,11,590.4,,,91.419,366.286,0.2,7.4,-0.1,0.45,10.5,17000,695.0,705.5,700.25,,0.7
2007-01-01,11,585.8,,,51.621,188.667,0.2,7.4,-0.1,0.45,10.5,17000,695.0,705.5,700.25,,0.7
2007-02-01,11,626.6,,,44.963,60.786,0.2,7.4,-0.1,0.45,10.5,17000,695.0,705.5,700.25,,0.7
2007-03-01,11,611.2,,,39.672,31.5,0.2,7.4,-0.1,0.45,10.5,17000,695.0,705.5,700.25,,0.7
2007-04-01,11,615.9,,,30.879,1.286,0.2,7.4,-0.1,0.45,10.5,17000,695.0,705.5,700.25,,0.7
2007-05-01,11,607.1,,,32.808,1.452,0.2,7.4,-0.1,0.45,10.5,17000,695.0,705.5,700.25,,0.7
2007-06-01,11,616.3,,,30.918,0.69,0.2,7.4,-0.1,0.45,10.5,17000,695.0,705.5,700.25,,0.7
2007-07-01,11,603.7,,,37.388,36.619,0.2,7.4,-0.1,0.45,10.5,17000,695.0,705.5,700.25,,0.7
2007-08-01,11,612.9,,,40.546,35.667,0.2,7.4,-0.1,0.45,10.5,17000,695.0,705.5,700.25,,0.7
2007-09-01,11,635.4,,,35.253,27.929,0.2,7.4,-0.1,0.45,10.5,17000,695.0,705.5,700.25,,0.7
2007-10-01,11,606.5,,,31.227,3.286,0.2,7.4,-0.1,0.45,10.5,17000,695.0,705.5,700.25,,0.7
2007-11-01,11,569.6,,,39.793,5.762,0.2,7.4,-0.1,0.45,10.5,17000,695.0,705.5,700.25,,0.7
2007-12-01,11,599.9,,,45.784,6.619,0.2,7.4,-0.1,0.45,10.5,17000,695.0,705.5,700.25,,0.7
2008-01-01,11,605.1,,,55.11,97.976,0.2,7.4,-0.1,0.45,10.5,17000,695.0,705.5,700.25,,0.7
2008-02-01,11,618.2,,,47.135,50.31,0.2,7.4,-0.1,0.45,10.5,17000,695.0,705.5,700.25,,0.7
2008-03-01,11,620.0,,,39.997,43.595,0.2,7.4,-0.1,0.45,10.5,17000,695.0,705.5,700.25,,0.7
2008-04-01,11,598.8,,,35.207,21.357,0.2,7.4,-0.1,0.45,10.5,17000,695.0,705.5,700.25,,0.7
2008-05-01,11,595.2,,,40.555,37.619,0.2,7.4,-0.1,0.45,10.5,17000,695.0,705.5,700.25,,0.7
2008-06-01,11,597.4,,,44.5,34.31,0.2,7.4,-0.1,0.45,10.5,17000,695.0,705.5,700.25,,0.7
2008-07-01,11,608.1,,,49.938,37.976,0.2,7.4,-0.1,0.45,10.5,17000,695.0,705.5,700.25,,0.7
2008-08-01,11,602.3,,,45.215,50.524,0.2,7.4,-0.1,0.45,10.5,17000,695.0,705.5,700.25,,0.7
2008-09-01,11,617.8,,,43.895,54.667,0.2,7.4,-0.1,0.45,10.5,17000,695.0,705.5,700.25,,0.7
2008-10-01,11,690.3,,,54.588,68.0,0.2,7.4,-0.1,0.45,10.5,17000,695.0,705.5,700.25,,0.7
2008-11-01,11,613.3,,,54.236,91.429,0.2,7.4,-0.1,0.45,10.5,17000,695.0,705.5,700.25,,0.7
2008-12-01,11,607.7,,,39.478,58.286,0.2,7.4,-0.1,0.45,10.5,17000,695.0,705.5,700.25,,0.7
2009-01-01,11,609.6,,,41.959,61.952,0.2,7.4,-0.1,0.45,10.5,17000,695.0,705.5,700.25,,0.7
2009-02-01,11,581.3,,,28.778,9.738,0.2,7.4,-0.1,0.45,10.5,17000,695.0,705.5,700.25,,0.7
2009-03-01,11,577.3,,,40.169,59.31,0.2,7.4,-0.1,0.45,10.5,17000,695.0,705.5,700.25,,0.7
2009-04-01,11,614.3,,,42.942,87.095,0.2,7.4,-0.1,0.45,10.5,17000,695.0,705.5,700.25,,0.7
2009-05-01,11,598.6,,,39.063,7.714,0.2,7.4,-0.1,0.45,10.5,17000,695.0,705.5,700.25,,0.7
2009-06-01,11,575.5,,,57.499,11.357,0.2,7.4,-0.1,0.45,10.5,17000,695.0,705.5,700.25,,0.7
2009-07-01,11,577.3,,,48.795,9.238,0.2,7.4,-0.1,0.45,10.5,17000,695.0,705.5,700.25,,0.7
2009-08-01,11,573.7,,,46.375,8.786,0.2,7.4,-0.1,0.45,10.5,17000,695.0,705.5,700.25,,0.7
2009-09-01,11,582.2,,,46.609,8.833,0.2,7.4,-0.1,0.45,10.5,17000,695.0,705.5,700.25,,0.7
2009-10-01,11,592.5,,,42.262,8.571,0.2,7.4,-0.1,0.45,10.5,17000,695.0,705.5,700.25,,0.7
2009-11-01,11,563.2,,,46.192,102.119,0.2,7.4,-0.1,0.45,10.5,17000,695.0,705.5,700.25,,0.7
2009-12-01,11,557.9,,,47.212,93.595,0.2,7.4,-0.1,0.45,10.5,17000,695.0,705.5,700.25,,0.7
2010-01-01,11,553.5,,,46.881,92.929,0.2,7.4,-0.1,0.45,10.5,17000,695.0,705.5,700.25,802.0,0.7
2010-02-01,11,555.2,,,46.719,141.429,0.2,7.4,-0.1,0.45,10.5,17000,695.0,705.5,700.25,,0.7
2010-03-01,11,564.8,,,59.466,176.238,0.2,7.4,-0.1,0.45,10.5,17000,695.0,705.5,700.25,,0.7
2010-04-01,11,552.3,,,47.644,56.905,0.2,7.4,-0.1,0.45,10.5,17000,695.0,705.5,700.25,,0.7
2010-05-01,11,553.2,,,75.021,324.952,0.2,7.4,-0.1,0.45,10.5,17000,695.0,705.5,700.25,,0.7
2010-06-01,11,543.5,,,56.038,161.262,0.2,7.4,-0.1,0.45,10.5,17000,695.0,705.5,700.25,,0.7
2010-07-01,11,539.1,,,60.342,191.905,0.2,7.4,-0.1,0.45,10.5,17000,695.0,705.5,700.25,,0.7
2010-08-01,11,538.8,,,84.456,616.643,0.2,7.4,-0.1,0.45,10.5,17000,695.0,705.5,700.25,,0.7
2010-09-01,11,530.8,,,55.482,269.405,0.2,7.4,-0.1,0.45,10.5,17000,695.0,705.5,700.25,,0.7
2010-10-01,11,537.3,,,69.378,307.048,0.2,7.4,-0.1,0.45,10.5,17000,695.0,705.5,700.25,,0.7
2010-11-01,11,520.9,,,74.79,242.357,0.2,7.4,-0.1,0.45,10.5,17000,695.0,705.5,700.25,,0.7
2010-12-01,11,531.5,,,52.696,182.905,0.2,7.4,-0.1,0.45,10.5,17000,695.0,705.5,700.25,,0.7
2011-01-01,11,533.7,,,60.401,229.786,0.2,7.4,-0.1,0.45,10.5,17000,695.0,705.5,700.25,779.0,0.7
2011-02-01,11,526.4,,,37.056,41.738,0.2,7.4,-0.1,0.45,10.5,17000,695.0,705.5,700.25,,0.7
2011-03-01,11,532.1,,,41.981,44.833,0.2,7.4,-0.1,0.45,10.5,17000,695.0,705.5,700.25,,0.7
2011-04-01,11,521.2,,,47.464,89.81,0.2,7.4,-0.1,0.45,10.5,17000,695.0,705.5,700.25,,0.7
2011-05-01,11,519.5,,,69.282,147.476,0.2,7.4,-0.1,0.45,10.5,17000,695.0,705.5,700.25,,0.7
2011-06-01,11,531.3,,,73.424,250.238,0.2,7.4,-0.1,0.45,10.5,17000,695.0,705.5,700.25,,0.7
2011-07-01,11,518.5,,,85.974,414.548,0.2,7.4,-0.1,0.45,10.5,17000,695.0,705.5,700.25,,0.7
2011-08-01,11,509.3,,,59.008,302.929,0.2,7.4,-0.1,0.45,10.5,17000,695.0,705.5,700.25,,0.7
2011-09-01,11,521.5,,,65.885,382.929,0.2,7.4,-0.1,0.45,10.5,17000,695.0,705.5,700.25,,0.7
2011-10-01,11,513.5,,,31.951,4.738,0.2,7.4,-0.1,0.45,10.5,17000,695.0,705.5,700.25,,0.7
2011-11-01,11,523.7,,,46.729,54.643,0.2,7.4,-0.1,0.45,10.5,17000,695.0,705.5,700.25,,0.7
2011-12-01,11,523.1,,,39.898,46.643,0.2,7.4,-0.1,0.45,10.5,17000,695.0,705.5,700.25,,0.7
2012-01-01,11,517.2,,,84.288,445.952,0.2,7.4,-0.1,0.45,10.5,17000,695.0,705.5,700.25,762.0,0.7
2012-02-01,11,512.4,,,57.308,295.929,0.2,7.4,-0.1,0.45,10.5,17000,695.0,705.5,700.25,,0.7
2012-03-01,11,51.3,,,70.016,307.524,0.2,7.4,-0.1,0.45,10.5,17000,695.0,705.5,700.25,,0.7
2012-04-01,11,508.5,,,95.908,582.119,0.2,7.4,-0.1,0.45,10.5,17000,695.0,705.5,700.25,,0.7
2012-05-01,11,511.2,,,68.497,418.19,0.2,7.4,-0.1,0.45,10.5,17000,695.0,705.5,700.25,,0.7
2012-06-01,11,495.2,,,45.951,262.595,0.2,7.4,-0.1,0.45,10.5,17000,695.0,705.5,700.25,,0.7
2012-07-01,11,491.3,,,55.308,345.929,0.2,7.4,-0.1,0.45,10.5,17000,695.0,705.5,700.25,,0.7
2012-08-01,11,507.5,,,58.134,256.214,0.2,7.4,-0.1,0.45,10.5,17000,695.0,705.5,700.25,,0.7
2012-09-01,11,508.8,,,31.466,76.238,0.2,7.4,-0.1,0.45,10.5,17000,695.0,705.5,700.25,,0.7
2012-10-01,11,487.2,,,48.331,126.19,0.2,7.4,-0.1,0.45,10.5,17000,695.0,705.5,700.25,,0.7
2012-11-01,11,502.3,,,67.832,382.31,0.2,7.4,-0.1,0.45,10.5,17000,695.0,705.5,700.25,,0.7
2012-12-01,11,501.8,,,33.678,107.619,0.2,7.4,-0.1,0.45,10.5,17000,695.0,705.5,700.25,,0.7
2013-01-01,11,497.9,,,37.953,76.429,0.2,7.4,-0.1,0.45,10.5,17000,695.0,705.5,700.25,,0.7
2013-02-01,11,503.9,,,27.99,5.738,0.2,7.4,-0.1,0.45,10.5,17000,695.0,705.5,700.25,,0.7
2013-03-01,11,505.3,,,50.444,10.357,0.2,7.4,-0.1,0.45,10.5,17000,695.0,705.5,700.25,,0.7
2013-04-01,11,506.6,,,56.142,12.762,0.2,7.4,-0.1,0.45,10.5,17000,695.0,705.5,700.25,,0.7
2013-05-01,11,495.5,,,55.642,12.643,0.2,7.4,-0.1,0.45,10.5,17000,695.0,705.5,700.25,,0.7
2013-06-01,11,496.3,,,58.067,13.19,0.2,7.4,-0.1,0.45,10.5,17000,695.0,705.5,700.25,,0.7
2013-07-01,11,485.0,,,47.54,10.81,0.2,7.4,-0.1,0.45,10.5,17000,695.0,705.5,700.25,,0.7
2013-08-01,11,496.9,,,45.91,10.429,0.2,7.4,-0.1,0.45,10.5,17000,695.0,705.5,700.25,,0.7
2013-09-01,11,489.5,,,63.972,14.5,0.2,7.4,-0.1,0.45,10.5,17000,695.0,705.5,700.25,,0.7
2013-10-01,11,475.7,,,40.327,9.143,0.2,7.4,-0.1,0.45,10.5,17000,695.0,705.5,700.25,,0.7
2013-11-01,11,475.6,,,79.731,18.119,0.2,7.4,-0.1,0.45,10.5,17000,695.0,705.5,700.25,,0.7
2013-12-01,11,470.5,,,64.514,18.286,0.2,7.4,-0.1,0.45,10.5,17000,695.0,705.5,700.25,,0.7
2014-01-01,11,483.2,,,67.615,19.19,0.2,7.4,-0.1,0.45,10.5,17000,695.0,705.5,700.25,,0.7
2014-02-01,11,483.5,,,30.386,8.619,0.2,7.4,-0.1,0.45,10.5,17000,695.0,705.5,700.25,,0.7
2014-03-01,11,474.3,,,31.681,8.976,0.2,7.4,-0.1,0.45,10.5,17000,695.0,705.5,700.25,,0.7
2014-04-01,11,513.5,,,42.133,11.952,0.2,7.4,-0.1,0.45,10.5,17000,695.0,705.5,700.25,,0.7
2014-05-01,11,492.4,,,43.264,12.262,0.2,7.4,-0.1,0.45,10.5,17000,695.0,705.5,700.25,,0.7
2014-06-01,11,500.1,,,41.215,16.762,0.2,7.4,-0.1,0.45,10.5,17000,695.0,705.5,700.25,,0.7
2014-07-01,11,461.5,,,32.82,1.119,0.2,7.4,-0.1,0.45,10.5,17000,695.0,705.5,700.25,,0.7
2014-08-01,11,482.1,,,66.858,2.286,0.2,7.4,-0.1,0.45,10.5,17000,695.0,705.5,700.25,,0.7
2014-09-01,11,478.9,,,78.607,8.452,0.2,7.4,-0.1,0.45,10.5,17000,695.0,705.5,700.25,,0.7
2014-10-01,11,457.6,,,109.25,258.19,0.2,7.4,-0.1,0.45,10.5,17000,695.0,705.5,700.25,,0.7
2014-11-01,11,464.0,,,69.099,163.31,0.2,7.4,-0.1,0.45,10.5,17000,695.0,705.5,700.25,,0.7
2014-12-01,11,460.9,,,100.186,236.762,0.2,7.4,-0.1,0.45,10.5,17000,695.0,705.5,700.25,,0.7
2015-01-01,11,459.0,,,93.314,220.524,0.2,7.4,-0.1,0.45,10.5,17000,695.0,705.5,700.25,,0.7
2015-02-01,11,454.5,,,81.12,191.69,0.2,7.4,-0.1,0.45,10.5,17000,695.0,705.5,700.25,,0.7
2015-03-01,11,439.9,,,65.3,154.31,0.2,7.4,-0.1,0.45,10.5,17000,695.0,705.5,700.25,,0.7
2015-04-01,11,456.5,,,86.572,204.595,0.2,7.4,-0.1,0.45,10.5,17000,695.0,705.5,700.25,,0.7
2015-05-01,11,449.9,,,60.276,142.429,0.2,7.4,-0.1,0.45,10.5,17000,695.0,705.5,700.25,,0.7
2015-06-01,11,446.4,,,103.179,243.857,0.2,7.4,-0.1,0.45,10.5,17000,695.0,705.5,700.25,,0.7
2015-07-01,11,444.5,,,65.744,155.357,0.2,7.4,-0.1,0.45,10.5,17000,695.0,705.5,700.25,,0.7
2015-08-01,11,439.7,48.0,31.0,93.476,222.143,0.2,7.4,-0.1,0.45,10.5,17000,695.0,705.5,700.25,,0.7
2015-09-01,11,429.7,48.0,30.0,44.192,104.048,0.2,7.4,-0.1,0.45,10.5,17000,695.0,705.5,700.25,,0.7
2015-10-01,11,464.9,48.0,31.0,56.577,133.167,0.2,7.4,-0.1,0.45,10.5,17000,695.0,705.5,700.25,,0.7
2015-11-01,11,530.0,48.0,30.0,46.731,110.024,0.2,7.4,-0.1,0.45,10.5,17000,695.0,705.5,700.25,,0.7
2015-12-01,11,429.4,48.0,31.0,108.67,256.595,0.2,7.4,-0.1,0.45,10.5,17000,695.0,705.5,700.25,,0.7
2016-01-01,11,421.6,48.0,31.0,94.528,223.262,0.2,7.4,-0.1,0.45,10.5,17000,695.0,705.5,700.25,,0.7
2016-02-01,11,420.9,48.0,29.0,100.424,237.143,0.2,7.4,-0.1,0.45,10.5,17000,695.0,705.5,700.25,,0.7
2016-03-01,11,421.8,48.0,24.0,84.711,200.048,0.2,7.4,-0.1,0.45,10.5,17000,695.0,705.5,700.25,,0.7
2016-04-01,11,418.5,48.0,30.0,101.709,240.31,0.2,7.4,-0.1,0.45,10.5,17000,695.0,705.5,700.25,,0.7
2016-05-01,11,413.8,48.0,31.0,78.62,185.738,0.2,7.4,-0.1,0.45,10.5,17000,695.0,705.5,700.25,,0.7
2016-06-01,11,406.7,48.0,30.0,103.067,243.476,0.2,7.4,-0.1,0.45,10.5,17000,695.0,705.5,700.25,,0.7
2016-07-01,11,368.0,48.0,31.0,79.739,188.405,0.2,7.4,-0.1,0.45,10.5,17000,695.0,705.5,700.25,,0.7
2016-08-01,11,401.1,48.0,31.0,113.703,268.667,0.2,7.4,-0.1,0.45,10.5,17000,695.0,705.5,700.25,,0.7
2016-09-01,11,397.4,48.0,30.0,107.73,254.548,0.2,7.4,-0.1,0.45,10.5,17000,695.0,705.5,700.25,,0.7
2016-10-01,11,399.3,48.0,31.0,61.477,145.214,0.2,7.4,-0.1,0.45,10.5,17000,695.0,705.5,700.25,,0.7
2016-11-01,11,394.2,48.0,30.0,112.728,266.333,0.2,7.4,-0.1,0.45,10.5,17000,695.0,705.5,700.25,,0.7
2016-12-01,11,384.8,48.0,31.0,85.739,202.524,0.2,7.4,-0.1,0.45,10.5,17000,695.0,705.5,700.25,,0.7
2017-01-01,11,383.2,48.0,31.0,105.128,248.357,0.2,7.4,-0.1,0.45,10.5,17000,695.0,705.5,700.25,,0.7
2017-02-01,11,359.9,48.0,28.0,58.987,139.357,0.2,7.4,-0.1,0.45,10.5,17000,695.0,705.5,700.25,,0.7
2017-03-01,11,372.9,48.0,31.0,117.731,278.048,0.2,7.4,-0.1,0.45,10.5,17000,695.0,705.5,700.25,,0.7
2017-04-01,11,418.9,48.0,30.0,53.3,125.905,0.2,7.4,-0.1,0.45,10.5,17000,695.0,705.5,700.25,,0.7
2017-05-01,11,375.6,48.0,31.0,121.718,287.548,0.2,7.4,-0.1,0.45,10.5,17000,695.0,705.5,700.25,,0.7
2017-06-01,11,363.4,48.0,30.0,118.09,279.0,0.2,7.4,-0.1,0.45,10.5,17000,695.0,705.5,700.25,,0.7
2017-07-01,11,368.0,48.0,31.0,118.623,280.19,0.2,7.4,-0.1,0.45,10.5,17000,695.0,705.5,700.25,,0.7
2017-08-01,11,361.9,48.0,31.0,120.237,1339.619,0.2,7.4,-0.1,0.45,10.5,17000,695.0,705.5,700.25,,0.7
2017-09-01,11,371.0,48.0,30.0,110.413,1367.357,0.2,7.4,-0.1,0.45,10.5,17000,695.0,705.5,700.25,,0.7
2017-10-01,11,376.7,48.0,31.0,62.469,773.643,0.2,7.4,-0.1,0.45,10.5,17000,695.0,705.5,700.25,,0.7
2017-11-01,11,395.1,48.0,30.0,99.11,1227.191,0.2,7.4,-0.1,0.45,10.5,17000,695.0,705.5,700.25,,0.7
2017-12-01,11,338.0,48.0,29.0,114.352,1416.024,0.2,7.4,-0.1,0.45,10.5,17000,695.0,705.5,700.25,,0.7
2018-01-01,11,349.0,48.0,27.0,108.385,1342.167,0.2,7.4,-0.1,0.45,10.5,17000,695.0,705.5,700.25,,0.7
2018-02-01,11,372.3,48.0,28.0,107.12,1326.524,0.2,7.4,-0.1,0.45,10.5,17000,695.0,705.5,700.25,,0.7
2018-03-01,11,339.3,48.0,31.0,118.081,1462.143,0.2,7.4,-0.1,0.45,10.5,17000,695.0,705.5,700.25,,0.7
2018-04-01,11,320.5,48.0,30.0,115.942,1364.31,0.2,7.4,-0.1,0.45,10.5,17000,695.0,705.5,700.25,,0.7
2018-05-01,11,324.5,48.0,23.0,76.49,1261.762,0.2,7.4,-0.1,0.45,10.5,17000,695.0,705.5,700.25,,0.7
2018-06-01,11,331.2,48.0,30.0,121.696,1974.833,0.2,7.4,-0.1,0.45,10.5,17000,695.0,705.5,700.25,,0.7
2018-07-01,11,341.6,48.0,31.0,119.406,1937.643,0.2,7.4,-0.1,0.45,10.5,17000,695.0,705.5,700.25,,0.7
2018-08-01,11,312.5,48.0,31.0,125.487,1964.381,0.2,7.4,-0.1,0.45,10.5,17000,695.0,705.5,700.25,,0.7
2018-09-01,11,307.2,48.0,30.0,120.631,1648.976,0.2,7.4,-0.1,0.45,10.5,17000,695.0,705.5,700.25,,0.7
2018-10-01,11,308.1,48.0,31.0,122.746,1519.952,0.2,7.4,-0.1,0.45,10.5,17000,695.0,705.5,700.25,,0.7
2018-11-01,11,304.0,48.0,30.0,115.0,1421.214,0.2,7.4,-0.1,0.45,10.5,17000,695.0,705.5,700.25,,0.7
2018-12-01,11,358.7,48.0,31.0,118.868,1471.905,0.2,7.4,-0.1,0.45,10.5,17000,695.0,705.5,700.25,,0.7
2019-01-01,11,372.8,48.0,31.0,100.339,1242.5,0.2,7.4,-0.1,0.45,10.5,17000,695.0,705.5,700.25,,0.7
2019-02-01,11,325.7,48.0,28.0,97.649,1209.452,0.2,7.4,-0.1,0.45,10.5,17000,695.0,705.5,700.25,,0.7
2019-03-01,11,349.7,48.0,31.0,107.322,1329.119,0.2,7.4,-0.1,0.45,10.5,17000,695.0,705.5,700.25,,0.7
2019-04-01,11,331.0,48.0,30.0,101.108,1252.191,0.2,7.4,-0.1,0.45,10.5,17000,695.0,705.5,700.25,,0.7
2019-05-01,11,,48.0,31.0,112.526,1393.643,0.2,7.4,-0.1,0.45,10.5,17000,695.0,705.5,700.25,,0.7
2019-06-01,11,321.4,48.0,30.0,114.003,1385.095,0.2,7.4,-0.1,0.45,10.5,17000,695.0,705.5,700.25,,0.7
2019-07-01,11,337.5,48.0,31.0,105.081,1263.857,0.2,7.4,-0.1,0.45,10.5,17000,695.0,705.5,700.25,,0.7
2019-08-01,11,328.7,48.0,31.0,112.356,1383.905,0.2,7.4,-0.1,0.45,10.5,17000,695.0,705.5,700.25,,0.7
2019-09-01,11,305.5,48.0,30.0,102.005,1263.119,0.2,7.4,-0.1,0.45,10.5,17000,695.0,705.5,700.25,,0.7
2019-10-01,11,326.3,48.0,31.0,81.673,1011.31,0.2,7.4,-0.1,0.45,10.5,17000,695.0,705.5,700.25,,0.7
2019-11-01,11,355.0,48.0,30.0,76.143,943.0,0.2,7.4,-0.1,0.45,10.5,17000,695.0,705.5,700.25,,0.7
2019-12-01,11,326.4,48.0,31.0,90.201,1130.857,0.2,7.4,-0.1,0.45,10.5,17000,695.0,705.5,700.25,,0.7
2020-01-01,11,300.2,48.0,31.0,115.998,1480.429,0.2,7.4,-0.1,0.45,10.5,17000,695.0,705.5,700.25,,0.7
2020-02-01,11,300.2,48.0,25.0,86.018,1097.762,0.2,7.4,-0.1,0.45,10.5,17000,695.0,705.5,700.25,,0.7
2020-03-01,11,300.2,48.0,31.0,98.26,1216.786,0.2,7.4,-0.1,0.45,10.5,17000,695.0,705.5,700.25,,0.7
2020-06-01,11,,48.0,30.0,98.123,1214.905,0.2,7.4,-0.1,0.45,10.5,17000,695.0,705.5,700.25,,0.7
2020-07-01,11,285.5,48.0,31.0,113.876,1410.095,0.2,7.4,-0.1,0.45,10.5,17000,695.0,705.5,700.25,,0.7
2020-08-01,11,286.4,48.0,31.0,110.687,1370.595,0.2,7.4,-0.1,0.45,10.5,17000,695.0,705.5,700.25,,0.7
2020-09-01,11,316.4,48.0,30.0,106.907,1324.024,0.2,7.4,-0.1,0.45,10.5,17000,695.0,705.5,700.25,,0.7
2020-10-01,11,287.6,48.0,31.0,107.795,1334.976,0.2,7.4,-0.1,0.45,10.5,17000,695.0,705.5,700.25,,0.7
2020-11-01,11,313.0,48.0,30.0,72.809,901.571,0.2,7.4,-0.1,0.45,10.5,17000,695.0,705.5,700.25,,0.7
2020-12-01,11,264.1,48.0,31.0,109.145,1351.738,0.2,7.4,-0.1,0.45,10.5,17000,695.0,705.5,700.25,,0.7
2021-01-01,11,297.5,48.0,31.0,110.929,1373.667,0.2,7.4,-0.1,0.45,10.5,17000,695.0,705.5,700.25,,0.7
2021-02-01,11,332.0,48.0,28.0,83.742,1036.786,0.2,7.4,-0.1,0.45,10.5,17000,695.0,705.5,700.25,,0.7
2021-03-01,11,331.8,48.0,31.0,66.874,828.119,0.2,7.4,-0.1,0.45,10.5,17000,695.0,705.5,700.25,,0.7
2021-04-01,11,296.8,48.0,30.0,87.303,1081.119,0.2,7.4,-0.1,0.45,10.5,17000,695.0,705.5,700.25,,0.7
2021-05-01,11,282.8,48.0,31.0,104.964,1299.738,0.2,7.4,-0.1,0.45,10.5,17000,695.0,705.5,700.25,,0.7
2021-06-01,11,282.8,48.0,30.0,97.081,1228.81,0.2,7.4,-0.1,0.45,10.5,17000,695.0,705.5,700.25,,0.7
2021-07-01,11,281.5,48.0,31.0,102.398,1249.976,0.2,7.4,-0.1,0.45,10.5,17000,695.0,705.5,700.25,,0.7
2021-08-01,11,278.5,48.0,31.0,105.064,1743.024,0.2,7.4,-0.1,0.45,10.5,17000,695.0,705.5,700.25,,0.7
2021-09-01,11,518.7,48.0,16.0,52.669,873.881,0.2,7.4,-0.1,0.45,10.5,17000,695.0,705.5,700.25,,0.7
2021-10-01,11,270.4,48.0,31.0,107.042,1775.929,0.2,7.4,-0.1,0.45,10.5,17000,695.0,705.5,700.25,,0.7
2021-11-01,11,297.7,48.0,30.0,96.526,1594.429,0.2,7.4,-0.1,0.45,10.5,17000,695.0,705.5,700.25,,0.7
2021-12-01,11,264.5,48.0,30.0,103.633,1718.952,0.2,7.4,-0.1,0.45,10.5,17000,695.0,705.5,700.25,,0.7
2022-01-01,11,265.3,48.0,31.0,103.011,1620.548,0.2,7.4,-0.1,0.45,10.5,17000,695.0,705.5,700.25,,0.7
2022-02-01,11,274.5,48.0,28.0,90.842,1507.286,0.2,7.4,-0.1,0.45,10.5,17000,695.0,705.5,700.25,,0.7
2022-03-01,11,272.0,48.0,31.0,103.187,1729.191,0.2,7.4,-0.1,0.45,10.5,17000,695.0,705.5,700.25,,0.7
2022-04-01,11,254.0,48.0,30.0,101.085,1676.881,0.2,7.4,-0.1,0.45,10.5,17000,695.0,705.5,700.25,,0.7
2022-05-01,11,245.0,48.0,31.0,103.504,1716.691,0.2,7.4,-0.1,0.45,10.5,17000,695.0,705.5,700.25,,0.7
2022-06-01,11,250.6,48.0,28.0,93.671,1553.833,0.2,7.4,-0.1,0.45,10.5,17000,695.0,705.5,700.25,,0.7
2022-07-01,11,268.6,48.0,31.0,96.478,1600.595,0.2,7.4,-0.1,0.45,10.5,17000,695.0,705.5,700.25,,0.7
2022-08-01,11,242.3,48.0,31.0,101.368,1681.548,0.2,7.4,-0.1,0.45,10.5,17000,695.0,705.5,700.25,,0.7
2022-09-01,11,243.8,48.0,30.0,98.373,1605.714,0.2,7.4,-0.1,0.45,10.5,17000,695.0,705.5,700.25,,0.7
2022-10-01,11,257.4,48.0,31.0,99.085,1617.643,0.2,7.4,-0.1,0.45,10.5,17000,695.0,705.5,700.25,,0.7
2022-11-01,11,274.4,48.0,30.0,92.969,1517.786,0.2,7.4,-0.1,0.45,10.5,17000,695.0,705.5,700.25,,0.7
2022-12-01,11,250.9,48.0,30.0,99.072,1617.143,0.2,7.4,-0.1,0.45,10.5,17000,695.0,705.5,700.25,,0.7
2023-01-01,11,245.1,48.0,31.0,101.877,1662.714,0.2,7.4,-0.1,0.45,10.5,17000,695.0,705.5,700.25,,0.7
2023-02-01,11,235.4,48.0,24.0,82.503,1346.857,0.2,7.4,-0.1,0.45,10.5,17000,695.0,705.5,700.25,,0.7
2023-03-01,11,248.2,48.0,31.0,98.987,1615.952,0.2,7.4,-0.1,0.45,10.5,17000,695.0,705.5,700.25,,0.7
2023-04-01,11,226.8,,,,,0.2,7.4,-0.1,0.45,10.5,17000,695.0,705.5,700.25,,0.7
2023-05-01,11,239.1,48.0,31.0,97.422,1590.071,0.2,7.4,-0.1,0.45,10.5,17000,695.0,705.5,700.25,,0.7
2023-06-01,11,228.5,48.0,30.0,99.203,1619.167,0.2,7.4,-0.1,0.45,10.5,17000,695.0,705.5,700.25,,0.7
2023-07-01,11,227.5,48.0,31.0,100.468,1639.857,0.2,7.4,-0.1,0.45,10.5,17000,695.0,705.5,700.25,,0.7
2023-08-01,11,230.5,48.0,31.0,98.714,1611.262,0.2,7.4,-0.1,0.45,10.5,17000,695.0,705.5,700.25,,0.7
2023-09-01,11,236.0,48.0,30.0,95.943,1557.262,0.2,7.4,-0.1,0.45,10.5,17000,695.0,705.5,700.25,,0.7
2023-10-01,11,240.8,48.0,31.0,95.533,1558.929,0.2,7.4,-0.1,0.45,10.5,17000,695.0,705.5,700.25,,0.7
2023-11-01,11,243.2,48.0,30.0,92.475,1524.571,0.2,7.4,-0.1,0.45,10.5,17000,695.0,705.5,700.25,,0.7
2023-12-01,11,231.4,48.0,31.0,91.04,1483.095,0.2,7.4,-0.1,0.45,10.5,17000,695.0,705.5,700.25,,0.7
2024-01-01,11,233.6,48.0,31.0,91.109,1484.214,0.2,7.4,-0.1,0.45,10.5,17000,695.0,705.5,700.25,,0.7
2024-02-01,11,231.6,48.0,29.0,86.011,1401.167,0.2,7.4,-0.1,0.45,10.5,17000,695.0,705.5,700.25,,0.7
2024-03-01,11,230.8,48.0,31.0,89.736,1713.952,0.2,7.4,-0.1,0.45,10.5,17000,695.0,705.5,700.25,,0.7
2024-04-01,11,240.1,48.0,30.0,84.991,1623.333,0.2,7.4,-0.1,0.45,10.5,17000,695.0,705.5,700.25,,0.7
2024-05-01,11,252.0,48.0,31.0,80.485,1537.262,0.2,7.4,-0.1,0.45,10.5,17000,695.0,705.5,700.25,,0.7
2024-06-01,11,252.2,48.0,30.0,82.411,1574.048,0.2,7.4,-0.1,0.45,10.5,17000,695.0,705.5,700.25,,0.7
2024-07-01,11,237.2,48.0,31.0,87.79,1676.786,0.2,7.4,-0.1,0.45,10.5,17000,695.0,705.5,700.25,,0.7
2024-08-01,11,246.4,48.0,31.0,87.959,1680.024,0.2,7.4,-0.1,0.45,10.5,17000,695.0,705.5,700.25,,0.7
2024-09-01,11,230.9,48.0,30.0,84.697,1617.714,0.2,7.4,-0.1,0.45,10.5,17000,695.0,705.5,700.25,,0.7
2024-10-01,11,227.0,48.0,31.0,86.756,1657.048,0.2,7.4,-0.1,0.45,10.5,17000,695.0,705.5,700.25,,0.7
2024-11-01,11,241.2,48.0,30.0,83.043,1586.119,0.2,7.4,-0.1,0.45,10.5,17000,695.0,705.5,700.25,,0.7
2024-12-01,11,222.2,48.0,30.0,83.267,1590.405,0.2,7.4,-0.1,0.45,10.5,17000,695.0,705.5,700.25,,0.7
2025-01-01,11,220.8,48.0,31.0,89.039,1700.643,0.2,7.4,-0.1,0.45,10.5,17000,695.0,705.5,700.25,,0.7
2025-02-01,11,225.2,48.0,28.0,78.2,1493.619,0.2,7.4,-0.1,0.45,10.5,17000,695.0,705.5,700.25,,0.7
2025-03-01,11,213.5,48.0,31.0,87.692,1674.929,0.2,7.4,-0.1,0.45,10.5,17000,695.0,705.5,700.25,,0.7
2025-04-01,11,213.0,48.0,30.0,82.982,1584.952,0.2,7.4,-0.1,0.45,10.5,17000,695.0,705.5,700.25,,0.7
2025-05-01,11,216.8,48.0,31.0,85.636,1635.643,0.2,7.4,-0.1,0.45,10.5,17000,695.0,705.5,700.25,,0.7
2025-06-01,11,214.5,48.0,30.0,82.326,1572.429,0.2,7.4,-0.1,0.45,10.5,17000,695.0,705.5,700.25,,0.7
2023-01-01,122H,551.7,60.0,31.0,409.398,63.476,0.22,34.0,,0.46,530.0,13000,1020.0,1550.0,1285.0,,0.77
2023-02-01,122H,552.4,64.0,26.0,279.752,43.381,0.22,34.0,,0.46,530.0,13000,1020.0,1550.0,1285.0,,0.77
2023-03-01,122H,549.0,64.0,31.0,323.717,50.214,0.22,34.0,,0.46,530.0,13000,1020.0,1550.0,1285.0,,0.77
2023-04-01,122H,546.5,64.0,30.0,325.231,50.429,0.22,34.0,,0.46,530.0,13000,1020.0,1550.0,1285.0,,0.77
2023-05-01,122H,541.8,64.0,31.0,318.56,49.405,0.22,34.0,,0.46,530.0,13000,1020.0,1550.0,1285.0,,0.77
2023-06-01,122H,538.0,64.0,30.0,317.662,49.262,0.22,34.0,,0.46,530.0,13000,1020.0,1550.0,1285.0,,0.77
2023-09-01,122H,530.1,60.0,30.0,295.437,45.548,0.22,34.0,,0.46,530.0,13000,1020.0,1550.0,1285.0,,0.77
2023-11-01,122H,525.0,60.0,30.0,294.633,46.143,0.22,34.0,,0.46,530.0,13000,1020.0,1550.0,1285.0,,0.77
2023-12-01,122H,520.4,60.0,31.0,287.948,1849.048,0.22,34.0,,0.46,530.0,13000,1020.0,1550.0,1285.0,,0.77
2024-01-01,122H,482.6,60.0,31.0,270.148,1911.619,0.22,34.0,,0.46,530.0,13000,1020.0,1550.0,1285.0,,0.77
2024-02-01,122H,479.2,60.0,29.0,251.032,2558.976,0.22,34.0,,0.46,530.0,13000,1020.0,1550.0,1285.0,,0.77
2024-03-01,122H,473.8,60.0,31.0,267.803,3402.381,0.22,34.0,,0.46,530.0,13000,1020.0,1550.0,1285.0,,0.77
2024-04-01,122H,468.0,60.0,30.0,255.581,3295.119,0.22,34.0,,0.46,530.0,13000,1020.0,1550.0,1285.0,,0.77
2024-05-01,122H,464.0,60.0,31.0,266.145,4393.286,0.22,34.0,,0.46,530.0,13000,1020.0,1550.0,1285.0,,0.77
2024-06-01,122H,461.8,60.0,23.0,189.549,3128.905,0.22,34.0,,0.46,530.0,13000,1020.0,1550.0,1285.0,,0.77
2024-07-01,122H,453.4,60.0,31.0,257.369,4546.0,0.22,34.0,,0.46,530.0,13000,1020.0,1550.0,1285.0,,0.77
2024-08-01,122H,443.7,60.0,31.0,250.411,5505.476,0.22,34.0,,0.46,530.0,13000,1020.0,1550.0,1285.0,,0.77
2024-09-01,122H,446.8,60.0,30.0,241.934,5593.286,0.22,34.0,,0.46,530.0,13000,1020.0,1550.0,1285.0,,0.77
2024-10-01,122H,446.0,60.0,31.0,249.124,5759.5,0.22,34.0,,0.46,530.0,13000,1020.0,1550.0,1285.0,,0.77
2024-11-01,122H,442.7,60.0,30.0,239.18,5529.619,0.22,34.0,,0.46,530.0,13000,1020.0,1550.0,1285.0,,0.77
2024-12-01,122H,439.4,60.0,31.0,239.178,6349.595,0.22,34.0,,0.46,530.0,13000,1020.0,1550.0,1285.0,,0.77
2025-01-01,122H,430.5,60.0,31.0,232.796,6180.191,0.22,34.0,,0.46,530.0,13000,1020.0,1550.0,1285.0,,0.77
2025-02-01,122H,430.6,60.0,28.0,205.618,5458.667,0.22,34.0,,0.46,530.0,13000,1020.0,1550.0,1285.0,,0.77
2025-03-01,122H,423.0,60.0,31.0,235.397,6249.238,0.22,34.0,,0.46,530.0,13000,1020.0,1550.0,1285.0,,0.77
2025-04-01,122H,420.6,60.0,30.0,222.445,5905.381,0.22,34.0,,0.46,530.0,13000,1020.0,1550.0,1285.0,,0.77
2025-05-01,122H,417.5,60.0,31.0,217.974,5786.691,0.22,34.0,,0.46,530.0,13000,1020.0,1550.0,1285.0,,0.77
2025-06-01,122H,409.2,60.0,30.0,206.538,5483.095,0.22,34.0,,0.46,530.0,13000,1020.0,1550.0,1285.0,,0.77
2023-09-01,123H,449.1,,,,,0.24,22.5,,0.3,802.0,1215,1044.0,1846.0,1445.0,,0.75
2023-11-01,123H,445.2,64.0,30.0,278.25,,0.24,22.5,,0.3,802.0,1215,1044.0,1846.0,1445.0,,0.75
2023-12-01,123H,440.5,64.0,31.0,289.363,,0.24,22.5,,0.3,802.0,1215,1044.0,1846.0,1445.0,,0.75
2024-01-01,123H,436.9,64.0,30.0,300.044,,0.24,22.5,,0.3,802.0,1215,1044.0,1846.0,1445.0,,0.75
2024-02-01,123H,525.3,64.0,1.56,14.098,,0.24,22.5,,0.3,802.0,1215,1044.0,1846.0,1445.0,,0.75
2024-03-01,123H,,,,0.0,,0.24,22.5,,0.3,802.0,1215,1044.0,1846.0,1445.0,,0.75
2024-04-01,123H,534.9,,,0.0,,0.24,22.5,,0.3,802.0,1215,1044.0,1846.0,1445.0,,0.75
2024-05-01,123H,538.6,,23.0,233.223,,0.24,22.5,,0.3,802.0,1215,1044.0,1846.0,1445.0,,0.75
2024-06-01,123H,448.7,64.0,30.0,283.772,,0.24,22.5,,0.3,802.0,1215,1044.0,1846.0,1445.0,,0.75
2024-07-01,123H,,64.0,1.4,13.026,,0.24,22.5,,0.3,802.0,1215,1044.0,1846.0,1445.0,601.0,0.75
2024-08-01,123H,433.7,64.0,16.0,165.01,,0.24,22.5,,0.3,802.0,1215,1044.0,1846.0,1445.0,,0.75
2024-09-01,123H,436.8,66.0,28.0,259.512,,0.24,22.5,,0.3,802.0,1215,1044.0,1846.0,1445.0,,0.75
2024-10-01,123H,428.3,64.0,31.0,252.162,,0.24,22.5,,0.3,802.0,1215,1044.0,1846.0,1445.0,,0.75
2024-11-01,123H,425.7,64.0,30.0,223.936,,0.24,22.5,,0.3,802.0,1215,1044.0,1846.0,1445.0,,0.75
2024-12-01,123H,408.9,64.0,31.0,229.994,,0.24,22.5,,0.3,802.0,1215,1044.0,1846.0,1445.0,,0.75
2025-01-01,123H,401.8,72.0,31.0,214.261,,0.24,22.5,,0.3,802.0,1215,1044.0,1846.0,1445.0,,0.75
2025-02-01,123H,395.6,72.0,28.0,211.352,,0.24,22.5,,0.3,802.0,1215,1044.0,1846.0,1445.0,,0.75
2025-03-01,123H,403.2,110.0,31.0,223.288,,0.24,22.5,,0.3,802.0,1215,1044.0,1846.0,1445.0,,0.75
2025-04-01,123H,390.3,72.0,30.0,225.15,,0.24,22.5,,0.3,802.0,1215,1044.0,1846.0,1445.0,,0.75
2025-05-01,123H,412.4,128.0,31.0,294.683,,0.24,22.5,,0.3,802.0,1215,1044.0,1846.0,1445.0,,0.75
2025-06-01,123H,391.1,128.0,30.0,234.194,,0.24,22.5,,0.3,802.0,1215,1044.0,1846.0,1445.0,,0.75
2023-11-01,124H,,,,,,0.22,34.0,,0.46,475.0,10000,918.0,1393.0,1155.5,,0.76
2023-12-01,124H,621.4,54.0,9.0,95.482,,0.22,34.0,,0.46,475.0,10000,918.0,1393.0,1155.5,,0.76
2024-01-01,124H,603.3,60.0,24.0,232.953,,0.22,34.0,,0.46,475.0,10000,918.0,1393.0,1155.5,,0.76
2024-02-01,124H,586.4,60.0,29.0,256.907,,0.22,34.0,,0.46,475.0,10000,918.0,1393.0,1155.5,,0.76
2024-03-01,124H,549.2,60.0,31.0,254.335,,0.22,34.0,,0.46,475.0,10000,918.0,1393.0,1155.5,,0.76
2024-04-01,124H,506.4,60.0,30.0,221.416,,0.22,34.0,,0.46,475.0,10000,918.0,1393.0,1155.5,,0.76
2024-05-01,124H,500.4,60.0,31.0,223.311,,0.22,34.0,,0.46,475.0,10000,918.0,1393.0,1155.5,,0.76
2024-06-01,124H,599.5,60.0,18.0,145.631,,0.22,34.0,,0.46,475.0,10000,918.0,1393.0,1155.5,,0.76
2024-07-01,124H,523.1,60.0,31.0,241.17,,0.22,34.0,,0.46,475.0,10000,918.0,1393.0,1155.5,655.0,0.76
2024-08-01,124H,,60.0,16.0,117.538,,0.22,34.0,,0.46,475.0,10000,918.0,1393.0,1155.5,,0.76
2024-09-01,124H,,,,,,0.22,34.0,,0.46,475.0,10000,918.0,1393.0,1155.5,,0.76
2024-10-01,124H,553.0,40.0,13.0,142.826,,0.22,34.0,,0.46,475.0,10000,918.0,1393.0,1155.5,,0.76
2024-11-01,124H,522.0,40.0,30.0,307.815,,0.22,34.0,,0.46,475.0,10000,918.0,1393.0,1155.5,,0.76
2024-12-01,124H,487.8,20.0,30.0,330.938,,0.22,34.0,,0.46,475.0,10000,918.0,1393.0,1155.5,,0.76
2025-01-01,124H,431.7,36.0,31.0,455.718,,0.22,34.0,,0.46,475.0,10000,918.0,1393.0,1155.5,,0.76
2025-02-01,124H,421.3,36.0,28.0,407.365,,0.22,34.0,,0.46,475.0,10000,918.0,1393.0,1155.5,,0.76
2025-03-01,124H,390.0,72.0,31.0,475.617,,0.22,34.0,,0.46,475.0,10000,918.0,1393.0,1155.5,,0.76
2025-04-01,124H,384.1,72.0,30.0,443.056,,0.22,34.0,,0.46,475.0,10000,918.0,1393.0,1155.5,,0.76
2025-05-01,124H,363.2,72.0,31.0,437.206,,0.22,34.0,,0.46,475.0,10000,918.0,1393.0,1155.5,,0.76
2025-06-01,124H,354.8,72.0,30.0,403.818,,0.22,34.0,,0.46,475.0,10000,918.0,1393.0,1155.5,,0.76
2024-10-01,125H,494.1,24.0,31.0,268.668,,0.24,22.5,,0.3,758.0,2500,951.0,1709.0,1330.0,,0.75
2024-11-01,125H,476.9,24.0,30.0,226.781,,0.24,22.5,,0.3,758.0,2500,951.0,1709.0,1330.0,,0.75
2024-12-01,125H,465.5,12.0,31.0,246.49,,0.24,22.5,,0.3,758.0,2500,951.0,1709.0,1330.0,,0.75
2025-01-01,125H,460.5,12.0,31.0,333.707,,0.24,22.5,,0.3,758.0,2500,951.0,1709.0,1330.0,,0.75
2025-02-01,125H,410.3,12.0,28.0,291.176,,0.24,22.5,,0.3,758.0,2500,951.0,1709.0,1330.0,,0.75
2025-03-01,125H,404.8,56.0,31.0,309.698,,0.24,22.5,,0.3,758.0,2500,951.0,1709.0,1330.0,,0.75
2025-04-01,125H,389.2,56.0,30.0,315.658,,0.24,22.5,,0.3,758.0,2500,951.0,1709.0,1330.0,,0.75
2025-05-01,125H,408.3,128.0,21.0,214.128,,0.24,22.5,,0.3,758.0,2500,951.0,1709.0,1330.0,560.0,0.75
2025-06-01,125H,385.8,128.0,30.0,311.688,,0.24,22.5,,0.3,758.0,2500,951.0,1709.0,1330.0,,0.75
2024-10-01,126H,526.0,48.0,13.0,138.15,,0.22,34.0,,0.46,719.0,13000,993.0,1712.0,1352.5,,0.78
2024-11-01,126H,486.5,48.0,30.0,291.076,,0.22,34.0,,0.46,719.0,13000,993.0,1712.0,1352.5,,0.78
2024-12-01,126H,449.3,24.0,31.0,260.587,,0.22,34.0,,0.46,719.0,13000,993.0,1712.0,1352.5,,0.78
2025-01-01,126H,389.1,32.0,31.0,212.64,,0.22,34.0,,0.46,719.0,13000,993.0,1712.0,1352.5,,0.78
2025-02-01,126H,381.8,32.0,28.0,194.5,,0.22,34.0,,0.46,719.0,13000,993.0,1712.0,1352.5,,0.78
2025-03-01,126H,335.0,64.0,31.0,298.101,,0.22,34.0,,0.46,719.0,13000,993.0,1712.0,1352.5,,0.78
2025-04-01,126H,320.7,64.0,30.0,268.225,,0.22,34.0,,0.46,719.0,13000,993.0,1712.0,1352.5,,0.78
2025-05-01,126H,305.3,64.0,31.0,222.99,,0.22,34.0,,0.46,719.0,13000,993.0,1712.0,1352.5,,0.78
2025-06-01,126H,312.0,64.0,30.0,180.924,,0.22,34.0,,0.46,719.0,13000,993.0,1712.0,1352.5,,0.78
1990-06-01,13,804.9,,,155.017,,0.18,9.5,-2.8,0.31,10.199999999999932,15000,691.6,701.8,696.7,,0.69
1990-08-01,13,819.4,,,132.61,,0.18,9.5,-2.8,0.31,10.199999999999932,15000,691.6,701.8,696.7,,0.69
1990-09-01,13,852.3,,,136.947,,0.18,9.5,-2.8,0.31,10.199999999999932,15000,691.6,701.8,696.7,,0.69
1990-10-01,13,,,,120.233,,0.18,9.5,-2.8,0.31,10.199999999999932,15000,691.6,701.8,696.7,,0.69
1995-01-01,13,770.4,,,169.722,,0.18,9.5,-2.8,0.31,10.199999999999932,15000,691.6,701.8,696.7,,0.69
1995-02-01,13,764.6,,,161.35,,0.18,9.5,-2.8,0.31,10.199999999999932,15000,691.6,701.8,696.7,,0.69
1995-04-01,13,757.6,,,157.392,,0.18,9.5,-2.8,0.31,10.199999999999932,15000,691.6,701.8,696.7,,0.69
1995-05-01,13,746.1,,,168.304,,0.18,9.5,-2.8,0.31,10.199999999999932,15000,691.6,701.8,696.7,,0.69
1995-06-01,13,803.5,,,106.242,,0.18,9.5,-2.8,0.31,10.199999999999932,15000,691.6,701.8,696.7,,0.69
1995-07-01,13,,,,101.337,,0.18,9.5,-2.8,0.31,10.199999999999932,15000,691.6,701.8,696.7,,0.69
1995-08-01,13,814.0,,,103.867,,0.18,9.5,-2.8,0.31,10.199999999999932,15000,691.6,701.8,696.7,,0.69
1995-09-01,13,778.8,,,120.159,,0.18,9.5,-2.8,0.31,10.199999999999932,15000,691.6,701.8,696.7,,0.69
1995-10-01,13,765.4,,,179.03,,0.18,9.5,-2.8,0.31,10.199999999999932,15000,691.6,701.8,696.7,,0.69
1995-11-01,13,753.8,,,156.949,,0.18,9.5,-2.8,0.31,10.199999999999932,15000,691.6,701.8,696.7,,0.69
1995-12-01,13,757.1,,,163.145,,0.18,9.5,-2.8,0.31,10.199999999999932,15000,691.6,701.8,696.7,,0.69
1996-01-01,13,759.5,,,164.345,,0.18,9.5,-2.8,0.31,10.199999999999932,15000,691.6,701.8,696.7,,0.69
1996-02-01,13,757.5,,,147.529,,0.18,9.5,-2.8,0.31,10.199999999999932,15000,691.6,701.8,696.7,,0.69
1996-04-01,13,753.2,,,149.362,,0.18,9.5,-2.8,0.31,10.199999999999932,15000,691.6,701.8,696.7,,0.69
1996-05-01,13,751.2,,,166.089,,0.18,9.5,-2.8,0.31,10.199999999999932,15000,691.6,701.8,696.7,,0.69
1996-06-01,13,750.0,,,153.577,,0.18,9.5,-2.8,0.31,10.199999999999932,15000,691.6,701.8,696.7,,0.69
1996-07-01,13,727.0,,,155.178,,0.18,9.5,-2.8,0.31,10.199999999999932,15000,691.6,701.8,696.7,,0.69
1996-08-01,13,762.5,,,133.943,,0.18,9.5,-2.8,0.31,10.199999999999932,15000,691.6,701.8,696.7,,0.69
1996-09-01,13,740.1,,,138.783,,0.18,9.5,-2.8,0.31,10.199999999999932,15000,691.6,701.8,696.7,,0.69
1996-10-01,13,758.4,,,143.869,,0.18,9.5,-2.8,0.31,10.199999999999932,15000,691.6,701.8,696.7,,0.69
1996-11-01,13,755.8,,,139.381,,0.18,9.5,-2.8,0.31,10.199999999999932,15000,691.6,701.8,696.7,,0.69
1996-12-01,13,746.7,,,158.567,,0.18,9.5,-2.8,0.31,10.199999999999932,15000,691.6,701.8,696.7,,0.69
1998-07-01,13,762.2,,,125.324,,0.18,9.5,-2.8,0.31,10.199999999999932,15000,691.6,701.8,696.7,,0.69
1999-02-01,13,748.7,,,80.186,,0.18,9.5,-2.8,0.31,10.199999999999932,15000,691.6,701.8,696.7,,0.69
1999-07-01,13,712.5,,,165.392,,0.18,9.5,-2.8,0.31,10.199999999999932,15000,691.6,701.8,696.7,,0.69
1999-08-01,13,705.3,,,161.574,,0.18,9.5,-2.8,0.31,10.199999999999932,15000,691.6,701.8,696.7,,0.69
1999-10-01,13,706.3,,,163.454,,0.18,9.5,-2.8,0.31,10.199999999999932,15000,691.6,701.8,696.7,,0.69
2000-05-01,13,692.5,,,155.493,,0.18,9.5,-2.8,0.31,10.199999999999932,15000,691.6,701.8,696.7,,0.69
2000-06-01,13,690.7,,,157.065,,0.18,9.5,-2.8,0.31,10.199999999999932,15000,691.6,701.8,696.7,,0.69
2000-08-01,13,688.5,,,158.964,,0.18,9.5,-2.8,0.31,10.199999999999932,15000,691.6,701.8,696.7,,0.69
2000-11-01,13,693.3,,,141.941,,0.18,9.5,-2.8,0.31,10.199999999999932,15000,691.6,701.8,696.7,,0.69
2001-01-01,13,682.4,,,151.71,,0.18,9.5,-2.8,0.31,10.199999999999932,15000,691.6,701.8,696.7,,0.69
2001-02-01,13,702.4,,,134.138,,0.18,9.5,-2.8,0.31,10.199999999999932,15000,691.6,701.8,696.7,,0.69
2001-03-01,13,692.2,,,147.7,,0.18,9.5,-2.8,0.31,10.199999999999932,15000,691.6,701.8,696.7,,0.69
2001-05-01,13,682.2,,,147.688,,0.18,9.5,-2.8,0.31,10.199999999999932,15000,691.6,701.8,696.7,,0.69
2001-06-01,13,683.4,,,144.47,,0.18,9.5,-2.8,0.31,10.199999999999932,15000,691.6,701.8,696.7,,0.69
2001-07-01,13,683.7,,,144.437,,0.18,9.5,-2.8,0.31,10.199999999999932,15000,691.6,701.8,696.7,,0.69
2001-08-01,13,689.4,,,139.608,,0.18,9.5,-2.8,0.31,10.199999999999932,15000,691.6,701.8,696.7,,0.69
2001-09-01,13,684.2,,,133.612,,0.18,9.5,-2.8,0.31,10.199999999999932,15000,691.6,701.8,696.7,,0.69
2001-10-01,13,679.1,,,141.636,,0.18,9.5,-2.8,0.31,10.199999999999932,15000,691.6,701.8,696.7,,0.69
2001-11-01,13,676.8,,,142.948,,0.18,9.5,-2.8,0.31,10.199999999999932,15000,691.6,701.8,696.7,,0.69
2001-12-01,13,668.2,,,152.189,,0.18,9.5,-2.8,0.31,10.199999999999932,15000,691.6,701.8,696.7,,0.69
2002-01-01,13,,,,150.847,,0.18,9.5,-2.8,0.31,10.199999999999932,15000,691.6,701.8,696.7,,0.69
2002-02-01,13,669.4,,,132.676,,0.18,9.5,-2.8,0.31,10.199999999999932,15000,691.6,701.8,696.7,,0.69
2002-03-01,13,679.5,,,143.728,,0.18,9.5,-2.8,0.31,10.199999999999932,15000,691.6,701.8,696.7,,0.69
2002-04-01,13,669.5,,,137.918,,0.18,9.5,-2.8,0.31,10.199999999999932,15000,691.6,701.8,696.7,,0.69
2002-05-01,13,669.2,,,145.94,,0.18,9.5,-2.8,0.31,10.199999999999932,15000,691.6,701.8,696.7,,0.69
2002-06-01,13,672.2,,,138.543,,0.18,9.5,-2.8,0.31,10.199999999999932,15000,691.6,701.8,696.7,,0.69
2002-07-01,13,,,,142.257,,0.18,9.5,-2.8,0.31,10.199999999999932,15000,691.6,701.8,696.7,,0.69
2002-08-01,13,654.1,,,155.624,,0.18,9.5,-2.8,0.31,10.199999999999932,15000,691.6,701.8,696.7,,0.69
2002-09-01,13,,,,147.817,,0.18,9.5,-2.8,0.31,10.199999999999932,15000,691.6,701.8,696.7,,0.69
2002-10-01,13,661.2,,,151.162,,0.18,9.5,-2.8,0.31,10.199999999999932,15000,691.6,701.8,696.7,,0.69
2002-11-01,13,651.2,,,148.599,,0.18,9.5,-2.8,0.31,10.199999999999932,15000,691.6,701.8,696.7,,0.69
2002-12-01,13,653.9,,,157.099,,0.18,9.5,-2.8,0.31,10.199999999999932,15000,691.6,701.8,696.7,,0.69
2003-01-01,13,653.9,,,160.636,,0.18,9.5,-2.8,0.31,10.199999999999932,15000,691.6,701.8,696.7,,0.69
2003-02-01,13,645.4,,,140.737,,0.18,9.5,-2.8,0.31,10.199999999999932,15000,691.6,701.8,696.7,,0.69
2003-03-01,13,645.1,,,156.565,,0.18,9.5,-2.8,0.31,10.199999999999932,15000,691.6,701.8,696.7,,0.69
2003-04-01,13,650.9,,,149.006,,0.18,9.5,-2.8,0.31,10.199999999999932,15000,691.6,701.8,696.7,,0.69
2003-05-01,13,645.5,,,149.037,,0.18,9.5,-2.8,0.31,10.199999999999932,15000,691.6,701.8,696.7,,0.69
2003-06-01,13,648.6,,,144.593,,0.18,9.5,-2.8,0.31,10.199999999999932,15000,691.6,701.8,696.7,,0.69
2003-07-01,13,,,,143.806,,0.18,9.5,-2.8,0.31,10.199999999999932,15000,691.6,701.8,696.7,,0.69
2003-08-01,13,658.2,,,130.642,,0.18,9.5,-2.8,0.31,10.199999999999932,15000,691.6,701.8,696.7,,0.69
2003-09-01,13,,,,125.467,,0.18,9.5,-2.8,0.31,10.199999999999932,15000,691.6,701.8,696.7,,0.69
2003-10-01,13,,,,134.227,,0.18,9.5,-2.8,0.31,10.199999999999932,15000,691.6,701.8,696.7,,0.69
2003-11-01,13,,,,124.732,,0.18,9.5,-2.8,0.31,10.199999999999932,15000,691.6,701.8,696.7,,0.69
2003-12-01,13,,,,123.817,,0.18,9.5,-2.8,0.31,10.199999999999932,15000,691.6,701.8,696.7,,0.69
2004-01-01,13,649.0,,,132.079,,0.18,9.5,-2.8,0.31,10.199999999999932,15000,691.6,701.8,696.7,,0.69
2004-02-01,13,648.7,,,120.274,,0.18,9.5,-2.8,0.31,10.199999999999932,15000,691.6,701.8,696.7,,0.69
2004-03-01,13,667.7,,,122.576,,0.18,9.5,-2.8,0.31,10.199999999999932,15000,691.6,701.8,696.7,,0.69
2004-04-01,13,668.8,,,118.478,,0.18,9.5,-2.8,0.31,10.199999999999932,15000,691.6,701.8,696.7,,0.69
2004-05-01,13,661.6,,,100.292,,0.18,9.5,-2.8,0.31,10.199999999999932,15000,691.6,701.8,696.7,,0.69
2004-06-01,13,653.5,,,125.93,,0.18,9.5,-2.8,0.31,10.199999999999932,15000,691.6,701.8,696.7,,0.69
2004-07-01,13,661.7,,,117.965,,0.18,9.5,-2.8,0.31,10.199999999999932,15000,691.6,701.8,696.7,,0.69
2004-08-01,13,657.4,,,115.882,,0.18,9.5,-2.8,0.31,10.199999999999932,15000,691.6,701.8,696.7,,0.69
2004-09-01,13,656.0,,,112.515,,0.18,9.5,-2.8,0.31,10.199999999999932,15000,691.6,701.8,696.7,,0.69
2004-10-01,13,653.5,,,112.661,,0.18,9.5,-2.8,0.31,10.199999999999932,15000,691.6,701.8,696.7,,0.69
2004-11-01,13,657.1,,,110.535,,0.18,9.5,-2.8,0.31,10.199999999999932,15000,691.6,701.8,696.7,,0.69
2004-12-01,13,653.2,,,113.736,,0.18,9.5,-2.8,0.31,10.199999999999932,15000,691.6,701.8,696.7,,0.69
2005-01-01,13,656.0,,,115.577,,0.18,9.5,-2.8,0.31,10.199999999999932,15000,691.6,701.8,696.7,,0.69
2005-02-01,13,650.0,,,103.163,,0.18,9.5,-2.8,0.31,10.199999999999932,15000,691.6,701.8,696.7,,0.69
2005-03-01,13,657.4,,,113.918,,0.18,9.5,-2.8,0.31,10.199999999999932,15000,691.6,701.8,696.7,,0.69
2005-04-01,13,658.4,,,110.445,,0.18,9.5,-2.8,0.31,10.199999999999932,15000,691.6,701.8,696.7,,0.69
2005-05-01,13,653.8,,,112.251,,0.18,9.5,-2.8,0.31,10.199999999999932,15000,691.6,701.8,696.7,,0.69
2005-06-01,13,651.4,,,107.515,,0.18,9.5,-2.8,0.31,10.199999999999932,15000,691.6,701.8,696.7,,0.69
2005-07-01,13,643.3,,,116.359,,0.18,9.5,-2.8,0.31,10.199999999999932,15000,691.6,701.8,696.7,,0.69
2005-08-01,13,643.5,,,117.099,,0.18,9.5,-2.8,0.31,10.199999999999932,15000,691.6,701.8,696.7,,0.69
2005-09-01,13,637.5,,,106.295,,0.18,9.5,-2.8,0.31,10.199999999999932,15000,691.6,701.8,696.7,,0.69
2005-10-01,13,638.9,,,119.224,,0.18,9.5,-2.8,0.31,10.199999999999932,15000,691.6,701.8,696.7,,0.69
2005-11-01,13,634.8,,,116.504,,0.18,9.5,-2.8,0.31,10.199999999999932,15000,691.6,701.8,696.7,,0.69
2005-12-01,13,637.3,,,119.41,,0.18,9.5,-2.8,0.31,10.199999999999932,15000,691.6,701.8,696.7,,0.69
2006-01-01,13,630.3,,,118.509,,0.18,9.5,-2.8,0.31,10.199999999999932,15000,691.6,701.8,696.7,782.7304184,0.69
2006-02-01,13,632.6,,,106.45,,0.18,9.5,-2.8,0.31,10.199999999999932,15000,691.6,701.8,696.7,,0.69
2006-03-01,13,635.5,,,109.482,,0.18,9.5,-2.8,0.31,10.199999999999932,15000,691.6,701.8,696.7,,0.69
2006-04-01,13,631.4,,,103.941,,0.18,9.5,-2.8,0.31,10.199999999999932,15000,691.6,701.8,696.7,,0.69
2006-05-01,13,633.6,,,118.65,,0.18,9.5,-2.8,0.31,10.199999999999932,15000,691.6,701.8,696.7,,0.69
2006-06-01,13,634.6,,,116.07,,0.18,9.5,-2.8,0.31,10.199999999999932,15000,691.6,701.8,696.7,,0.69
2006-07-01,13,632.5,,,118.717,,0.18,9.5,-2.8,0.31,10.199999999999932,15000,691.6,701.8,696.7,,0.69
2006-08-01,13,629.2,,,117.216,,0.18,9.5,-2.8,0.31,10.199999999999932,15000,691.6,701.8,696.7,,0.69
2006-09-01,13,628.5,,,105.039,,0.18,9.5,-2.8,0.31,10.199999999999932,15000,691.6,701.8,696.7,,0.69
2006-10-01,13,626.3,,,115.305,,0.18,9.5,-2.8,0.31,10.199999999999932,15000,691.6,701.8,696.7,,0.69
2006-11-01,13,627.2,,,116.05,,0.18,9.5,-2.8,0.31,10.199999999999932,15000,691.6,701.8,696.7,,0.69
2006-12-01,13,623.4,,,118.813,,0.18,9.5,-2.8,0.31,10.199999999999932,15000,691.6,701.8,696.7,,0.69
2007-01-01,13,619.1,,,121.146,,0.18,9.5,-2.8,0.31,10.199999999999932,15000,691.6,701.8,696.7,,0.69
2007-02-01,13,615.2,,,113.455,,0.18,9.5,-2.8,0.31,10.199999999999932,15000,691.6,701.8,696.7,,0.69
2007-03-01,13,615.2,,,122.296,,0.18,9.5,-2.8,0.31,10.199999999999932,15000,691.6,701.8,696.7,,0.69
2007-04-01,13,616.1,,,114.332,,0.18,9.5,-2.8,0.31,10.199999999999932,15000,691.6,701.8,696.7,,0.69
2007-05-01,13,608.2,,,122.371,,0.18,9.5,-2.8,0.31,10.199999999999932,15000,691.6,701.8,696.7,,0.69
2007-06-01,13,616.2,,,11.298,,0.18,9.5,-2.8,0.31,10.199999999999932,15000,691.6,701.8,696.7,,0.69
2007-07-01,13,605.1,,,123.595,,0.18,9.5,-2.8,0.31,10.199999999999932,15000,691.6,701.8,696.7,,0.69
2007-08-01,13,614.3,,,115.558,,0.18,9.5,-2.8,0.31,10.199999999999932,15000,691.6,701.8,696.7,,0.69
2007-09-01,13,604.2,,,115.558,,0.18,9.5,-2.8,0.31,10.199999999999932,15000,691.6,701.8,696.7,,0.69
2007-10-01,13,629.0,,,120.429,,0.18,9.5,-2.8,0.31,10.199999999999932,15000,691.6,701.8,696.7,,0.69
2007-11-01,13,603.2,,,118.106,,0.18,9.5,-2.8,0.31,10.199999999999932,15000,691.6,701.8,696.7,,0.69
2007-12-01,13,608.7,,,119.863,,0.18,9.5,-2.8,0.31,10.199999999999932,15000,691.6,701.8,696.7,,0.69
2008-01-01,13,603.2,,,121.621,,0.18,9.5,-2.8,0.31,10.199999999999932,15000,691.6,701.8,696.7,,0.69
2008-02-01,13,608.7,,,113.691,,0.18,9.5,-2.8,0.31,10.199999999999932,15000,691.6,701.8,696.7,,0.69
2008-03-01,13,606.2,,,117.024,,0.18,9.5,-2.8,0.31,10.199999999999932,15000,691.6,701.8,696.7,,0.69
2008-04-01,13,602.2,,,117.605,,0.18,9.5,-2.8,0.31,10.199999999999932,15000,691.6,701.8,696.7,,0.69
2008-05-01,13,598.3,,,115.194,,0.18,9.5,-2.8,0.31,10.199999999999932,15000,691.6,701.8,696.7,,0.69
2008-06-01,13,600.5,,,116.392,,0.18,9.5,-2.8,0.31,10.199999999999932,15000,691.6,701.8,696.7,,0.69
2008-07-01,13,593.4,,,55.0,,0.18,9.5,-2.8,0.31,10.199999999999932,15000,691.6,701.8,696.7,,0.69
2008-08-01,13,592.2,,,123.889,,0.18,9.5,-2.8,0.31,10.199999999999932,15000,691.6,701.8,696.7,,0.69
2008-09-01,13,593.7,,,113.605,,0.18,9.5,-2.8,0.31,10.199999999999932,15000,691.6,701.8,696.7,,0.69
2008-10-01,13,591.7,,,118.399,,0.18,9.5,-2.8,0.31,10.199999999999932,15000,691.6,701.8,696.7,,0.69
2008-11-01,13,587.4,,,107.497,,0.18,9.5,-2.8,0.31,10.199999999999932,15000,691.6,701.8,696.7,,0.69
2008-12-01,13,587.3,,,121.052,,0.18,9.5,-2.8,0.31,10.199999999999932,15000,691.6,701.8,696.7,,0.69
2009-01-01,13,610.0,,,121.916,,0.18,9.5,-2.8,0.31,10.199999999999932,15000,691.6,701.8,696.7,,0.69
2009-02-01,13,583.2,,,115.628,,0.18,9.5,-2.8,0.31,10.199999999999932,15000,691.6,701.8,696.7,,0.69
2009-03-01,13,580.2,,,121.05,,0.18,9.5,-2.8,0.31,10.199999999999932,15000,691.6,701.8,696.7,,0.69
2009-04-01,13,584.0,,,122.071,,0.18,9.5,-2.8,0.31,10.199999999999932,15000,691.6,701.8,696.7,,0.69
2009-05-01,13,598.2,,,120.323,,0.18,9.5,-2.8,0.31,10.199999999999932,15000,691.6,701.8,696.7,,0.69
2009-06-01,13,583.2,,,114.548,,0.18,9.5,-2.8,0.31,10.199999999999932,15000,691.6,701.8,696.7,,0.69
2009-07-01,13,579.7,,,119.528,,0.18,9.5,-2.8,0.31,10.199999999999932,15000,691.6,701.8,696.7,,0.69
2009-08-01,13,573.8,,,123.692,,0.18,9.5,-2.8,0.31,10.199999999999932,15000,691.6,701.8,696.7,,0.69
2009-09-01,13,576.6,,,116.351,,0.18,9.5,-2.8,0.31,10.199999999999932,15000,691.6,701.8,696.7,,0.69
2009-10-01,13,577.8,,,104.441,,0.18,9.5,-2.8,0.31,10.199999999999932,15000,691.6,701.8,696.7,,0.69
2009-11-01,13,567.2,,,124.13,,0.18,9.5,-2.8,0.31,10.199999999999932,15000,691.6,701.8,696.7,,0.69
2009-12-01,13,566.3,,,132.256,,0.18,9.5,-2.8,0.31,10.199999999999932,15000,691.6,701.8,696.7,,0.69
2010-01-01,13,562.4,,,132.934,,0.18,9.5,-2.8,0.31,10.199999999999932,15000,691.6,701.8,696.7,729.0,0.69
2010-02-01,13,561.3,,,117.244,,0.18,9.5,-2.8,0.31,10.199999999999932,15000,691.6,701.8,696.7,,0.69
2010-03-01,13,564.6,,,118.343,,0.18,9.5,-2.8,0.31,10.199999999999932,15000,691.6,701.8,696.7,,0.69
2010-04-01,13,561.4,,,129.774,,0.18,9.5,-2.8,0.31,10.199999999999932,15000,691.6,701.8,696.7,,0.69
2010-05-01,13,551.0,,,141.834,,0.18,9.5,-2.8,0.31,10.199999999999932,15000,691.6,701.8,696.7,,0.69
2010-06-01,13,547.7,,,137.766,,0.18,9.5,-2.8,0.31,10.199999999999932,15000,691.6,701.8,696.7,,0.69
2010-07-01,13,545.3,,,140.825,,0.18,9.5,-2.8,0.31,10.199999999999932,15000,691.6,701.8,696.7,,0.69
2010-08-01,13,541.2,,,140.588,,0.18,9.5,-2.8,0.31,10.199999999999932,15000,691.6,701.8,696.7,,0.69
2010-09-01,13,535.3,,,142.37,,0.18,9.5,-2.8,0.31,10.199999999999932,15000,691.6,701.8,696.7,,0.69
2010-10-01,13,535.0,,,144.369,,0.18,9.5,-2.8,0.31,10.199999999999932,15000,691.6,701.8,696.7,,0.69
2010-11-01,13,528.7,,,142.873,,0.18,9.5,-2.8,0.31,10.199999999999932,15000,691.6,701.8,696.7,,0.69
2010-12-01,13,525.7,,,143.875,,0.18,9.5,-2.8,0.31,10.199999999999932,15000,691.6,701.8,696.7,,0.69
2011-01-01,13,533.2,,,139.67,,0.18,9.5,-2.8,0.31,10.199999999999932,15000,691.6,701.8,696.7,,0.69
2011-02-01,13,527.8,,,117.374,,0.18,9.5,-2.8,0.31,10.199999999999932,15000,691.6,701.8,696.7,710.0,0.69
2011-03-01,13,532.6,,,141.112,,0.18,9.5,-2.8,0.31,10.199999999999932,15000,691.6,701.8,696.7,,0.69
2011-04-01,13,522.4,,,130.861,,0.18,9.5,-2.8,0.31,10.199999999999932,15000,691.6,701.8,696.7,,0.69
2011-05-01,13,532.5,,,140.506,,0.18,9.5,-2.8,0.31,10.199999999999932,15000,691.6,701.8,696.7,,0.69
2011-06-01,13,526.6,,,132.263,,0.18,9.5,-2.8,0.31,10.199999999999932,15000,691.6,701.8,696.7,,0.69
2011-07-01,13,524.9,,,139.465,,0.18,9.5,-2.8,0.31,10.199999999999932,15000,691.6,701.8,696.7,,0.69
2011-08-01,13,518.6,,,140.101,,0.18,9.5,-2.8,0.31,10.199999999999932,15000,691.6,701.8,696.7,,0.69
2011-09-01,13,516.7,,,133.815,,0.18,9.5,-2.8,0.31,10.199999999999932,15000,691.6,701.8,696.7,,0.69
2011-10-01,13,517.5,,,142.546,,0.18,9.5,-2.8,0.31,10.199999999999932,15000,691.6,701.8,696.7,,0.69
2011-11-01,13,510.2,,,136.892,,0.18,9.5,-2.8,0.31,10.199999999999932,15000,691.6,701.8,696.7,,0.69
2011-12-01,13,511.6,,,142.123,,0.18,9.5,-2.8,0.31,10.199999999999932,15000,691.6,701.8,696.7,,0.69
2012-01-01,13,511.2,,,137.089,,0.18,9.5,-2.8,0.31,10.199999999999932,15000,691.6,701.8,696.7,701.0,0.69
2012-02-01,13,506.6,,,139.098,,0.18,9.5,-2.8,0.31,10.199999999999932,15000,691.6,701.8,696.7,,0.69
2012-03-01,13,509.5,,,134.783,,0.18,9.5,-2.8,0.31,10.199999999999932,15000,691.6,701.8,696.7,,0.69
2012-04-01,13,507.1,,,137.826,,0.18,9.5,-2.8,0.31,10.199999999999932,15000,691.6,701.8,696.7,,0.69
2012-05-01,13,507.0,,,143.813,,0.18,9.5,-2.8,0.31,10.199999999999932,15000,691.6,701.8,696.7,,0.69
2012-06-01,13,503.4,,,138.305,,0.18,9.5,-2.8,0.31,10.199999999999932,15000,691.6,701.8,696.7,,0.69
2012-07-01,13,494.1,,,136.813,,0.18,9.5,-2.8,0.31,10.199999999999932,15000,691.6,701.8,696.7,,0.69
2012-08-01,13,503.2,,,126.74,,0.18,9.5,-2.8,0.31,10.199999999999932,15000,691.6,701.8,696.7,,0.69
2012-09-01,13,510.8,,,122.031,,0.18,9.5,-2.8,0.31,10.199999999999932,15000,691.6,701.8,696.7,,0.69
2012-10-01,13,505.4,,,131.786,,0.18,9.5,-2.8,0.31,10.199999999999932,15000,691.6,701.8,696.7,,0.69
2012-11-01,13,497.5,,,129.938,,0.18,9.5,-2.8,0.31,10.199999999999932,15000,691.6,701.8,696.7,,0.69
2012-12-01,13,501.7,,,123.321,,0.18,9.5,-2.8,0.31,10.199999999999932,15000,691.6,701.8,696.7,,0.69
2013-01-01,13,500.7,,,121.541,,0.18,9.5,-2.8,0.31,10.199999999999932,15000,691.6,701.8,696.7,,0.69
2013-02-01,13,505.4,,,109.764,,0.18,9.5,-2.8,0.31,10.199999999999932,15000,691.6,701.8,696.7,,0.69
2013-03-01,13,502.3,,,119.813,,0.18,9.5,-2.8,0.31,10.199999999999932,15000,691.6,701.8,696.7,,0.69
2013-04-01,13,527.7,,,113.368,,0.18,9.5,-2.8,0.31,10.199999999999932,15000,691.6,701.8,696.7,,0.69
2013-05-01,13,493.2,,,133.36,,0.18,9.5,-2.8,0.31,10.199999999999932,15000,691.6,701.8,696.7,,0.69
2013-06-01,13,505.9,,,120.75,,0.18,9.5,-2.8,0.31,10.199999999999932,15000,691.6,701.8,696.7,,0.69
2013-07-01,13,499.5,,,133.363,,0.18,9.5,-2.8,0.31,10.199999999999932,15000,691.6,701.8,696.7,,0.69
2013-08-01,13,484.0,,,125.126,,0.18,9.5,-2.8,0.31,10.199999999999932,15000,691.6,701.8,696.7,,0.69
2013-09-01,13,494.2,,,134.903,,0.18,9.5,-2.8,0.31,10.199999999999932,15000,691.6,701.8,696.7,,0.69
2013-10-01,13,484.4,,,137.78,,0.18,9.5,-2.8,0.31,10.199999999999932,15000,691.6,701.8,696.7,,0.69
2013-11-01,13,481.7,,,131.628,,0.18,9.5,-2.8,0.31,10.199999999999932,15000,691.6,701.8,696.7,,0.69
2013-12-01,13,473.0,,,138.031,,0.18,9.5,-2.8,0.31,10.199999999999932,15000,691.6,701.8,696.7,,0.69
2014-01-01,13,474.0,,,136.917,,0.18,9.5,-2.8,0.31,10.199999999999932,15000,691.6,701.8,696.7,,0.69
2014-02-01,13,472.5,,,122.63,,0.18,9.5,-2.8,0.31,10.199999999999932,15000,691.6,701.8,696.7,,0.69
2014-03-01,13,473.1,,,128.471,,0.18,9.5,-2.8,0.31,10.199999999999932,15000,691.6,701.8,696.7,,0.69
2014-04-01,13,504.1,,,111.506,,0.18,9.5,-2.8,0.31,10.199999999999932,15000,691.6,701.8,696.7,,0.69
2014-05-01,13,470.5,,,127.929,,0.18,9.5,-2.8,0.31,10.199999999999932,15000,691.6,701.8,696.7,,0.69
2014-06-01,13,490.0,,,131.39,,0.18,9.5,-2.8,0.31,10.199999999999932,15000,691.6,701.8,696.7,,0.69
2014-07-01,13,465.8,,,114.456,,0.18,9.5,-2.8,0.31,10.199999999999932,15000,691.6,701.8,696.7,,0.69
2014-08-01,13,460.4,,,120.602,,0.18,9.5,-2.8,0.31,10.199999999999932,15000,691.6,701.8,696.7,,0.69
2014-09-01,13,485.0,,,130.539,,0.18,9.5,-2.8,0.31,10.199999999999932,15000,691.6,701.8,696.7,,0.69
2014-10-01,13,454.4,,,143.51,,0.18,9.5,-2.8,0.31,10.199999999999932,15000,691.6,701.8,696.7,,0.69
2014-11-01,13,459.3,,,136.635,,0.18,9.5,-2.8,0.31,10.199999999999932,15000,691.6,701.8,696.7,,0.69
2014-12-01,13,459.7,,,131.221,,0.18,9.5,-2.8,0.31,10.199999999999932,15000,691.6,701.8,696.7,,0.69
2015-01-01,13,446.7,,,139.154,,0.18,9.5,-2.8,0.31,10.199999999999932,15000,691.6,701.8,696.7,,0.69
2015-02-01,13,447.2,,,127.48,,0.18,9.5,-2.8,0.31,10.199999999999932,15000,691.6,701.8,696.7,,0.69
2015-03-01,13,443.4,,,144.915,,0.18,9.5,-2.8,0.31,10.199999999999932,15000,691.6,701.8,696.7,,0.69
2015-04-01,13,470.5,,,132.997,,0.18,9.5,-2.8,0.31,10.199999999999932,15000,691.6,701.8,696.7,,0.69
2015-05-01,13,469.3,,,126.952,,0.18,9.5,-2.8,0.31,10.199999999999932,15000,691.6,701.8,696.7,,0.69
2015-06-01,13,441.4,,,136.41,,0.18,9.5,-2.8,0.31,10.199999999999932,15000,691.6,701.8,696.7,,0.69
2015-07-01,13,438.4,,,141.154,,0.18,9.5,-2.8,0.31,10.199999999999932,15000,691.6,701.8,696.7,,0.69
2015-08-01,13,437.8,64.0,31.0,139.895,,0.18,9.5,-2.8,0.31,10.199999999999932,15000,691.6,701.8,696.7,,0.69
2015-09-01,13,437.2,64.0,30.0,137.27,,0.18,9.5,-2.8,0.31,10.199999999999932,15000,691.6,701.8,696.7,,0.69
2015-10-01,13,428.2,64.0,31.0,133.841,,0.18,9.5,-2.8,0.31,10.199999999999932,15000,691.6,701.8,696.7,,0.69
2015-11-01,13,458.4,64.0,30.0,119.468,,0.18,9.5,-2.8,0.31,10.199999999999932,15000,691.6,701.8,696.7,,0.69
2015-12-01,13,427.0,64.0,31.0,145.517,,0.18,9.5,-2.8,0.31,10.199999999999932,15000,691.6,701.8,696.7,,0.69
2016-01-01,13,421.5,64.0,27.0,128.338,,0.18,9.5,-2.8,0.31,10.199999999999932,15000,691.6,701.8,696.7,,0.69
2016-02-01,13,414.1,64.0,28.0,148.068,,0.18,9.5,-2.8,0.31,10.199999999999932,15000,691.6,701.8,696.7,,0.69
2016-03-01,13,409.3,64.0,31.0,151.417,,0.18,9.5,-2.8,0.31,10.199999999999932,15000,691.6,701.8,696.7,,0.69
2016-04-01,13,404.4,64.0,30.0,150.819,,0.18,9.5,-2.8,0.31,10.199999999999932,15000,691.6,701.8,696.7,,0.69
2016-05-01,13,418.5,64.0,31.0,151.173,,0.18,9.5,-2.8,0.31,10.199999999999932,15000,691.6,701.8,696.7,,0.69
2016-06-01,13,408.2,64.0,30.0,148.986,,0.18,9.5,-2.8,0.31,10.199999999999932,15000,691.6,701.8,696.7,,0.69
2016-07-01,13,375.0,64.0,27.0,136.184,,0.18,9.5,-2.8,0.31,10.199999999999932,15000,691.6,701.8,696.7,,0.69
2016-08-01,13,400.3,64.0,31.0,155.065,,0.18,9.5,-2.8,0.31,10.199999999999932,15000,691.6,701.8,696.7,,0.69
2016-09-01,13,396.1,64.0,30.0,146.854,,0.18,9.5,-2.8,0.31,10.199999999999932,15000,691.6,701.8,696.7,,0.69
2016-10-01,13,412.2,64.0,31.0,138.111,,0.18,9.5,-2.8,0.31,10.199999999999932,15000,691.6,701.8,696.7,,0.69
2016-11-01,13,386.4,64.0,30.0,147.629,,0.18,9.5,-2.8,0.31,10.199999999999932,15000,691.6,701.8,696.7,,0.69
2016-12-01,13,380.3,64.0,31.0,150.469,,0.18,9.5,-2.8,0.31,10.199999999999932,15000,691.6,701.8,696.7,,0.69
2017-01-01,13,374.0,64.0,31.0,147.415,,0.18,9.5,-2.8,0.31,10.199999999999932,15000,691.6,701.8,696.7,,0.69
2017-02-01,13,376.0,64.0,28.0,136.103,,0.18,9.5,-2.8,0.31,10.199999999999932,15000,691.6,701.8,696.7,,0.69
2017-03-01,13,407.4,64.0,31.0,153.84,,0.18,9.5,-2.8,0.31,10.199999999999932,15000,691.6,701.8,696.7,,0.69
2017-04-01,13,418.3,64.0,30.0,124.299,,0.18,9.5,-2.8,0.31,10.199999999999932,15000,691.6,701.8,696.7,,0.69
2017-05-01,13,369.9,64.0,31.0,153.689,,0.18,9.5,-2.8,0.31,10.199999999999932,15000,691.6,701.8,696.7,,0.69
2017-06-01,13,361.5,64.0,30.0,155.385,,0.18,9.5,-2.8,0.31,10.199999999999932,15000,691.6,701.8,696.7,,0.69
2017-07-01,13,375.0,64.0,31.0,159.591,,0.18,9.5,-2.8,0.31,10.199999999999932,15000,691.6,701.8,696.7,,0.69
2017-08-01,13,355.7,64.0,27.0,142.266,,0.18,9.5,-2.8,0.31,10.199999999999932,15000,691.6,701.8,696.7,,0.69
2017-09-01,13,364.5,64.0,30.0,148.075,,0.18,9.5,-2.8,0.31,10.199999999999932,15000,691.6,701.8,696.7,,0.69
2017-10-01,13,388.2,64.0,31.0,132.987,,0.18,9.5,-2.8,0.31,10.199999999999932,15000,691.6,701.8,696.7,,0.69
2017-11-01,13,369.0,64.0,30.0,147.694,,0.18,9.5,-2.8,0.31,10.199999999999932,15000,691.6,701.8,696.7,,0.69
2017-12-01,13,340.2,64.0,31.0,159.887,,0.18,9.5,-2.8,0.31,10.199999999999932,15000,691.6,701.8,696.7,,0.69
2018-01-01,13,337.8,64.0,31.0,164.828,,0.18,9.5,-2.8,0.31,10.199999999999932,15000,691.6,701.8,696.7,,0.69
2018-02-01,13,324.7,64.0,28.0,143.613,,0.18,9.5,-2.8,0.31,10.199999999999932,15000,691.6,701.8,696.7,,0.69
2018-03-01,13,324.6,64.0,31.0,164.659,,0.18,9.5,-2.8,0.31,10.199999999999932,15000,691.6,701.8,696.7,,0.69
2018-04-01,13,319.8,64.0,30.0,158.743,,0.18,9.5,-2.8,0.31,10.199999999999932,15000,691.6,701.8,696.7,,0.69
2018-05-01,13,314.9,64.0,31.0,159.764,,0.18,9.5,-2.8,0.31,10.199999999999932,15000,691.6,701.8,696.7,,0.69
2018-06-01,13,312.2,64.0,30.0,163.704,,0.18,9.5,-2.8,0.31,10.199999999999932,15000,691.6,701.8,696.7,,0.69
2018-07-01,13,333.7,64.0,31.0,165.349,,0.18,9.5,-2.8,0.31,10.199999999999932,15000,691.6,701.8,696.7,,0.69
2018-08-01,13,306.4,64.0,31.0,170.281,,0.18,9.5,-2.8,0.31,10.199999999999932,15000,691.6,701.8,696.7,,0.69
2018-09-01,13,300.0,64.0,30.0,165.449,,0.18,9.5,-2.8,0.31,10.199999999999932,15000,691.6,701.8,696.7,,0.69
2018-10-01,13,305.3,64.0,31.0,170.028,,0.18,9.5,-2.8,0.31,10.199999999999932,15000,691.6,701.8,696.7,,0.69
2018-11-01,13,294.0,64.0,30.0,157.0,,0.18,9.5,-2.8,0.31,10.199999999999932,15000,691.6,701.8,696.7,,0.69
2018-12-01,13,347.2,64.0,31.0,162.173,,0.18,9.5,-2.8,0.31,10.199999999999932,15000,691.6,701.8,696.7,,0.69
2019-01-01,13,298.7,64.0,31.0,148.437,,0.18,9.5,-2.8,0.31,10.199999999999932,15000,691.6,701.8,696.7,,0.69
2019-02-01,13,319.4,64.0,28.0,133.969,,0.18,9.5,-2.8,0.31,10.199999999999932,15000,691.6,701.8,696.7,,0.69
2019-03-01,13,345.4,64.0,31.0,144.551,,0.18,9.5,-2.8,0.31,10.199999999999932,15000,691.6,701.8,696.7,,0.69
2019-04-01,13,326.5,64.0,30.0,140.623,,0.18,9.5,-2.8,0.31,10.199999999999932,15000,691.6,701.8,696.7,,0.69
2019-05-01,13,,64.0,31.0,153.679,,0.18,9.5,-2.8,0.31,10.199999999999932,15000,691.6,701.8,696.7,,0.69
2019-06-01,13,314.7,64.0,30.0,155.718,,0.18,9.5,-2.8,0.31,10.199999999999932,15000,691.6,701.8,696.7,,0.69
2019-07-01,13,329.4,64.0,31.0,149.851,,0.18,9.5,-2.8,0.31,10.199999999999932,15000,691.6,701.8,696.7,,0.69
2019-08-01,13,315.1,64.0,31.0,154.528,,0.18,9.5,-2.8,0.31,10.199999999999932,15000,691.6,701.8,696.7,,0.69
2019-09-01,13,300.2,64.0,30.0,142.506,,0.18,9.5,-2.8,0.31,10.199999999999932,15000,691.6,701.8,696.7,,0.69
2019-10-01,13,331.7,64.0,31.0,139.282,,0.18,9.5,-2.8,0.31,10.199999999999932,15000,691.6,701.8,696.7,,0.69
2019-11-01,13,351.9,64.0,30.0,118.396,,0.18,9.5,-2.8,0.31,10.199999999999932,15000,691.6,701.8,696.7,,0.69
2019-12-01,13,335.0,64.0,31.0,138.468,,0.18,9.5,-2.8,0.31,10.199999999999932,15000,691.6,701.8,696.7,,0.69
2020-01-01,13,289.8,64.0,27.0,140.578,,0.18,9.5,-2.8,0.31,10.199999999999932,15000,691.6,701.8,696.7,,0.69
2020-02-01,13,292.1,64.0,29.0,132.264,,0.18,9.5,-2.8,0.31,10.199999999999932,15000,691.6,701.8,696.7,,0.69
2020-03-01,13,292.1,64.0,31.0,138.636,,0.18,9.5,-2.8,0.31,10.199999999999932,15000,691.6,701.8,696.7,,0.69
2020-06-01,13,,64.0,30.0,125.842,,0.18,9.5,-2.8,0.31,10.199999999999932,15000,691.6,701.8,696.7,,0.69
2020-07-01,13,289.3,64.0,31.0,152.855,,0.18,9.5,-2.8,0.31,10.199999999999932,15000,691.6,701.8,696.7,,0.69
2020-08-01,13,291.7,64.0,31.0,146.615,,0.18,9.5,-2.8,0.31,10.199999999999932,15000,691.6,701.8,696.7,,0.69
2020-09-01,13,311.9,64.0,30.0,142.097,,0.18,9.5,-2.8,0.31,10.199999999999932,15000,691.6,701.8,696.7,,0.69
2020-10-01,13,280.8,64.0,31.0,142.662,,0.18,9.5,-2.8,0.31,10.199999999999932,15000,691.6,701.8,696.7,,0.69
2020-11-01,13,334.7,64.0,29.0,117.001,,0.18,9.5,-2.8,0.31,10.199999999999932,15000,691.6,701.8,696.7,,0.69
2020-12-01,13,335.1,64.0,31.0,150.499,,0.18,9.5,-2.8,0.31,10.199999999999932,15000,691.6,701.8,696.7,,0.69
2021-01-01,13,254.8,64.0,31.0,144.441,,0.18,9.5,-2.8,0.31,10.199999999999932,15000,691.6,701.8,696.7,,0.69
2021-02-01,13,302.3,64.0,28.0,113.527,,0.18,9.5,-2.8,0.31,10.199999999999932,15000,691.6,701.8,696.7,,0.69
2021-03-01,13,335.3,64.0,31.0,118.33,,0.18,9.5,-2.8,0.31,10.199999999999932,15000,691.6,701.8,696.7,,0.69
2021-04-01,13,288.7,64.0,30.0,126.55,,0.18,9.5,-2.8,0.31,10.199999999999932,15000,691.6,701.8,696.7,,0.69
2021-05-01,13,288.5,64.0,31.0,99.207,,0.18,9.5,-2.8,0.31,10.199999999999932,15000,691.6,701.8,696.7,,0.69
2021-06-01,13,309.0,64.0,30.0,87.475,,0.18,9.5,-2.8,0.31,10.199999999999932,15000,691.6,701.8,696.7,,0.69
2021-07-01,13,277.4,64.0,30.0,134.471,,0.18,9.5,-2.8,0.31,10.199999999999932,15000,691.6,701.8,696.7,,0.69
2021-08-01,13,289.2,64.0,31.0,142.431,,0.18,9.5,-2.8,0.31,10.199999999999932,15000,691.6,701.8,696.7,,0.69
2021-09-01,13,312.4,64.0,14.0,52.974,,0.18,9.5,-2.8,0.31,10.199999999999932,15000,691.6,701.8,696.7,,0.69
2021-10-01,13,311.9,64.0,31.0,121.112,,0.18,9.5,-2.8,0.31,10.199999999999932,15000,691.6,701.8,696.7,,0.69
2021-11-01,13,312.0,64.0,30.0,111.908,,0.18,9.5,-2.8,0.31,10.199999999999932,15000,691.6,701.8,696.7,,0.69
2021-12-01,13,303.7,64.0,30.0,117.369,,0.18,9.5,-2.8,0.31,10.199999999999932,15000,691.6,701.8,696.7,,0.69
2022-01-01,13,305.7,48.0,31.0,116.889,,0.18,9.5,-2.8,0.31,10.199999999999932,15000,691.6,701.8,696.7,,0.69
2022-02-01,13,304.3,48.0,28.0,105.213,,0.18,9.5,-2.8,0.31,10.199999999999932,15000,691.6,701.8,696.7,,0.69
2022-03-01,13,297.2,64.0,31.0,116.682,,0.18,9.5,-2.8,0.31,10.199999999999932,15000,691.6,701.8,696.7,,0.69
2022-04-01,13,297.2,48.0,30.0,115.248,,0.18,9.5,-2.8,0.31,10.199999999999932,15000,691.6,701.8,696.7,,0.69
2022-05-01,13,293.6,48.0,31.0,118.985,,0.18,9.5,-2.8,0.31,10.199999999999932,15000,691.6,701.8,696.7,,0.69
2022-06-01,13,294.4,48.0,30.0,113.832,,0.18,9.5,-2.8,0.31,10.199999999999932,15000,691.6,701.8,696.7,,0.69
2022-07-01,13,302.2,48.0,31.0,107.044,,0.18,9.5,-2.8,0.31,10.199999999999932,15000,691.6,701.8,696.7,,0.69
2022-08-01,13,289.3,48.0,31.0,114.494,,0.18,9.5,-2.8,0.31,10.199999999999932,15000,691.6,701.8,696.7,,0.69
2022-09-01,13,291.7,48.0,30.0,116.475,,0.18,9.5,-2.8,0.31,10.199999999999932,15000,691.6,701.8,696.7,,0.69
2022-10-01,13,292.4,48.0,31.0,111.784,,0.18,9.5,-2.8,0.31,10.199999999999932,15000,691.6,701.8,696.7,,0.69
2022-11-01,13,297.3,48.0,28.0,97.415,,0.18,9.5,-2.8,0.31,10.199999999999932,15000,691.6,701.8,696.7,,0.69
2022-12-01,13,285.7,48.0,31.0,116.18,,0.18,9.5,-2.8,0.31,10.199999999999932,15000,691.6,701.8,696.7,,0.69
2023-01-01,13,280.0,48.0,31.0,114.283,,0.18,9.5,-2.8,0.31,10.199999999999932,15000,691.6,701.8,696.7,,0.69
2023-02-01,13,274.8,48.0,24.0,90.877,,0.18,9.5,-2.8,0.31,10.199999999999932,15000,691.6,701.8,696.7,,0.69
2023-03-01,13,287.6,48.0,31.0,113.335,,0.18,9.5,-2.8,0.31,10.199999999999932,15000,691.6,701.8,696.7,,0.69
2023-04-01,13,278.2,,,,,0.18,9.5,-2.8,0.31,10.199999999999932,15000,691.6,701.8,696.7,,0.69
2023-05-01,13,277.8,48.0,31.0,109.515,,0.18,9.5,-2.8,0.31,10.199999999999932,15000,691.6,701.8,696.7,,0.69
2023-06-01,13,276.9,48.0,30.0,110.298,,0.18,9.5,-2.8,0.31,10.199999999999932,15000,691.6,701.8,696.7,,0.69
2023-07-01,13,273.0,32.0,31.0,110.908,,0.18,9.5,-2.8,0.31,10.199999999999932,15000,691.6,701.8,696.7,,0.69
2023-08-01,13,271.7,32.0,31.0,111.579,,0.18,9.5,-2.8,0.31,10.199999999999932,15000,691.6,701.8,696.7,,0.69
2023-09-01,13,270.5,32.0,30.0,106.656,,0.18,9.5,-2.8,0.31,10.199999999999932,15000,691.6,701.8,696.7,,0.69
2023-10-01,13,269.7,32.0,31.0,108.737,,0.18,9.5,-2.8,0.31,10.199999999999932,15000,691.6,701.8,696.7,,0.69
2023-11-01,13,277.0,32.0,30.0,103.396,,0.18,9.5,-2.8,0.31,10.199999999999932,15000,691.6,701.8,696.7,,0.69
2023-12-01,13,266.9,32.0,31.0,105.496,,0.18,9.5,-2.8,0.31,10.199999999999932,15000,691.6,701.8,696.7,,0.69
2024-01-01,13,266.0,32.0,31.0,105.295,,0.18,9.5,-2.8,0.31,10.199999999999932,15000,691.6,701.8,696.7,,0.69
2024-02-01,13,263.5,32.0,29.0,99.368,,0.18,9.5,-2.8,0.31,10.199999999999932,15000,691.6,701.8,696.7,,0.69
2024-03-01,13,268.2,32.0,31.0,105.801,,0.18,9.5,-2.8,0.31,10.199999999999932,15000,691.6,701.8,696.7,,0.69
2024-04-01,13,264.3,32.0,30.0,100.397,,0.18,9.5,-2.8,0.31,10.199999999999932,15000,691.6,701.8,696.7,,0.69
2024-05-01,13,273.6,32.0,31.0,97.411,,0.18,9.5,-2.8,0.31,10.199999999999932,15000,691.6,701.8,696.7,,0.69
2024-06-01,13,275.5,32.0,30.0,97.703,,0.18,9.5,-2.8,0.31,10.199999999999932,15000,691.6,701.8,696.7,,0.69
2024-07-01,13,262.9,32.0,31.0,101.634,,0.18,9.5,-2.8,0.31,10.199999999999932,15000,691.6,701.8,696.7,,0.69
2024-08-01,13,266.9,32.0,31.0,98.977,,0.18,9.5,-2.8,0.31,10.199999999999932,15000,691.6,701.8,696.7,,0.69
2024-09-01,13,259.7,32.0,30.0,111.184,,0.18,9.5,-2.8,0.31,10.199999999999932,15000,691.6,701.8,696.7,,0.69
2024-10-01,13,206.8,96.0,31.0,117.353,,0.18,9.5,-2.8,0.31,10.199999999999932,15000,691.6,701.8,696.7,,0.69
2024-11-01,13,225.1,96.0,30.0,110.142,,0.18,9.5,-2.8,0.31,10.199999999999932,15000,691.6,701.8,696.7,,0.69
2024-12-01,13,202.9,96.0,31.0,117.227,,0.18,9.5,-2.8,0.31,10.199999999999932,15000,691.6,701.8,696.7,,0.69
2025-01-01,13,200.7,96.0,31.0,121.837,,0.18,9.5,-2.8,0.31,10.199999999999932,15000,691.6,701.8,696.7,,0.69
2025-02-01,13,194.3,96.0,28.0,106.866,,0.18,9.5,-2.8,0.31,10.199999999999932,15000,691.6,701.8,696.7,,0.69
2025-03-01,13,188.8,96.0,31.0,120.639,,0.18,9.5,-2.8,0.31,10.199999999999932,15000,691.6,701.8,696.7,,0.69
2025-04-01,13,188.0,96.0,30.0,115.381,,0.18,9.5,-2.8,0.31,10.199999999999932,15000,691.6,701.8,696.7,,0.69
2025-05-01,13,191.5,96.0,31.0,120.36,,0.18,9.5,-2.8,0.31,10.199999999999932,15000,691.6,701.8,696.7,,0.69
2025-06-01,13,193.6,96.0,30.0,114.275,,0.18,9.5,-2.8,0.31,10.199999999999932,15000,691.6,701.8,696.7,,0.69
1990-06-01,22,852.0,,,33.582,,0.19,5.9,5.3,0.42,11.649999999999977,14000,708.75,720.4,714.575,,0.77
1990-08-01,22,846.8,,,26.724,,0.19,5.9,5.3,0.42,11.649999999999977,14000,708.75,720.4,714.575,,0.77
1990-09-01,22,835.4,,,12.575,,0.19,5.9,5.3,0.42,11.649999999999977,14000,708.75,720.4,714.575,,0.77
1990-10-01,22,,,,15.432,,0.19,5.9,5.3,0.42,11.649999999999977,14000,708.75,720.4,714.575,,0.77
1995-01-01,22,840.3,,,12.847,,0.19,5.9,5.3,0.42,11.649999999999977,14000,708.75,720.4,714.575,,0.77
1995-02-01,22,833.5,,,19.888,,0.19,5.9,5.3,0.42,11.649999999999977,14000,708.75,720.4,714.575,,0.77
1995-04-01,22,817.9,,,32.457,,0.19,5.9,5.3,0.42,11.649999999999977,14000,708.75,720.4,714.575,,0.77
1995-05-01,22,819.2,,,43.283,,0.19,5.9,5.3,0.42,11.649999999999977,14000,708.75,720.4,714.575,,0.77
1995-06-01,22,812.3,,,28.126,,0.19,5.9,5.3,0.42,11.649999999999977,14000,708.75,720.4,714.575,,0.77
1995-07-01,22,852.7,,,15.155,,0.19,5.9,5.3,0.42,11.649999999999977,14000,708.75,720.4,714.575,,0.77
1995-08-01,22,830.7,,,49.911,,0.19,5.9,5.3,0.42,11.649999999999977,14000,708.75,720.4,714.575,,0.77
1995-09-01,22,780.2,,,55.676,,0.19,5.9,5.3,0.42,11.649999999999977,14000,708.75,720.4,714.575,,0.77
1995-10-01,22,786.5,,,48.792,,0.19,5.9,5.3,0.42,11.649999999999977,14000,708.75,720.4,714.575,,0.77
1995-11-01,22,801.3,,,48.633,,0.19,5.9,5.3,0.42,11.649999999999977,14000,708.75,720.4,714.575,,0.77
1995-12-01,22,802.3,,,85.269,,0.19,5.9,5.3,0.42,11.649999999999977,14000,708.75,720.4,714.575,,0.77
1996-01-01,22,790.5,,,72.011,,0.19,5.9,5.3,0.42,11.649999999999977,14000,708.75,720.4,714.575,,0.77
1996-02-01,22,783.7,,,76.299,,0.19,5.9,5.3,0.42,11.649999999999977,14000,708.75,720.4,714.575,,0.77
1996-04-01,22,793.5,,,71.429,,0.19,5.9,5.3,0.42,11.649999999999977,14000,708.75,720.4,714.575,,0.77
1996-05-01,22,780.0,,,77.709,,0.19,5.9,5.3,0.42,11.649999999999977,14000,708.75,720.4,714.575,,0.77
1996-06-01,22,780.0,,,71.028,,0.19,5.9,5.3,0.42,11.649999999999977,14000,708.75,720.4,714.575,,0.77
1996-07-01,22,781.0,,,74.782,,0.19,5.9,5.3,0.42,11.649999999999977,14000,708.75,720.4,714.575,,0.77
1996-08-01,22,791.3,,,72.28,,0.19,5.9,5.3,0.42,11.649999999999977,14000,708.75,720.4,714.575,,0.77
1996-09-01,22,797.7,,,56.429,,0.19,5.9,5.3,0.42,11.649999999999977,14000,708.75,720.4,714.575,,0.77
1996-10-01,22,798.0,,,41.893,,0.19,5.9,5.3,0.42,11.649999999999977,14000,708.75,720.4,714.575,,0.77
1996-11-01,22,788.0,,,56.31,,0.19,5.9,5.3,0.42,11.649999999999977,14000,708.75,720.4,714.575,,0.77
1996-12-01,22,764.4,,,55.094,,0.19,5.9,5.3,0.42,11.649999999999977,14000,708.75,720.4,714.575,,0.77
1998-07-01,22,758.0,,,47.939,,0.19,5.9,5.3,0.42,11.649999999999977,14000,708.75,720.4,714.575,,0.77
1999-02-01,22,723.5,,,33.309,,0.19,5.9,5.3,0.42,11.649999999999977,14000,708.75,720.4,714.575,,0.77
1999-07-01,22,730.3,,,33.299,,0.19,5.9,5.3,0.42,11.649999999999977,14000,708.75,720.4,714.575,,0.77
1999-08-01,22,724.5,,,24.402,,0.19,5.9,5.3,0.42,11.649999999999977,14000,708.75,720.4,714.575,,0.77
1999-10-01,22,713.4,,,49.616,,0.19,5.9,5.3,0.42,11.649999999999977,14000,708.75,720.4,714.575,,0.77
2000-05-01,22,700.8,,,13.709,,0.19,5.9,5.3,0.42,11.649999999999977,14000,708.75,720.4,714.575,,0.77
2000-06-01,22,691.0,,,53.285,,0.19,5.9,5.3,0.42,11.649999999999977,14000,708.75,720.4,714.575,,0.77
2000-08-01,22,687.3,,,28.723,,0.19,5.9,5.3,0.42,11.649999999999977,14000,708.75,720.4,714.575,,0.77
2000-11-01,22,696.8,,,28.517,,0.19,5.9,5.3,0.42,11.649999999999977,14000,708.75,720.4,714.575,,0.77
2001-01-01,22,708.5,,,50.722,,0.19,5.9,5.3,0.42,11.649999999999977,14000,708.75,720.4,714.575,,0.77
2001-02-01,22,697.2,,,49.015,,0.19,5.9,5.3,0.42,11.649999999999977,14000,708.75,720.4,714.575,,0.77
2001-03-01,22,699.3,,,49.114,,0.19,5.9,5.3,0.42,11.649999999999977,14000,708.75,720.4,714.575,,0.77
2001-05-01,22,693.2,,,51.72,,0.19,5.9,5.3,0.42,11.649999999999977,14000,708.75,720.4,714.575,,0.77
2001-06-01,22,697.7,,,37.817,,0.19,5.9,5.3,0.42,11.649999999999977,14000,708.75,720.4,714.575,,0.77
2001-07-01,22,690.3,,,33.865,,0.19,5.9,5.3,0.42,11.649999999999977,14000,708.75,720.4,714.575,,0.77
2001-08-01,22,690.4,,,26.012,,0.19,5.9,5.3,0.42,11.649999999999977,14000,708.75,720.4,714.575,,0.77
2001-09-01,22,690.4,,,24.603,,0.19,5.9,5.3,0.42,11.649999999999977,14000,708.75,720.4,714.575,,0.77
2001-10-01,22,710.4,,,28.271,,0.19,5.9,5.3,0.42,11.649999999999977,14000,708.75,720.4,714.575,,0.77
2001-11-01,22,685.8,,,39.93,,0.19,5.9,5.3,0.42,11.649999999999977,14000,708.75,720.4,714.575,,0.77
2001-12-01,22,678.0,,,34.031,,0.19,5.9,5.3,0.42,11.649999999999977,14000,708.75,720.4,714.575,,0.77
2002-01-01,22,,,,42.407,,0.19,5.9,5.3,0.42,11.649999999999977,14000,708.75,720.4,714.575,,0.77
2002-02-01,22,773.2,,,35.485,,0.19,5.9,5.3,0.42,11.649999999999977,14000,708.75,720.4,714.575,,0.77
2002-03-01,22,883.4,,,30.274,,0.19,5.9,5.3,0.42,11.649999999999977,14000,708.75,720.4,714.575,,0.77
2002-04-01,22,695.6,,,44.073,,0.19,5.9,5.3,0.42,11.649999999999977,14000,708.75,720.4,714.575,,0.77
2002-05-01,22,678.5,,,38.873,,0.19,5.9,5.3,0.42,11.649999999999977,14000,708.75,720.4,714.575,,0.77
2002-06-01,22,692.1,,,34.958,,0.19,5.9,5.3,0.42,11.649999999999977,14000,708.75,720.4,714.575,,0.77
2002-07-01,22,,,,46.801,,0.19,5.9,5.3,0.42,11.649999999999977,14000,708.75,720.4,714.575,,0.77
2002-08-01,22,695.7,,,29.522,,0.19,5.9,5.3,0.42,11.649999999999977,14000,708.75,720.4,714.575,,0.77
2002-09-01,22,,,,30.046,,0.19,5.9,5.3,0.42,11.649999999999977,14000,708.75,720.4,714.575,,0.77
2002-10-01,22,677.6,,,32.166,,0.19,5.9,5.3,0.42,11.649999999999977,14000,708.75,720.4,714.575,,0.77
2002-11-01,22,669.4,,,36.024,,0.19,5.9,5.3,0.42,11.649999999999977,14000,708.75,720.4,714.575,,0.77
2002-12-01,22,671.8,,,43.84,,0.19,5.9,5.3,0.42,11.649999999999977,14000,708.75,720.4,714.575,,0.77
2003-01-01,22,669.2,,,39.702,,0.19,5.9,5.3,0.42,11.649999999999977,14000,708.75,720.4,714.575,,0.77
2003-02-01,22,661.8,,,37.018,,0.19,5.9,5.3,0.42,11.649999999999977,14000,708.75,720.4,714.575,,0.77
2003-03-01,22,672.2,,,38.744,,0.19,5.9,5.3,0.42,11.649999999999977,14000,708.75,720.4,714.575,,0.77
2003-04-01,22,669.1,,,43.862,,0.19,5.9,5.3,0.42,11.649999999999977,14000,708.75,720.4,714.575,,0.77
2003-05-01,22,669.9,,,44.233,,0.19,5.9,5.3,0.42,11.649999999999977,14000,708.75,720.4,714.575,,0.77
2003-06-01,22,676.8,,,41.958,,0.19,5.9,5.3,0.42,11.649999999999977,14000,708.75,720.4,714.575,,0.77
2003-07-01,22,,,,42.704,,0.19,5.9,5.3,0.42,11.649999999999977,14000,708.75,720.4,714.575,,0.77
2003-08-01,22,676.5,,,61.106,,0.19,5.9,5.3,0.42,11.649999999999977,14000,708.75,720.4,714.575,,0.77
2003-09-01,22,,,,57.982,,0.19,5.9,5.3,0.42,11.649999999999977,14000,708.75,720.4,714.575,,0.77
2003-10-01,22,,,,60.859,,0.19,5.9,5.3,0.42,11.649999999999977,14000,708.75,720.4,714.575,,0.77
2003-11-01,22,,,,50.559,,0.19,5.9,5.3,0.42,11.649999999999977,14000,708.75,720.4,714.575,,0.77
2003-12-01,22,,,,47.683,,0.19,5.9,5.3,0.42,11.649999999999977,14000,708.75,720.4,714.575,,0.77
2004-01-01,22,662.2,,,35.167,,0.19,5.9,5.3,0.42,11.649999999999977,14000,708.75,720.4,714.575,,0.77
2004-02-01,22,667.0,,,34.143,,0.19,5.9,5.3,0.42,11.649999999999977,14000,708.75,720.4,714.575,,0.77
2004-03-01,22,663.5,,,47.331,,0.19,5.9,5.3,0.42,11.649999999999977,14000,708.75,720.4,714.575,,0.77
2004-04-01,22,672.5,,,41.738,,0.19,5.9,5.3,0.42,11.649999999999977,14000,708.75,720.4,714.575,,0.77
2004-05-01,22,675.9,,,38.757,,0.19,5.9,5.3,0.42,11.649999999999977,14000,708.75,720.4,714.575,,0.77
2004-06-01,22,673.9,,,38.256,,0.19,5.9,5.3,0.42,11.649999999999977,14000,708.75,720.4,714.575,,0.77
2004-07-01,22,670.8,,,44.746,,0.19,5.9,5.3,0.42,11.649999999999977,14000,708.75,720.4,714.575,,0.77
2004-08-01,22,645.5,,,66.822,,0.19,5.9,5.3,0.42,11.649999999999977,14000,708.75,720.4,714.575,,0.77
2004-09-01,22,653.4,,,48.914,,0.19,5.9,5.3,0.42,11.649999999999977,14000,708.75,720.4,714.575,,0.77
2004-10-01,22,645.8,,,35.363,,0.19,5.9,5.3,0.42,11.649999999999977,14000,708.75,720.4,714.575,,0.77
2004-11-01,22,651.5,,,30.547,,0.19,5.9,5.3,0.42,11.649999999999977,14000,708.75,720.4,714.575,,0.77
2004-12-01,22,651.2,,,31.458,,0.19,5.9,5.3,0.42,11.649999999999977,14000,708.75,720.4,714.575,,0.77
2005-01-01,22,668.5,,,33.197,,0.19,5.9,5.3,0.42,11.649999999999977,14000,708.75,720.4,714.575,,0.77
2005-02-01,22,657.8,,,31.788,,0.19,5.9,5.3,0.42,11.649999999999977,14000,708.75,720.4,714.575,,0.77
2005-03-01,22,652.0,,,40.395,,0.19,5.9,5.3,0.42,11.649999999999977,14000,708.75,720.4,714.575,,0.77
2005-04-01,22,656.5,,,33.691,,0.19,5.9,5.3,0.42,11.649999999999977,14000,708.75,720.4,714.575,,0.77
2005-05-01,22,641.5,,,43.429,,0.19,5.9,5.3,0.42,11.649999999999977,14000,708.75,720.4,714.575,,0.77
2005-06-01,22,653.6,,,33.197,,0.19,5.9,5.3,0.42,11.649999999999977,14000,708.75,720.4,714.575,,0.77
2005-07-01,22,644.8,,,11.287,,0.19,5.9,5.3,0.42,11.649999999999977,14000,708.75,720.4,714.575,,0.77
2005-08-01,22,643.3,,,25.081,,0.19,5.9,5.3,0.42,11.649999999999977,14000,708.75,720.4,714.575,,0.77
2005-09-01,22,649.5,,,51.065,,0.19,5.9,5.3,0.42,11.649999999999977,14000,708.75,720.4,714.575,,0.77
2005-10-01,22,639.9,,,38.808,,0.19,5.9,5.3,0.42,11.649999999999977,14000,708.75,720.4,714.575,,0.77
2005-11-01,22,642.0,,,34.985,,0.19,5.9,5.3,0.42,11.649999999999977,14000,708.75,720.4,714.575,,0.77
2005-12-01,22,645.2,,,37.928,,0.19,5.9,5.3,0.42,11.649999999999977,14000,708.75,720.4,714.575,,0.77
2006-01-01,22,634.8,,,25.451,,0.19,5.9,5.3,0.42,11.649999999999977,14000,708.75,720.4,714.575,887.1824373,0.77
2006-02-01,22,636.7,,,36.863,,0.19,5.9,5.3,0.42,11.649999999999977,14000,708.75,720.4,714.575,,0.77
2006-03-01,22,645.9,,,35.011,,0.19,5.9,5.3,0.42,11.649999999999977,14000,708.75,720.4,714.575,,0.77
2006-04-01,22,637.6,,,23.996,,0.19,5.9,5.3,0.42,11.649999999999977,14000,708.75,720.4,714.575,,0.77
2006-05-01,22,635.3,,,33.252,,0.19,5.9,5.3,0.42,11.649999999999977,14000,708.75,720.4,714.575,,0.77
2006-06-01,22,627.4,,,50.326,,0.19,5.9,5.3,0.42,11.649999999999977,14000,708.75,720.4,714.575,,0.77
2006-07-01,22,624.3,,,38.377,,0.19,5.9,5.3,0.42,11.649999999999977,14000,708.75,720.4,714.575,,0.77
2006-08-01,22,627.5,,,39.912,,0.19,5.9,5.3,0.42,11.649999999999977,14000,708.75,720.4,714.575,,0.77
2006-09-01,22,630.5,,,37.172,,0.19,5.9,5.3,0.42,11.649999999999977,14000,708.75,720.4,714.575,,0.77
2006-10-01,22,622.4,,,29.505,,0.19,5.9,5.3,0.42,11.649999999999977,14000,708.75,720.4,714.575,,0.77
2006-11-01,22,618.6,,,37.256,,0.19,5.9,5.3,0.42,11.649999999999977,14000,708.75,720.4,714.575,,0.77
2006-12-01,22,617.6,,,36.437,,0.19,5.9,5.3,0.42,11.649999999999977,14000,708.75,720.4,714.575,,0.77
2007-01-01,22,612.5,,,38.798,,0.19,5.9,5.3,0.42,11.649999999999977,14000,708.75,720.4,714.575,,0.77
2007-02-01,22,612.3,,,36.639,,0.19,5.9,5.3,0.42,11.649999999999977,14000,708.75,720.4,714.575,,0.77
2007-03-01,22,615.3,,,44.193,,0.19,5.9,5.3,0.42,11.649999999999977,14000,708.75,720.4,714.575,,0.77
2007-04-01,22,615.8,,,26.975,,0.19,5.9,5.3,0.42,11.649999999999977,14000,708.75,720.4,714.575,,0.77
2007-05-01,22,599.2,,,39.846,,0.19,5.9,5.3,0.42,11.649999999999977,14000,708.75,720.4,714.575,,0.77
2007-06-01,22,604.9,,,43.053,,0.19,5.9,5.3,0.42,11.649999999999977,14000,708.75,720.4,714.575,,0.77
2007-07-01,22,617.6,,,34.176,,0.19,5.9,5.3,0.42,11.649999999999977,14000,708.75,720.4,714.575,,0.77
2007-08-01,22,612.4,,,30.565,,0.19,5.9,5.3,0.42,11.649999999999977,14000,708.75,720.4,714.575,,0.77
2007-09-01,22,610.5,,,33.289,,0.19,5.9,5.3,0.42,11.649999999999977,14000,708.75,720.4,714.575,,0.77
2007-10-01,22,607.2,,,26.677,,0.19,5.9,5.3,0.42,11.649999999999977,14000,708.75,720.4,714.575,,0.77
2007-11-01,22,656.3,,,43.689,,0.19,5.9,5.3,0.42,11.649999999999977,14000,708.75,720.4,714.575,,0.77
2007-12-01,22,620.0,,,30.776,,0.19,5.9,5.3,0.42,11.649999999999977,14000,708.75,720.4,714.575,,0.77
2008-01-01,22,602.6,,,43.405,,0.19,5.9,5.3,0.42,11.649999999999977,14000,708.75,720.4,714.575,,0.77
2008-02-01,22,602.1,,,34.247,,0.19,5.9,5.3,0.42,11.649999999999977,14000,708.75,720.4,714.575,,0.77
2008-03-01,22,601.1,,,28.05,,0.19,5.9,5.3,0.42,11.649999999999977,14000,708.75,720.4,714.575,,0.77
2008-04-01,22,602.5,,,58.38,,0.19,5.9,5.3,0.42,11.649999999999977,14000,708.75,720.4,714.575,,0.77
2008-05-01,22,609.5,,,39.617,,0.19,5.9,5.3,0.42,11.649999999999977,14000,708.75,720.4,714.575,,0.77
2008-06-01,22,580.8,,,28.603,,0.19,5.9,5.3,0.42,11.649999999999977,14000,708.75,720.4,714.575,,0.77
2008-07-01,22,587.8,,,27.437,,0.19,5.9,5.3,0.42,11.649999999999977,14000,708.75,720.4,714.575,869.5,0.77
2008-08-01,22,583.8,,,32.725,,0.19,5.9,5.3,0.42,11.649999999999977,14000,708.75,720.4,714.575,,0.77
2008-09-01,22,585.5,,,37.791,,0.19,5.9,5.3,0.42,11.649999999999977,14000,708.75,720.4,714.575,,0.77
2008-10-01,22,581.5,,,27.051,,0.19,5.9,5.3,0.42,11.649999999999977,14000,708.75,720.4,714.575,,0.77
2008-11-01,22,575.8,,,46.893,,0.19,5.9,5.3,0.42,11.649999999999977,14000,708.75,720.4,714.575,,0.77
2008-12-01,22,584.2,,,31.041,,0.19,5.9,5.3,0.42,11.649999999999977,14000,708.75,720.4,714.575,,0.77
2009-01-01,22,588.5,,,43.661,,0.19,5.9,5.3,0.42,11.649999999999977,14000,708.75,720.4,714.575,,0.77
2009-02-01,22,596.2,,,36.979,,0.19,5.9,5.3,0.42,11.649999999999977,14000,708.75,720.4,714.575,,0.77
2009-03-01,22,589.1,,,37.415,,0.19,5.9,5.3,0.42,11.649999999999977,14000,708.75,720.4,714.575,,0.77
2009-04-01,22,616.3,,,31.851,,0.19,5.9,5.3,0.42,11.649999999999977,14000,708.75,720.4,714.575,,0.77
2009-05-01,22,609.8,,,39.681,,0.19,5.9,5.3,0.42,11.649999999999977,14000,708.75,720.4,714.575,,0.77
2009-06-01,22,573.5,,,35.984,,0.19,5.9,5.3,0.42,11.649999999999977,14000,708.75,720.4,714.575,,0.77
2009-07-01,22,578.7,,,36.681,,0.19,5.9,5.3,0.42,11.649999999999977,14000,708.75,720.4,714.575,,0.77
2009-08-01,22,574.5,,,41.399,,0.19,5.9,5.3,0.42,11.649999999999977,14000,708.75,720.4,714.575,,0.77
2009-09-01,22,571.2,,,43.029,,0.19,5.9,5.3,0.42,11.649999999999977,14000,708.75,720.4,714.575,,0.77
2009-10-01,22,563.4,,,39.182,,0.19,5.9,5.3,0.42,11.649999999999977,14000,708.75,720.4,714.575,,0.77
2009-11-01,22,561.4,,,34.927,,0.19,5.9,5.3,0.42,11.649999999999977,14000,708.75,720.4,714.575,,0.77
2009-12-01,22,575.0,,,32.723,,0.19,5.9,5.3,0.42,11.649999999999977,14000,708.75,720.4,714.575,,0.77
2010-01-01,22,572.9,,,35.658,,0.19,5.9,5.3,0.42,11.649999999999977,14000,708.75,720.4,714.575,824.437,0.77
2010-02-01,22,579.1,,,33.337,,0.19,5.9,5.3,0.42,11.649999999999977,14000,708.75,720.4,714.575,,0.77
2010-03-01,22,575.8,,,39.61,,0.19,5.9,5.3,0.42,11.649999999999977,14000,708.75,720.4,714.575,,0.77
2010-04-01,22,576.4,,,37.958,,0.19,5.9,5.3,0.42,11.649999999999977,14000,708.75,720.4,714.575,,0.77
2010-05-01,22,616.8,,,35.025,,0.19,5.9,5.3,0.42,11.649999999999977,14000,708.75,720.4,714.575,,0.77
2010-06-01,22,569.7,,,37.56,,0.19,5.9,5.3,0.42,11.649999999999977,14000,708.75,720.4,714.575,,0.77
2010-07-01,22,663.8,,,23.482,,0.19,5.9,5.3,0.42,11.649999999999977,14000,708.75,720.4,714.575,,0.77
2010-08-01,22,563.0,,,30.412,,0.19,5.9,5.3,0.42,11.649999999999977,14000,708.75,720.4,714.575,,0.77
2010-09-01,22,558.0,,,26.531,,0.19,5.9,5.3,0.42,11.649999999999977,14000,708.75,720.4,714.575,,0.77
2010-10-01,22,566.5,,,37.288,,0.19,5.9,5.3,0.42,11.649999999999977,14000,708.75,720.4,714.575,,0.77
2010-11-01,22,553.6,,,39.096,,0.19,5.9,5.3,0.42,11.649999999999977,14000,708.75,720.4,714.575,,0.77
2010-12-01,22,540.0,,,32.277,,0.19,5.9,5.3,0.42,11.649999999999977,14000,708.75,720.4,714.575,,0.77
2011-01-01,22,551.4,,,37.194,,0.19,5.9,5.3,0.42,11.649999999999977,14000,708.75,720.4,714.575,,0.77
2011-02-01,22,568.1,,,27.0,,0.19,5.9,5.3,0.42,11.649999999999977,14000,708.75,720.4,714.575,,0.77
2011-03-01,22,553.4,,,32.891,,0.19,5.9,5.3,0.42,11.649999999999977,14000,708.75,720.4,714.575,,0.77
2011-04-01,22,569.5,,,34.816,,0.19,5.9,5.3,0.42,11.649999999999977,14000,708.75,720.4,714.575,,0.77
2011-05-01,22,557.2,,,34.712,,0.19,5.9,5.3,0.42,11.649999999999977,14000,708.75,720.4,714.575,,0.77
2011-06-01,22,549.1,,,28.57,,0.19,5.9,5.3,0.42,11.649999999999977,14000,708.75,720.4,714.575,,0.77
2011-07-01,22,547.6,,,21.73,,0.19,5.9,5.3,0.42,11.649999999999977,14000,708.75,720.4,714.575,,0.77
2011-08-01,22,542.8,,,38.648,,0.19,5.9,5.3,0.42,11.649999999999977,14000,708.75,720.4,714.575,,0.77
2011-09-01,22,546.4,,,41.22,,0.19,5.9,5.3,0.42,11.649999999999977,14000,708.75,720.4,714.575,,0.77
2011-10-01,22,547.2,,,35.787,,0.19,5.9,5.3,0.42,11.649999999999977,14000,708.75,720.4,714.575,,0.77
2011-11-01,22,536.1,,,33.749,,0.19,5.9,5.3,0.42,11.649999999999977,14000,708.75,720.4,714.575,,0.77
2011-12-01,22,541.2,,,30.333,,0.19,5.9,5.3,0.42,11.649999999999977,14000,708.75,720.4,714.575,,0.77
2012-01-01,22,533.7,,,25.033,,0.19,5.9,5.3,0.42,11.649999999999977,14000,708.75,720.4,714.575,,0.77
2012-02-01,22,544.2,,,41.419,,0.19,5.9,5.3,0.42,11.649999999999977,14000,708.75,720.4,714.575,,0.77
2012-03-01,22,530.1,,,30.754,,0.19,5.9,5.3,0.42,11.649999999999977,14000,708.75,720.4,714.575,,0.77
2012-04-01,22,541.5,,,35.887,,0.19,5.9,5.3,0.42,11.649999999999977,14000,708.75,720.4,714.575,,0.77
2012-05-01,22,536.0,,,32.627,,0.19,5.9,5.3,0.42,11.649999999999977,14000,708.75,720.4,714.575,,0.77
2012-06-01,22,550.5,,,31.996,,0.19,5.9,5.3,0.42,11.649999999999977,14000,708.75,720.4,714.575,,0.77
2012-07-01,22,536.7,,,34.486,,0.19,5.9,5.3,0.42,11.649999999999977,14000,708.75,720.4,714.575,,0.77
2012-08-01,22,542.5,,,38.949,,0.19,5.9,5.3,0.42,11.649999999999977,14000,708.75,720.4,714.575,,0.77
2012-09-01,22,539.8,,,17.041,,0.19,5.9,5.3,0.42,11.649999999999977,14000,708.75,720.4,714.575,,0.77
2012-10-01,22,523.4,,,34.976,,0.19,5.9,5.3,0.42,11.649999999999977,14000,708.75,720.4,714.575,,0.77
2012-11-01,22,529.9,,,21.081,,0.19,5.9,5.3,0.42,11.649999999999977,14000,708.75,720.4,714.575,,0.77
2012-12-01,22,538.9,,,17.847,,0.19,5.9,5.3,0.42,11.649999999999977,14000,708.75,720.4,714.575,,0.77
2013-01-01,22,531.8,,,20.754,,0.19,5.9,5.3,0.42,11.649999999999977,14000,708.75,720.4,714.575,,0.77
2013-02-01,22,528.5,,,23.704,,0.19,5.9,5.3,0.42,11.649999999999977,14000,708.75,720.4,714.575,,0.77
2013-03-01,22,542.5,,,28.875,,0.19,5.9,5.3,0.42,11.649999999999977,14000,708.75,720.4,714.575,,0.77
2013-04-01,22,553.2,,,28.167,,0.19,5.9,5.3,0.42,11.649999999999977,14000,708.75,720.4,714.575,,0.77
2013-05-01,22,522.5,,,21.431,,0.19,5.9,5.3,0.42,11.649999999999977,14000,708.75,720.4,714.575,,0.77
2013-06-01,22,526.3,,,18.452,,0.19,5.9,5.3,0.42,11.649999999999977,14000,708.75,720.4,714.575,,0.77
2013-07-01,22,527.1,,,26.836,,0.19,5.9,5.3,0.42,11.649999999999977,14000,708.75,720.4,714.575,,0.77
2013-08-01,22,516.3,,,39.835,,0.19,5.9,5.3,0.42,11.649999999999977,14000,708.75,720.4,714.575,,0.77
2013-09-01,22,515.1,,,30.335,,0.19,5.9,5.3,0.42,11.649999999999977,14000,708.75,720.4,714.575,,0.77
2013-10-01,22,517.9,,,20.894,,0.19,5.9,5.3,0.42,11.649999999999977,14000,708.75,720.4,714.575,,0.77
2013-11-01,22,595.2,,,23.332,,0.19,5.9,5.3,0.42,11.649999999999977,14000,708.75,720.4,714.575,,0.77
2013-12-01,22,502.1,,,28.427,,0.19,5.9,5.3,0.42,11.649999999999977,14000,708.75,720.4,714.575,,0.77
2014-01-01,22,505.5,,,24.572,,0.19,5.9,5.3,0.42,11.649999999999977,14000,708.75,720.4,714.575,,0.77
2014-02-01,22,512.8,,,30.745,,0.19,5.9,5.3,0.42,11.649999999999977,14000,708.75,720.4,714.575,,0.77
2014-03-01,22,516.1,,,26.591,,0.19,5.9,5.3,0.42,11.649999999999977,14000,708.75,720.4,714.575,,0.77
2014-04-01,22,502.4,,,28.583,,0.19,5.9,5.3,0.42,11.649999999999977,14000,708.75,720.4,714.575,,0.77
2014-05-01,22,538.8,,,33.74,,0.19,5.9,5.3,0.42,11.649999999999977,14000,708.75,720.4,714.575,,0.77
2014-06-01,22,496.1,,,22.221,,0.19,5.9,5.3,0.42,11.649999999999977,14000,708.75,720.4,714.575,,0.77
2014-07-01,22,484.7,,,28.109,,0.19,5.9,5.3,0.42,11.649999999999977,14000,708.75,720.4,714.575,,0.77
2014-08-01,22,491.2,,,21.869,,0.19,5.9,5.3,0.42,11.649999999999977,14000,708.75,720.4,714.575,,0.77
2014-09-01,22,501.1,,,32.75,,0.19,5.9,5.3,0.42,11.649999999999977,14000,708.75,720.4,714.575,,0.77
2014-10-01,22,473.0,,,28.194,,0.19,5.9,5.3,0.42,11.649999999999977,14000,708.75,720.4,714.575,,0.77
2014-11-01,22,478.3,,,19.206,,0.19,5.9,5.3,0.42,11.649999999999977,14000,708.75,720.4,714.575,,0.77
2014-12-01,22,481.3,,,23.023,,0.19,5.9,5.3,0.42,11.649999999999977,14000,708.75,720.4,714.575,,0.77
2015-01-01,22,476.6,,,32.124,,0.19,5.9,5.3,0.42,11.649999999999977,14000,708.75,720.4,714.575,,0.77
2015-02-01,22,478.3,,,43.092,,0.19,5.9,5.3,0.42,11.649999999999977,14000,708.75,720.4,714.575,,0.77
2015-03-01,22,478.3,,,34.863,,0.19,5.9,5.3,0.42,11.649999999999977,14000,708.75,720.4,714.575,,0.77
2015-04-01,22,489.1,,,35.314,,0.19,5.9,5.3,0.42,11.649999999999977,14000,708.75,720.4,714.575,,0.77
2015-05-01,22,470.8,,,30.353,,0.19,5.9,5.3,0.42,11.649999999999977,14000,708.75,720.4,714.575,,0.77
2015-06-01,22,461.0,,,38.488,,0.19,5.9,5.3,0.42,11.649999999999977,14000,708.75,720.4,714.575,,0.77
2015-07-01,22,467.6,,,29.211,,0.19,5.9,5.3,0.42,11.649999999999977,14000,708.75,720.4,714.575,,0.77
2015-08-01,22,455.2,64.0,31.0,36.493,,0.19,5.9,5.3,0.42,11.649999999999977,14000,708.75,720.4,714.575,,0.77
2015-09-01,22,456.0,64.0,30.0,16.213,,0.19,5.9,5.3,0.42,11.649999999999977,14000,708.75,720.4,714.575,,0.77
2015-10-01,22,461.2,64.0,31.0,36.842,,0.19,5.9,5.3,0.42,11.649999999999977,14000,708.75,720.4,714.575,,0.77
2015-11-01,22,485.6,64.0,30.0,20.859,,0.19,5.9,5.3,0.42,11.649999999999977,14000,708.75,720.4,714.575,,0.77
2015-12-01,22,460.0,64.0,31.0,28.667,,0.19,5.9,5.3,0.42,11.649999999999977,14000,708.75,720.4,714.575,,0.77
2016-01-01,22,450.0,64.0,31.0,37.309,,0.19,5.9,5.3,0.42,11.649999999999977,14000,708.75,720.4,714.575,,0.77
2016-02-01,22,441.0,64.0,29.0,42.586,,0.19,5.9,5.3,0.42,11.649999999999977,14000,708.75,720.4,714.575,,0.77
2016-03-01,22,449.1,64.0,31.0,43.077,,0.19,5.9,5.3,0.42,11.649999999999977,14000,708.75,720.4,714.575,,0.77
2016-04-01,22,439.2,64.0,30.0,22.812,,0.19,5.9,5.3,0.42,11.649999999999977,14000,708.75,720.4,714.575,,0.77
2016-05-01,22,449.0,64.0,31.0,26.868,,0.19,5.9,5.3,0.42,11.649999999999977,14000,708.75,720.4,714.575,,0.77
2016-06-01,22,437.5,64.0,30.0,36.447,,0.19,5.9,5.3,0.42,11.649999999999977,14000,708.75,720.4,714.575,,0.77
2016-07-01,22,400.4,64.0,31.0,37.776,,0.19,5.9,5.3,0.42,11.649999999999977,14000,708.75,720.4,714.575,,0.77
2016-08-01,22,431.6,64.0,27.0,35.824,,0.19,5.9,5.3,0.42,11.649999999999977,14000,708.75,720.4,714.575,,0.77
2016-09-01,22,436.0,64.0,30.0,36.644,,0.19,5.9,5.3,0.42,11.649999999999977,14000,708.75,720.4,714.575,,0.77
2016-10-01,22,446.0,64.0,31.0,20.289,,0.19,5.9,5.3,0.42,11.649999999999977,14000,708.75,720.4,714.575,,0.77
2016-11-01,22,426.1,64.0,30.0,39.705,,0.19,5.9,5.3,0.42,11.649999999999977,14000,708.75,720.4,714.575,,0.77
2016-12-01,22,415.1,64.0,31.0,36.064,,0.19,5.9,5.3,0.42,11.649999999999977,14000,708.75,720.4,714.575,,0.77
2017-01-01,22,413.7,64.0,31.0,29.215,,0.19,5.9,5.3,0.42,11.649999999999977,14000,708.75,720.4,714.575,,0.77
2017-02-01,22,415.6,64.0,28.0,30.883,,0.19,5.9,5.3,0.42,11.649999999999977,14000,708.75,720.4,714.575,,0.77
2017-03-01,22,416.0,64.0,31.0,40.977,,0.19,5.9,5.3,0.42,11.649999999999977,14000,708.75,720.4,714.575,,0.77
2017-04-01,22,401.0,64.0,29.0,37.45,,0.19,5.9,5.3,0.42,11.649999999999977,14000,708.75,720.4,714.575,,0.77
2017-05-01,22,407.5,64.0,31.0,39.571,,0.19,5.9,5.3,0.42,11.649999999999977,14000,708.75,720.4,714.575,,0.77
2017-06-01,22,413.9,64.0,30.0,37.834,,0.19,5.9,5.3,0.42,11.649999999999977,14000,708.75,720.4,714.575,,0.77
2017-07-01,22,400.4,64.0,31.0,39.1,,0.19,5.9,5.3,0.42,11.649999999999977,14000,708.75,720.4,714.575,,0.77
2017-08-01,22,401.9,64.0,31.0,41.033,,0.19,5.9,5.3,0.42,11.649999999999977,14000,708.75,720.4,714.575,,0.77
2017-09-01,22,404.7,64.0,30.0,39.403,,0.19,5.9,5.3,0.42,11.649999999999977,14000,708.75,720.4,714.575,,0.77
2017-10-01,22,426.7,64.0,31.0,26.46,,0.19,5.9,5.3,0.42,11.649999999999977,14000,708.75,720.4,714.575,,0.77
2017-11-01,22,407.4,64.0,30.0,37.389,,0.19,5.9,5.3,0.42,11.649999999999977,14000,708.75,720.4,714.575,,0.77
2017-12-01,22,397.0,64.0,31.0,41.845,,0.19,5.9,5.3,0.42,11.649999999999977,14000,708.75,720.4,714.575,,0.77
2018-01-01,22,380.8,64.0,31.0,46.005,,0.19,5.9,5.3,0.42,11.649999999999977,14000,708.75,720.4,714.575,,0.77
2018-02-01,22,370.4,64.0,25.0,36.864,,0.19,5.9,5.3,0.42,11.649999999999977,14000,708.75,720.4,714.575,,0.77
2018-03-01,22,370.1,64.0,29.0,42.328,,0.19,5.9,5.3,0.42,11.649999999999977,14000,708.75,720.4,714.575,,0.77
2018-04-01,22,387.5,64.0,26.0,42.945,,0.19,5.9,5.3,0.42,11.649999999999977,14000,708.75,720.4,714.575,,0.77
2018-05-01,22,349.9,64.0,31.0,47.883,,0.19,5.9,5.3,0.42,11.649999999999977,14000,708.75,720.4,714.575,,0.77
2018-06-01,22,350.6,64.0,30.0,50.642,,0.19,5.9,5.3,0.42,11.649999999999977,14000,708.75,720.4,714.575,,0.77
2018-07-01,22,352.3,64.0,31.0,49.554,,0.19,5.9,5.3,0.42,11.649999999999977,14000,708.75,720.4,714.575,,0.77
2018-08-01,22,353.1,64.0,31.0,49.545,,0.19,5.9,5.3,0.42,11.649999999999977,14000,708.75,720.4,714.575,,0.77
2018-09-01,22,343.5,64.0,30.0,46.219,,0.19,5.9,5.3,0.42,11.649999999999977,14000,708.75,720.4,714.575,,0.77
2018-10-01,22,343.9,64.0,31.0,46.858,,0.19,5.9,5.3,0.42,11.649999999999977,14000,708.75,720.4,714.575,,0.77
2018-11-01,22,353.0,64.0,30.0,43.0,,0.19,5.9,5.3,0.42,11.649999999999977,14000,708.75,720.4,714.575,,0.77
2018-12-01,22,358.0,64.0,31.0,42.822,,0.19,5.9,5.3,0.42,11.649999999999977,14000,708.75,720.4,714.575,,0.77
2019-01-01,22,353.8,64.0,31.0,37.508,,0.19,5.9,5.3,0.42,11.649999999999977,14000,708.75,720.4,714.575,,0.77
2019-02-01,22,338.0,64.0,28.0,37.048,,0.19,5.9,5.3,0.42,11.649999999999977,14000,708.75,720.4,714.575,,0.77
2019-03-01,22,356.5,64.0,31.0,41.86,,0.19,5.9,5.3,0.42,11.649999999999977,14000,708.75,720.4,714.575,,0.77
2019-04-01,22,361.5,64.0,24.0,33.316,,0.19,5.9,5.3,0.42,11.649999999999977,14000,708.75,720.4,714.575,,0.77
2019-05-01,22,,64.0,25.0,34.752,,0.19,5.9,5.3,0.42,11.649999999999977,14000,708.75,720.4,714.575,,0.77
2019-06-01,22,341.8,64.0,29.0,44.665,,0.19,5.9,5.3,0.42,11.649999999999977,14000,708.75,720.4,714.575,,0.77
2019-07-01,22,359.2,64.0,31.0,45.094,,0.19,5.9,5.3,0.42,11.649999999999977,14000,708.75,720.4,714.575,,0.77
2019-08-01,22,351.0,64.0,26.0,37.023,,0.19,5.9,5.3,0.42,11.649999999999977,14000,708.75,720.4,714.575,,0.77
2019-09-01,22,371.8,64.0,30.0,41.095,,0.19,5.9,5.3,0.42,11.649999999999977,14000,708.75,720.4,714.575,,0.77
2019-10-01,22,370.6,64.0,31.0,37.437,,0.19,5.9,5.3,0.42,11.649999999999977,14000,708.75,720.4,714.575,,0.77
2019-11-01,22,358.7,64.0,30.0,25.03,,0.19,5.9,5.3,0.42,11.649999999999977,14000,708.75,720.4,714.575,,0.77
2019-12-01,22,372.5,64.0,31.0,36.07,,0.19,5.9,5.3,0.42,11.649999999999977,14000,708.75,720.4,714.575,,0.77
2020-01-01,22,350.8,64.0,31.0,42.968,,0.19,5.9,5.3,0.42,11.649999999999977,14000,708.75,720.4,714.575,,0.77
2020-02-01,22,343.3,64.0,29.0,38.818,,0.19,5.9,5.3,0.42,11.649999999999977,14000,708.75,720.4,714.575,,0.77
2020-03-01,22,343.3,64.0,31.0,36.267,,0.19,5.9,5.3,0.42,11.649999999999977,14000,708.75,720.4,714.575,,0.77
2020-06-01,22,,64.0,30.0,33.694,,0.19,5.9,5.3,0.42,11.649999999999977,14000,708.75,720.4,714.575,,0.77
2020-07-01,22,330.5,64.0,31.0,44.55,,0.19,5.9,5.3,0.42,11.649999999999977,14000,708.75,720.4,714.575,,0.77
2020-08-01,22,375.0,64.0,31.0,42.683,,0.19,5.9,5.3,0.42,11.649999999999977,14000,708.75,720.4,714.575,,0.77
2020-09-01,22,349.4,64.0,30.0,41.302,,0.19,5.9,5.3,0.42,11.649999999999977,14000,708.75,720.4,714.575,,0.77
2020-10-01,22,339.3,64.0,31.0,37.909,,0.19,5.9,5.3,0.42,11.649999999999977,14000,708.75,720.4,714.575,,0.77
2020-11-01,22,337.6,64.0,30.0,34.552,,0.19,5.9,5.3,0.42,11.649999999999977,14000,708.75,720.4,714.575,,0.77
2020-12-01,22,308.8,64.0,31.0,40.144,,0.19,5.9,5.3,0.42,11.649999999999977,14000,708.75,720.4,714.575,,0.77
2021-01-01,22,302.6,64.0,31.0,46.142,,0.19,5.9,5.3,0.42,11.649999999999977,14000,708.75,720.4,714.575,,0.77
2021-02-01,22,309.1,64.0,28.0,40.235,,0.19,5.9,5.3,0.42,11.649999999999977,14000,708.75,720.4,714.575,,0.77
2021-03-01,22,320.1,64.0,31.0,42.856,,0.19,5.9,5.3,0.42,11.649999999999977,14000,708.75,720.4,714.575,,0.77
2021-04-01,22,327.7,64.0,30.0,47.3,,0.19,5.9,5.3,0.42,11.649999999999977,14000,708.75,720.4,714.575,,0.77
2021-05-01,22,268.4,64.0,31.0,48.345,,0.19,5.9,5.3,0.42,11.649999999999977,14000,708.75,720.4,714.575,,0.77
2021-06-01,22,290.3,64.0,30.0,42.149,,0.19,5.9,5.3,0.42,11.649999999999977,14000,708.75,720.4,714.575,,0.77
2021-07-01,22,271.3,64.0,31.0,42.7,,0.19,5.9,5.3,0.42,11.649999999999977,14000,708.75,720.4,714.575,,0.77
2021-08-01,22,264.7,64.0,31.0,44.674,,0.19,5.9,5.3,0.42,11.649999999999977,14000,708.75,720.4,714.575,,0.77
2021-09-01,22,288.7,64.0,30.0,39.808,,0.19,5.9,5.3,0.42,11.649999999999977,14000,708.75,720.4,714.575,,0.77
2021-10-01,22,259.2,64.0,31.0,42.716,,0.19,5.9,5.3,0.42,11.649999999999977,14000,708.75,720.4,714.575,,0.77
2021-11-01,22,258.2,64.0,30.0,40.128,,0.19,5.9,5.3,0.42,11.649999999999977,14000,708.75,720.4,714.575,,0.77
2021-12-01,22,255.4,64.0,31.0,43.544,,0.19,5.9,5.3,0.42,11.649999999999977,14000,708.75,720.4,714.575,,0.77
2022-01-01,22,252.7,64.0,31.0,43.412,,0.19,5.9,5.3,0.42,11.649999999999977,14000,708.75,720.4,714.575,,0.77
2022-02-01,22,254.5,64.0,28.0,38.492,,0.19,5.9,5.3,0.42,11.649999999999977,14000,708.75,720.4,714.575,,0.77
2022-03-01,22,235.0,64.0,31.0,43.335,,0.19,5.9,5.3,0.42,11.649999999999977,14000,708.75,720.4,714.575,,0.77
2022-04-01,22,239.3,64.0,30.0,43.331,,0.19,5.9,5.3,0.42,11.649999999999977,14000,708.75,720.4,714.575,,0.77
2022-05-01,22,236.4,64.0,31.0,44.779,,0.19,5.9,5.3,0.42,11.649999999999977,14000,708.75,720.4,714.575,,0.77
2022-06-01,22,250.2,64.0,30.0,41.701,,0.19,5.9,5.3,0.42,11.649999999999977,14000,708.75,720.4,714.575,,0.77
2022-07-01,22,254.7,64.0,31.0,39.102,,0.19,5.9,5.3,0.42,11.649999999999977,14000,708.75,720.4,714.575,,0.77
2022-08-01,22,242.7,64.0,31.0,40.934,,0.19,5.9,5.3,0.42,11.649999999999977,14000,708.75,720.4,714.575,,0.77
2022-09-01,22,230.1,64.0,30.0,39.827,,0.19,5.9,5.3,0.42,11.649999999999977,14000,708.75,720.4,714.575,,0.77
2022-10-01,22,246.3,64.0,31.0,40.395,,0.19,5.9,5.3,0.42,11.649999999999977,14000,708.75,720.4,714.575,,0.77
2022-11-01,22,264.0,64.0,28.0,46.354,,0.19,5.9,5.3,0.42,11.649999999999977,14000,708.75,720.4,714.575,,0.77
2022-12-01,22,247.9,64.0,28.0,78.529,,0.19,5.9,5.3,0.42,11.649999999999977,14000,708.75,720.4,714.575,,0.77
2023-01-01,22,247.9,64.0,31.0,89.679,,0.19,5.9,5.3,0.42,11.649999999999977,14000,708.75,720.4,714.575,,0.77
2023-02-01,22,259.5,64.0,18.0,52.133,,0.19,5.9,5.3,0.42,11.649999999999977,14000,708.75,720.4,714.575,,0.77
2023-03-01,22,236.5,64.0,31.0,91.616,,0.19,5.9,5.3,0.42,11.649999999999977,14000,708.75,720.4,714.575,535.0,0.77
2023-04-01,22,240.5,,,,,0.19,5.9,5.3,0.42,11.649999999999977,14000,708.75,720.4,714.575,,0.77
2023-05-01,22,267.6,64.0,23.0,62.864,,0.19,5.9,5.3,0.42,11.649999999999977,14000,708.75,720.4,714.575,,0.77
2023-06-01,22,243.5,64.0,30.0,82.609,,0.19,5.9,5.3,0.42,11.649999999999977,14000,708.75,720.4,714.575,,0.77
2023-07-01,22,236.1,96.0,31.0,84.202,,0.19,5.9,5.3,0.42,11.649999999999977,14000,708.75,720.4,714.575,,0.77
2023-08-01,22,232.5,96.0,31.0,84.574,,0.19,5.9,5.3,0.42,11.649999999999977,14000,708.75,720.4,714.575,,0.77
2023-09-01,22,230.6,64.0,30.0,80.212,,0.19,5.9,5.3,0.42,11.649999999999977,14000,708.75,720.4,714.575,,0.77
2023-10-01,22,245.0,64.0,31.0,80.462,,0.19,5.9,5.3,0.42,11.649999999999977,14000,708.75,720.4,714.575,,0.77
2023-11-01,22,255.6,64.0,30.0,77.286,,0.19,5.9,5.3,0.42,11.649999999999977,14000,708.75,720.4,714.575,,0.77
2023-12-01,22,238.6,64.0,31.0,79.333,,0.19,5.9,5.3,0.42,11.649999999999977,14000,708.75,720.4,714.575,,0.77
2024-01-01,22,228.7,128.0,31.0,79.302,,0.19,5.9,5.3,0.42,11.649999999999977,14000,708.75,720.4,714.575,,0.77
2024-02-01,22,224.2,128.0,29.0,72.515,,0.19,5.9,5.3,0.42,11.649999999999977,14000,708.75,720.4,714.575,,0.77
2024-03-01,22,219.0,128.0,31.0,76.114,,0.19,5.9,5.3,0.42,11.649999999999977,14000,708.75,720.4,714.575,,0.77
2024-04-01,22,,128.0,30.0,73.339,,0.19,5.9,5.3,0.42,11.649999999999977,14000,708.75,720.4,714.575,,0.77
2024-05-01,22,260.7,128.0,31.0,68.674,,0.19,5.9,5.3,0.42,11.649999999999977,14000,708.75,720.4,714.575,,0.77
2024-06-01,22,256.8,128.0,30.0,69.17,,0.19,5.9,5.3,0.42,11.649999999999977,14000,708.75,720.4,714.575,,0.77
2024-07-01,22,234.8,128.0,31.0,73.735,,0.19,5.9,5.3,0.42,11.649999999999977,14000,708.75,720.4,714.575,,0.77
2024-08-01,22,217.5,128.0,31.0,73.948,,0.19,5.9,5.3,0.42,11.649999999999977,14000,708.75,720.4,714.575,,0.77
2024-09-01,22,,128.0,30.0,72.524,,0.19,5.9,5.3,0.42,11.649999999999977,14000,708.75,720.4,714.575,,0.77
2024-10-01,22,,128.0,31.0,73.603,,0.19,5.9,5.3,0.42,11.649999999999977,14000,708.75,720.4,714.575,,0.77
2024-11-01,22,228.6,128.0,30.0,68.088,,0.19,5.9,5.3,0.42,11.649999999999977,14000,708.75,720.4,714.575,,0.77
2024-12-01,22,220.1,128.0,31.0,70.029,,0.19,5.9,5.3,0.42,11.649999999999977,14000,708.75,720.4,714.575,,0.77
2025-01-01,22,220.9,128.0,31.0,69.259,,0.19,5.9,5.3,0.42,11.649999999999977,14000,708.75,720.4,714.575,,0.77
2025-02-01,22,223.8,128.0,28.0,62.419,,0.19,5.9,5.3,0.42,11.649999999999977,14000,708.75,720.4,714.575,,0.77
2025-03-01,22,212.0,128.0,31.0,71.2,,0.19,5.9,5.3,0.42,11.649999999999977,14000,708.75,720.4,714.575,,0.77
2025-04-01,22,,128.0,30.0,68.15,,0.19,5.9,5.3,0.42,11.649999999999977,14000,708.75,720.4,714.575,,0.77
2025-05-01,22,,128.0,31.0,71.649,,0.19,5.9,5.3,0.42,11.649999999999977,14000,708.75,720.4,714.575,,0.77
2025-06-01,22,214.1,128.0,30.0,66.644,,0.19,5.9,5.3,0.42,11.649999999999977,14000,708.75,720.4,714.575,,0.77
1990-08-01,41,853.1,,,243.652,14.952,0.17,37.1,-0.1,0.13,10.700000000000045,13000,697.5,708.2,702.85,,0.69
1990-09-01,41,840.2,,,180.961,10.976,0.17,37.1,-0.1,0.13,10.700000000000045,13000,697.5,708.2,702.85,,0.69
1990-10-01,41,877.8,,,278.475,17.381,0.17,37.1,-0.1,0.13,10.700000000000045,13000,697.5,708.2,702.85,,0.69
1995-01-01,41,776.8,,,371.228,285.071,0.17,37.1,-0.1,0.13,10.700000000000045,13000,697.5,708.2,702.85,,0.69
1995-02-01,41,784.4,,,306.882,235.833,0.17,37.1,-0.1,0.13,10.700000000000045,13000,697.5,708.2,702.85,,0.69
1995-04-01,41,862.3,,,145.383,111.881,0.17,37.1,-0.1,0.13,10.700000000000045,13000,697.5,708.2,702.85,,0.69
1995-05-01,41,862.3,,,156.657,145.167,0.17,37.1,-0.1,0.13,10.700000000000045,13000,697.5,708.2,702.85,,0.69
1995-06-01,41,864.5,,,139.972,128.524,0.17,37.1,-0.1,0.13,10.700000000000045,13000,697.5,708.2,702.85,,0.69
1995-07-01,41,865.0,,,198.281,180.643,0.17,37.1,-0.1,0.13,10.700000000000045,13000,697.5,708.2,702.85,,0.69
1995-08-01,41,785.7,,,355.602,29.262,0.17,37.1,-0.1,0.13,10.700000000000045,13000,697.5,708.2,702.85,,0.69
1995-09-01,41,788.5,,,330.332,27.262,0.17,37.1,-0.1,0.13,10.700000000000045,13000,697.5,708.2,702.85,,0.69
1995-10-01,41,785.8,,,178.479,14.786,0.17,37.1,-0.1,0.13,10.700000000000045,13000,697.5,708.2,702.85,,0.69
1995-11-01,41,,,,346.611,28.929,0.17,37.1,-0.1,0.13,10.700000000000045,13000,697.5,708.2,702.85,,0.69
1995-12-01,41,757.5,,,379.315,330.214,0.17,37.1,-0.1,0.13,10.700000000000045,13000,697.5,708.2,702.85,,0.69
1996-01-01,41,760.2,,,377.38,327.024,0.17,37.1,-0.1,0.13,10.700000000000045,13000,697.5,708.2,702.85,,0.69
1996-02-01,41,762.1,,,343.705,301.595,0.17,37.1,-0.1,0.13,10.700000000000045,13000,697.5,708.2,702.85,,0.69
1996-04-01,41,759.6,,,349.624,506.024,0.17,37.1,-0.1,0.13,10.700000000000045,13000,697.5,708.2,702.85,,0.69
1996-05-01,41,754.5,,,375.856,506.024,0.17,37.1,-0.1,0.13,10.700000000000045,13000,697.5,708.2,702.85,,0.69
1996-06-01,41,747.3,,,363.759,495.738,0.17,37.1,-0.1,0.13,10.700000000000045,13000,697.5,708.2,702.85,,0.69
1996-07-01,41,780.5,,,363.808,315.143,0.17,37.1,-0.1,0.13,10.700000000000045,13000,697.5,708.2,702.85,,0.69
1996-08-01,41,768.0,,,331.966,242.214,0.17,37.1,-0.1,0.13,10.700000000000045,13000,697.5,708.2,702.85,,0.69
1996-09-01,41,765.0,,,320.868,235.524,0.17,37.1,-0.1,0.13,10.700000000000045,13000,697.5,708.2,702.85,,0.69
1996-10-01,41,762.2,,,323.141,238.619,0.17,37.1,-0.1,0.13,10.700000000000045,13000,697.5,708.2,702.85,,0.69
1996-11-01,41,775.3,,,322.031,233.786,0.17,37.1,-0.1,0.13,10.700000000000045,13000,697.5,708.2,702.85,,0.69
1996-12-01,41,774.3,,,331.166,240.619,0.17,37.1,-0.1,0.13,10.700000000000045,13000,697.5,708.2,702.85,,0.69
1998-07-01,41,740.0,,,331.458,394.619,0.17,37.1,-0.1,0.13,10.700000000000045,13000,697.5,708.2,702.85,,0.69
1999-02-01,41,762.7,,,241.366,188.881,0.17,37.1,-0.1,0.13,10.700000000000045,13000,697.5,708.2,702.85,,0.69
1999-07-01,41,748.0,,,286.049,214.786,0.17,37.1,-0.1,0.13,10.700000000000045,13000,697.5,708.2,702.85,,0.69
1999-08-01,41,738.5,,,296.394,312.262,0.17,37.1,-0.1,0.13,10.700000000000045,13000,697.5,708.2,702.85,,0.69
1999-10-01,41,723.4,,,313.245,335.976,0.17,37.1,-0.1,0.13,10.700000000000045,13000,697.5,708.2,702.85,,0.69
2000-05-01,41,716.3,,,310.087,414.167,0.17,37.1,-0.1,0.13,10.700000000000045,13000,697.5,708.2,702.85,,0.69
2000-06-01,41,740.0,,,299.261,326.619,0.17,37.1,-0.1,0.13,10.700000000000045,13000,697.5,708.2,702.85,,0.69
2000-08-01,41,735.6,,,265.512,294.381,0.17,37.1,-0.1,0.13,10.700000000000045,13000,697.5,708.2,702.85,,0.69
2000-11-01,41,710.7,,,286.754,483.476,0.17,37.1,-0.1,0.13,10.700000000000045,13000,697.5,708.2,702.85,,0.69
2001-01-01,41,703.7,,,307.524,690.595,0.17,37.1,-0.1,0.13,10.700000000000045,13000,697.5,708.2,702.85,,0.69
2001-02-01,41,701.4,,,273.592,529.095,0.17,37.1,-0.1,0.13,10.700000000000045,13000,697.5,708.2,702.85,,0.69
2001-03-01,41,703.1,,,256.097,494.929,0.17,37.1,-0.1,0.13,10.700000000000045,13000,697.5,708.2,702.85,,0.69
2001-05-01,41,700.1,,,309.432,485.929,0.17,37.1,-0.1,0.13,10.700000000000045,13000,697.5,708.2,702.85,,0.69
2001-06-01,41,694.8,,,293.614,514.333,0.17,37.1,-0.1,0.13,10.700000000000045,13000,697.5,708.2,702.85,,0.69
2001-07-01,41,699.5,,,296.54,495.071,0.17,37.1,-0.1,0.13,10.700000000000045,13000,697.5,708.2,702.85,,0.69
2001-08-01,41,696.5,,,295.031,477.381,0.17,37.1,-0.1,0.13,10.700000000000045,13000,697.5,708.2,702.85,,0.69
2001-09-01,41,712.4,,,284.232,494.929,0.17,37.1,-0.1,0.13,10.700000000000045,13000,697.5,708.2,702.85,,0.69
2001-10-01,41,697.3,,,276.168,387.333,0.17,37.1,-0.1,0.13,10.700000000000045,13000,697.5,708.2,702.85,,0.69
2001-11-01,41,694.0,,,289.267,427.19,0.17,37.1,-0.1,0.13,10.700000000000045,13000,697.5,708.2,702.85,,0.69
2001-12-01,41,690.7,,,304.752,487.595,0.17,37.1,-0.1,0.13,10.700000000000045,13000,697.5,708.2,702.85,,0.69
2002-01-01,41,,,,300.556,461.548,0.17,37.1,-0.1,0.13,10.700000000000045,13000,697.5,708.2,702.85,,0.69
2002-02-01,41,683.3,,,270.508,475.429,0.17,37.1,-0.1,0.13,10.700000000000045,13000,697.5,708.2,702.85,,0.69
2002-03-01,41,685.5,,,295.444,535.5,0.17,37.1,-0.1,0.13,10.700000000000045,13000,697.5,708.2,702.85,,0.69
2002-04-01,41,683.1,,,276.219,445.071,0.17,37.1,-0.1,0.13,10.700000000000045,13000,697.5,708.2,702.85,,0.69
2002-05-01,41,683.3,,,289.914,438.786,0.17,37.1,-0.1,0.13,10.700000000000045,13000,697.5,708.2,702.85,,0.69
2002-06-01,41,676.3,,,275.981,395.548,0.17,37.1,-0.1,0.13,10.700000000000045,13000,697.5,708.2,702.85,,0.69
2002-07-01,41,,,,290.275,424.833,0.17,37.1,-0.1,0.13,10.700000000000045,13000,697.5,708.2,702.85,,0.69
2002-08-01,41,689.2,,,299.968,394.476,0.17,37.1,-0.1,0.13,10.700000000000045,13000,697.5,708.2,702.85,,0.69
2002-09-01,41,,,,293.7,551.905,0.17,37.1,-0.1,0.13,10.700000000000045,13000,697.5,708.2,702.85,,0.69
2002-10-01,41,685.2,,,152.145,270.81,0.17,37.1,-0.1,0.13,10.700000000000045,13000,697.5,708.2,702.85,,0.69
2002-11-01,41,692.7,,,296.407,408.31,0.17,37.1,-0.1,0.13,10.700000000000045,13000,697.5,708.2,702.85,,0.69
2002-12-01,41,671.6,,,302.679,521.595,0.17,37.1,-0.1,0.13,10.700000000000045,13000,697.5,708.2,702.85,,0.69
2003-01-01,41,669.2,,,308.211,549.69,0.17,37.1,-0.1,0.13,10.700000000000045,13000,697.5,708.2,702.85,,0.69
2003-02-01,41,665.8,,,273.866,298.333,0.17,37.1,-0.1,0.13,10.700000000000045,13000,697.5,708.2,702.85,,0.69
2003-03-01,41,662.0,,,299.602,420.0,0.17,37.1,-0.1,0.13,10.700000000000045,13000,697.5,708.2,702.85,,0.69
2003-04-01,41,686.4,,,282.471,608.857,0.17,37.1,-0.1,0.13,10.700000000000045,13000,697.5,708.2,702.85,,0.69
2003-05-01,41,674.7,,,280.783,508.452,0.17,37.1,-0.1,0.13,10.700000000000045,13000,697.5,708.2,702.85,,0.69
2003-06-01,41,662.7,,,279.522,397.286,0.17,37.1,-0.1,0.13,10.700000000000045,13000,697.5,708.2,702.85,,0.69
2003-07-01,41,,,,280.533,401.738,0.17,37.1,-0.1,0.13,10.700000000000045,13000,697.5,708.2,702.85,,0.69
2003-08-01,41,666.8,,,275.672,380.976,0.17,37.1,-0.1,0.13,10.700000000000045,13000,697.5,708.2,702.85,,0.69
2003-09-01,41,,,,254.151,397.357,0.17,37.1,-0.1,0.13,10.700000000000045,13000,697.5,708.2,702.85,,0.69
2003-10-01,41,,,,279.705,407.738,0.17,37.1,-0.1,0.13,10.700000000000045,13000,697.5,708.2,702.85,,0.69
2003-11-01,41,,,,262.89,448.929,0.17,37.1,-0.1,0.13,10.700000000000045,13000,697.5,708.2,702.85,,0.69
2003-12-01,41,,,,263.392,398.024,0.17,37.1,-0.1,0.13,10.700000000000045,13000,697.5,708.2,702.85,,0.69
2004-01-01,41,654.8,,,272.382,435.548,0.17,37.1,-0.1,0.13,10.700000000000045,13000,697.5,708.2,702.85,,0.69
2004-02-01,41,656.7,,,250.171,424.643,0.17,37.1,-0.1,0.13,10.700000000000045,13000,697.5,708.2,702.85,,0.69
2004-03-01,41,664.3,,,246.387,277.31,0.17,37.1,-0.1,0.13,10.700000000000045,13000,697.5,708.2,702.85,,0.69
2004-04-01,41,686.2,,,228.693,257.429,0.17,37.1,-0.1,0.13,10.700000000000045,13000,697.5,708.2,702.85,,0.69
2004-05-01,41,671.4,,,240.393,291.762,0.17,37.1,-0.1,0.13,10.700000000000045,13000,697.5,708.2,702.85,,0.69
2004-06-01,41,681.5,,,233.829,292.714,0.17,37.1,-0.1,0.13,10.700000000000045,13000,697.5,708.2,702.85,,0.69
2004-07-01,41,681.5,,,235.564,308.476,0.17,37.1,-0.1,0.13,10.700000000000045,13000,697.5,708.2,702.85,,0.69
2004-08-01,41,671.8,,,240.597,272.5,0.17,37.1,-0.1,0.13,10.700000000000045,13000,697.5,708.2,702.85,,0.69
2004-09-01,41,678.5,,,231.3,327.119,0.17,37.1,-0.1,0.13,10.700000000000045,13000,697.5,708.2,702.85,,0.69
2004-10-01,41,668.2,,,238.091,315.095,0.17,37.1,-0.1,0.13,10.700000000000045,13000,697.5,708.2,702.85,,0.69
2004-11-01,41,668.2,,,231.54,284.119,0.17,37.1,-0.1,0.13,10.700000000000045,13000,697.5,708.2,702.85,,0.69
2004-12-01,41,667.9,,,235.927,337.5,0.17,37.1,-0.1,0.13,10.700000000000045,13000,697.5,708.2,702.85,,0.69
2005-01-01,41,667.2,,,237.751,384.548,0.17,37.1,-0.1,0.13,10.700000000000045,13000,697.5,708.2,702.85,,0.69
2005-02-01,41,663.6,,,212.275,343.643,0.17,37.1,-0.1,0.13,10.700000000000045,13000,697.5,708.2,702.85,,0.69
2005-03-01,41,663.3,,,227.052,374.714,0.17,37.1,-0.1,0.13,10.700000000000045,13000,697.5,708.2,702.85,,0.69
2005-04-01,41,663.0,,,150.196,80.333,0.17,37.1,-0.1,0.13,10.700000000000045,13000,697.5,708.2,702.85,,0.69
2005-05-01,41,665.2,,,235.857,267.405,0.17,37.1,-0.1,0.13,10.700000000000045,13000,697.5,708.2,702.85,,0.69
2005-06-01,41,653.7,,,229.206,294.524,0.17,37.1,-0.1,0.13,10.700000000000045,13000,697.5,708.2,702.85,,0.69
2005-07-01,41,650.4,,,241.284,279.929,0.17,37.1,-0.1,0.13,10.700000000000045,13000,697.5,708.2,702.85,,0.69
2005-08-01,41,654.0,,,244.082,288.643,0.17,37.1,-0.1,0.13,10.700000000000045,13000,697.5,708.2,702.85,,0.69
2005-09-01,41,650.0,,,217.336,259.381,0.17,37.1,-0.1,0.13,10.700000000000045,13000,697.5,708.2,702.85,,0.69
2005-10-01,41,650.8,,,248.937,361.667,0.17,37.1,-0.1,0.13,10.700000000000045,13000,697.5,708.2,702.85,,0.69
2005-11-01,41,648.9,,,243.522,382.31,0.17,37.1,-0.1,0.13,10.700000000000045,13000,697.5,708.2,702.85,,0.69
2005-12-01,41,644.4,,,253.346,399.119,0.17,37.1,-0.1,0.13,10.700000000000045,13000,697.5,708.2,702.85,,0.69
2006-01-01,41,653.0,,,244.882,387.69,0.17,37.1,-0.1,0.13,10.700000000000045,13000,697.5,708.2,702.85,782.0,0.69
2006-02-01,41,640.6,,,224.035,332.833,0.17,37.1,-0.1,0.13,10.700000000000045,13000,697.5,708.2,702.85,,0.69
2006-03-01,41,664.7,,,230.858,341.214,0.17,37.1,-0.1,0.13,10.700000000000045,13000,697.5,708.2,702.85,,0.69
2006-04-01,41,646.1,,,225.849,257.476,0.17,37.1,-0.1,0.13,10.700000000000045,13000,697.5,708.2,702.85,,0.69
2006-05-01,41,650.5,,,228.792,287.976,0.17,37.1,-0.1,0.13,10.700000000000045,13000,697.5,708.2,702.85,,0.69
2006-06-01,41,638.9,,,239.414,379.738,0.17,37.1,-0.1,0.13,10.700000000000045,13000,697.5,708.2,702.85,,0.69
2006-07-01,41,637.8,,,232.499,343.429,0.17,37.1,-0.1,0.13,10.700000000000045,13000,697.5,708.2,702.85,,0.69
2006-08-01,41,635.7,,,234.22,372.548,0.17,37.1,-0.1,0.13,10.700000000000045,13000,697.5,708.2,702.85,,0.69
2006-09-01,41,629.8,,,214.092,300.381,0.17,37.1,-0.1,0.13,10.700000000000045,13000,697.5,708.2,702.85,,0.69
2006-10-01,41,631.9,,,226.685,321.81,0.17,37.1,-0.1,0.13,10.700000000000045,13000,697.5,708.2,702.85,,0.69
2006-11-01,41,630.2,,,229.007,321.095,0.17,37.1,-0.1,0.13,10.700000000000045,13000,697.5,708.2,702.85,,0.69
2006-12-01,41,625.1,,,235.558,365.81,0.17,37.1,-0.1,0.13,10.700000000000045,13000,697.5,708.2,702.85,,0.69
2007-01-01,41,623.7,,,240.9,317.167,0.17,37.1,-0.1,0.13,10.700000000000045,13000,697.5,708.2,702.85,,0.69
2007-02-01,41,624.5,,,217.876,321.857,0.17,37.1,-0.1,0.13,10.700000000000045,13000,697.5,708.2,702.85,,0.69
2007-03-01,41,624.0,,,237.319,411.976,0.17,37.1,-0.1,0.13,10.700000000000045,13000,697.5,708.2,702.85,,0.69
2007-04-01,41,622.8,,,228.551,364.881,0.17,37.1,-0.1,0.13,10.700000000000045,13000,697.5,708.2,702.85,,0.69
2007-05-01,41,621.3,,,242.508,379.929,0.17,37.1,-0.1,0.13,10.700000000000045,13000,697.5,708.2,702.85,,0.69
2007-06-01,41,624.0,,,209.33,288.738,0.17,37.1,-0.1,0.13,10.700000000000045,13000,697.5,708.2,702.85,,0.69
2007-07-01,41,622.2,,,235.427,369.095,0.17,37.1,-0.1,0.13,10.700000000000045,13000,697.5,708.2,702.85,,0.69
2007-08-01,41,645.8,,,218.086,262.286,0.17,37.1,-0.1,0.13,10.700000000000045,13000,697.5,708.2,702.85,,0.69
2007-09-01,41,623.8,,,218.226,310.024,0.17,37.1,-0.1,0.13,10.700000000000045,13000,697.5,708.2,702.85,,0.69
2007-10-01,41,615.7,,,230.768,329.357,0.17,37.1,-0.1,0.13,10.700000000000045,13000,697.5,708.2,702.85,,0.69
2007-11-01,41,612.1,,,223.509,355.905,0.17,37.1,-0.1,0.13,10.700000000000045,13000,697.5,708.2,702.85,,0.69
2007-12-01,41,616.8,,,236.811,526.476,0.17,37.1,-0.1,0.13,10.700000000000045,13000,697.5,708.2,702.85,,0.69
2008-01-01,41,607.9,,,236.011,540.071,0.17,37.1,-0.1,0.13,10.700000000000045,13000,697.5,708.2,702.85,,0.69
2008-02-01,41,610.7,,,232.638,567.476,0.17,37.1,-0.1,0.13,10.700000000000045,13000,697.5,708.2,702.85,,0.69
2008-03-01,41,610.2,,,217.49,567.19,0.17,37.1,-0.1,0.13,10.700000000000045,13000,697.5,708.2,702.85,,0.69
2008-04-01,41,613.8,,,250.89,573.952,0.17,37.1,-0.1,0.13,10.700000000000045,13000,697.5,708.2,702.85,,0.69
2008-05-01,41,610.0,,,229.617,580.238,0.17,37.1,-0.1,0.13,10.700000000000045,13000,697.5,708.2,702.85,,0.69
2008-06-01,41,607.1,,,235.338,519.333,0.17,37.1,-0.1,0.13,10.700000000000045,13000,697.5,708.2,702.85,,0.69
2008-07-01,41,605.0,,,230.481,406.952,0.17,37.1,-0.1,0.13,10.700000000000045,13000,697.5,708.2,702.85,,0.69
2008-08-01,41,610.6,,,243.429,430.81,0.17,37.1,-0.1,0.13,10.700000000000045,13000,697.5,708.2,702.85,,0.69
2008-09-01,41,609.1,,,229.108,413.714,0.17,37.1,-0.1,0.13,10.700000000000045,13000,697.5,708.2,702.85,,0.69
2008-10-01,41,605.1,,,239.62,449.048,0.17,37.1,-0.1,0.13,10.700000000000045,13000,697.5,708.2,702.85,,0.69
2008-11-01,41,612.0,,,218.006,407.262,0.17,37.1,-0.1,0.13,10.700000000000045,13000,697.5,708.2,702.85,,0.69
2008-12-01,41,609.7,,,240.261,441.69,0.17,37.1,-0.1,0.13,10.700000000000045,13000,697.5,708.2,702.85,,0.69
2009-01-01,41,600.2,,,241.97,410.476,0.17,37.1,-0.1,0.13,10.700000000000045,13000,697.5,708.2,702.85,,0.69
2009-02-01,41,596.2,,,222.739,436.619,0.17,37.1,-0.1,0.13,10.700000000000045,13000,697.5,708.2,702.85,,0.69
2009-03-01,41,596.0,,,245.317,502.571,0.17,37.1,-0.1,0.13,10.700000000000045,13000,697.5,708.2,702.85,,0.69
2009-04-01,41,618.9,,,223.664,338.048,0.17,37.1,-0.1,0.13,10.700000000000045,13000,697.5,708.2,702.85,,0.69
2009-05-01,41,591.7,,,241.424,414.0,0.17,37.1,-0.1,0.13,10.700000000000045,13000,697.5,708.2,702.85,,0.69
2009-06-01,41,604.3,,,223.003,373.595,0.17,37.1,-0.1,0.13,10.700000000000045,13000,697.5,708.2,702.85,,0.69
2009-07-01,41,591.2,,,244.234,420.81,0.17,37.1,-0.1,0.13,10.700000000000045,13000,697.5,708.2,702.85,,0.69
2009-08-01,41,586.0,,,246.119,487.524,0.17,37.1,-0.1,0.13,10.700000000000045,13000,697.5,708.2,702.85,,0.69
2009-09-01,41,586.5,,,233.09,461.643,0.17,37.1,-0.1,0.13,10.700000000000045,13000,697.5,708.2,702.85,,0.69
2009-10-01,41,609.3,,,224.192,473.762,0.17,37.1,-0.1,0.13,10.700000000000045,13000,697.5,708.2,702.85,,0.69
2009-11-01,41,580.3,,,238.101,660.262,0.17,37.1,-0.1,0.13,10.700000000000045,13000,697.5,708.2,702.85,,0.69
2009-12-01,41,575.5,,,253.535,675.024,0.17,37.1,-0.1,0.13,10.700000000000045,13000,697.5,708.2,702.85,,0.69
2010-01-01,41,573.3,,,268.699,765.786,0.17,37.1,-0.1,0.13,10.700000000000045,13000,697.5,708.2,702.85,703.0,0.69
2010-02-01,41,570.1,,,238.42,563.452,0.17,37.1,-0.1,0.13,10.700000000000045,13000,697.5,708.2,702.85,,0.69
2010-03-01,41,570.5,,,250.134,591.548,0.17,37.1,-0.1,0.13,10.700000000000045,13000,697.5,708.2,702.85,,0.69
2010-04-01,41,568.4,,,250.124,505.024,0.17,37.1,-0.1,0.13,10.700000000000045,13000,697.5,708.2,702.85,,0.69
2010-05-01,41,570.3,,,266.122,550.643,0.17,37.1,-0.1,0.13,10.700000000000045,13000,697.5,708.2,702.85,,0.69
2010-06-01,41,562.6,,,240.064,457.762,0.17,37.1,-0.1,0.13,10.700000000000045,13000,697.5,708.2,702.85,,0.69
2010-07-01,41,558.0,,,265.474,540.0,0.17,37.1,-0.1,0.13,10.700000000000045,13000,697.5,708.2,702.85,,0.69
2010-08-01,41,558.3,,,261.941,537.19,0.17,37.1,-0.1,0.13,10.700000000000045,13000,697.5,708.2,702.85,,0.69
2010-09-01,41,555.4,,,259.684,520.762,0.17,37.1,-0.1,0.13,10.700000000000045,13000,697.5,708.2,702.85,,0.69
2010-10-01,41,553.8,,,264.185,542.31,0.17,37.1,-0.1,0.13,10.700000000000045,13000,697.5,708.2,702.85,,0.69
2010-11-01,41,553.0,,,256.453,545.833,0.17,37.1,-0.1,0.13,10.700000000000045,13000,697.5,708.2,702.85,,0.69
2010-12-01,41,552.0,,,261.566,463.452,0.17,37.1,-0.1,0.13,10.700000000000045,13000,697.5,708.2,702.85,,0.69
2011-01-01,41,544.6,,,259.611,541.524,0.17,37.1,-0.1,0.13,10.700000000000045,13000,697.5,708.2,702.85,,0.69
2011-02-01,41,559.2,,,233.714,534.119,0.17,37.1,-0.1,0.13,10.700000000000045,13000,697.5,708.2,702.85,,0.69
2011-03-01,41,545.6,,,260.71,674.262,0.17,37.1,-0.1,0.13,10.700000000000045,13000,697.5,708.2,702.85,,0.69
2011-04-01,41,549.3,,,241.64,800.0,0.17,37.1,-0.1,0.13,10.700000000000045,13000,697.5,708.2,702.85,,0.69
2011-05-01,41,544.5,,,264.153,793.071,0.17,37.1,-0.1,0.13,10.700000000000045,13000,697.5,708.2,702.85,,0.69
2011-06-01,41,542.7,,,257.551,894.619,0.17,37.1,-0.1,0.13,10.700000000000045,13000,697.5,708.2,702.85,,0.69
2011-07-01,41,543.7,,,264.077,1128.5,0.17,37.1,-0.1,0.13,10.700000000000045,13000,697.5,708.2,702.85,,0.69
2011-08-01,41,539.9,,,258.201,1212.571,0.17,37.1,-0.1,0.13,10.700000000000045,13000,697.5,708.2,702.85,,0.69
2011-09-01,41,538.4,,,248.761,1277.071,0.17,37.1,-0.1,0.13,10.700000000000045,13000,697.5,708.2,702.85,,0.69
2011-10-01,41,536.5,,,259.915,1086.0,0.17,37.1,-0.1,0.13,10.700000000000045,13000,697.5,708.2,702.85,,0.69
2011-11-01,41,532.6,,,241.566,1099.857,0.17,37.1,-0.1,0.13,10.700000000000045,13000,697.5,708.2,702.85,699.0,0.69
2011-12-01,41,522.1,,,266.439,1213.167,0.17,37.1,-0.1,0.13,10.700000000000045,13000,697.5,708.2,702.85,,0.69
2012-01-01,41,533.8,,,264.819,1028.024,0.17,37.1,-0.1,0.13,10.700000000000045,13000,697.5,708.2,702.85,,0.69
2012-02-01,41,526.3,,,249.712,951.571,0.17,37.1,-0.1,0.13,10.700000000000045,13000,697.5,708.2,702.85,,0.69
2012-03-01,41,523.4,,,254.949,935.381,0.17,37.1,-0.1,0.13,10.700000000000045,13000,697.5,708.2,702.85,,0.69
2012-04-01,41,523.5,,,256.901,1049.5,0.17,37.1,-0.1,0.13,10.700000000000045,13000,697.5,708.2,702.85,,0.69
2012-05-01,41,523.2,,,268.4,1043.024,0.17,37.1,-0.1,0.13,10.700000000000045,13000,697.5,708.2,702.85,,0.69
2012-06-01,41,521.6,,,251.787,915.048,0.17,37.1,-0.1,0.13,10.700000000000045,13000,697.5,708.2,702.85,,0.69
2012-07-01,41,515.7,,,258.049,946.262,0.17,37.1,-0.1,0.13,10.700000000000045,13000,697.5,708.2,702.85,,0.69
2012-08-01,41,520.6,,,250.212,814.643,0.17,37.1,-0.1,0.13,10.700000000000045,13000,697.5,708.2,702.85,,0.69
2012-09-01,41,527.1,,,242.12,835.619,0.17,37.1,-0.1,0.13,10.700000000000045,13000,697.5,708.2,702.85,,0.69
2012-10-01,41,511.2,,,254.687,945.0,0.17,37.1,-0.1,0.13,10.700000000000045,13000,697.5,708.2,702.85,,0.69
2012-11-01,41,509.3,,,241.068,826.738,0.17,37.1,-0.1,0.13,10.700000000000045,13000,697.5,708.2,702.85,,0.69
2012-12-01,41,518.5,,,255.06,750.214,0.17,37.1,-0.1,0.13,10.700000000000045,13000,697.5,708.2,702.85,,0.69
2013-01-01,41,513.6,,,255.783,847.524,0.17,37.1,-0.1,0.13,10.700000000000045,13000,697.5,708.2,702.85,,0.69
2013-02-01,41,513.6,,,231.227,870.31,0.17,37.1,-0.1,0.13,10.700000000000045,13000,697.5,708.2,702.85,,0.69
2013-03-01,41,534.4,,,244.771,925.619,0.17,37.1,-0.1,0.13,10.700000000000045,13000,697.5,708.2,702.85,,0.69
2013-04-01,41,531.7,,,229.491,714.262,0.17,37.1,-0.1,0.13,10.700000000000045,13000,697.5,708.2,702.85,,0.69
2013-05-01,41,508.5,,,254.251,1012.786,0.17,37.1,-0.1,0.13,10.700000000000045,13000,697.5,708.2,702.85,,0.69
2013-06-01,41,513.6,,,239.258,913.738,0.17,37.1,-0.1,0.13,10.700000000000045,13000,697.5,708.2,702.85,,0.69
2013-07-01,41,515.6,,,256.98,1086.738,0.17,37.1,-0.1,0.13,10.700000000000045,13000,697.5,708.2,702.85,,0.69
2013-08-01,41,496.4,,,267.609,1166.976,0.17,37.1,-0.1,0.13,10.700000000000045,13000,697.5,708.2,702.85,,0.69
2013-09-01,41,488.6,,,259.294,1343.667,0.17,37.1,-0.1,0.13,10.700000000000045,13000,697.5,708.2,702.85,,0.69
2013-10-01,41,496.9,,,254.537,1541.143,0.17,37.1,-0.1,0.13,10.700000000000045,13000,697.5,708.2,702.85,,0.69
2013-11-01,41,489.7,,,259.601,1553.857,0.17,37.1,-0.1,0.13,10.700000000000045,13000,697.5,708.2,702.85,,0.69
2013-12-01,41,487.7,,,269.017,1362.024,0.17,37.1,-0.1,0.13,10.700000000000045,13000,697.5,708.2,702.85,,0.69
2014-01-01,41,485.4,,,266.228,1301.024,0.17,37.1,-0.1,0.13,10.700000000000045,13000,697.5,708.2,702.85,,0.69
2014-02-01,41,482.2,,,240.198,1040.786,0.17,37.1,-0.1,0.13,10.700000000000045,13000,697.5,708.2,702.85,,0.69
2014-03-01,41,482.9,,,256.212,1614.333,0.17,37.1,-0.1,0.13,10.700000000000045,13000,697.5,708.2,702.85,,0.69
2014-04-01,41,518.7,,,227.97,1390.429,0.17,37.1,-0.1,0.13,10.700000000000045,13000,697.5,708.2,702.85,,0.69
2014-05-01,41,501.2,,,249.32,1489.0,0.17,37.1,-0.1,0.13,10.700000000000045,13000,697.5,708.2,702.85,,0.69
2014-06-01,41,478.7,,,251.295,1640.667,0.17,37.1,-0.1,0.13,10.700000000000045,13000,697.5,708.2,702.85,,0.69
2014-07-01,41,478.9,,,263.707,1647.929,0.17,37.1,-0.1,0.13,10.700000000000045,13000,697.5,708.2,702.85,,0.69
2014-08-01,41,474.7,,,252.054,1588.31,0.17,37.1,-0.1,0.13,10.700000000000045,13000,697.5,708.2,702.85,,0.69
2014-09-01,41,494.2,,,248.644,1444.238,0.17,37.1,-0.1,0.13,10.700000000000045,13000,697.5,708.2,702.85,,0.69
2014-10-01,41,471.8,,,266.161,1677.333,0.17,37.1,-0.1,0.13,10.700000000000045,13000,697.5,708.2,702.85,,0.69
2014-11-01,41,472.2,,,257.468,1329.095,0.17,37.1,-0.1,0.13,10.700000000000045,13000,697.5,708.2,702.85,,0.69
2014-12-01,41,463.8,,,266.223,1476.048,0.17,37.1,-0.1,0.13,10.700000000000045,13000,697.5,708.2,702.85,,0.69
2015-01-01,41,475.5,,,270.168,1548.881,0.17,37.1,-0.1,0.13,10.700000000000045,13000,697.5,708.2,702.85,,0.69
2015-02-01,41,458.0,,,244.257,1364.929,0.17,37.1,-0.1,0.13,10.700000000000045,13000,697.5,708.2,702.85,,0.69
2015-03-01,41,641.3,,,270.469,1565.071,0.17,37.1,-0.1,0.13,10.700000000000045,13000,697.5,708.2,702.85,,0.69
2015-04-01,41,459.4,,,254.751,1474.167,0.17,37.1,-0.1,0.13,10.700000000000045,13000,697.5,708.2,702.85,,0.69
2015-05-01,41,491.7,,,247.085,1556.952,0.17,37.1,-0.1,0.13,10.700000000000045,13000,697.5,708.2,702.85,,0.69
2015-06-01,41,451.2,,,225.754,1422.738,0.17,37.1,-0.1,0.13,10.700000000000045,13000,697.5,708.2,702.85,,0.69
2015-07-01,41,452.1,,,267.443,1685.405,0.17,37.1,-0.1,0.13,10.700000000000045,13000,697.5,708.2,702.85,,0.69
2015-08-01,41,445.8,96.0,31.0,262.513,1663.524,0.17,37.1,-0.1,0.13,10.700000000000045,13000,697.5,708.2,702.85,,0.69
2015-09-01,41,446.5,96.0,30.0,252.407,1415.714,0.17,37.1,-0.1,0.13,10.700000000000045,13000,697.5,708.2,702.85,,0.69
2015-10-01,41,468.1,96.0,31.0,251.385,1365.81,0.17,37.1,-0.1,0.13,10.700000000000045,13000,697.5,708.2,702.85,,0.69
2015-11-01,41,468.1,96.0,30.0,227.947,1192.31,0.17,37.1,-0.1,0.13,10.700000000000045,13000,697.5,708.2,702.85,,0.69
2015-12-01,41,436.6,96.0,31.0,269.568,1534.262,0.17,37.1,-0.1,0.13,10.700000000000045,13000,697.5,708.2,702.85,,0.69
2016-01-01,41,428.8,96.0,31.0,273.062,1554.5,0.17,37.1,-0.1,0.13,10.700000000000045,13000,697.5,708.2,702.85,,0.69
2016-02-01,41,431.4,96.0,29.0,253.293,1595.071,0.17,37.1,-0.1,0.13,10.700000000000045,13000,697.5,708.2,702.85,,0.69
2016-03-01,41,442.5,96.0,31.0,262.729,1673.833,0.17,37.1,-0.1,0.13,10.700000000000045,13000,697.5,708.2,702.85,,0.69
2016-04-01,41,427.5,96.0,30.0,254.143,1601.214,0.17,37.1,-0.1,0.13,10.700000000000045,13000,697.5,708.2,702.85,,0.69
2016-05-01,41,450.0,96.0,31.0,262.577,1741.952,0.17,37.1,-0.1,0.13,10.700000000000045,13000,697.5,708.2,702.85,,0.69
2016-06-01,41,424.5,96.0,30.0,260.204,1726.214,0.17,37.1,-0.1,0.13,10.700000000000045,13000,697.5,708.2,702.85,,0.69
2016-07-01,41,377.0,96.0,31.0,272.259,1854.81,0.17,37.1,-0.1,0.13,10.700000000000045,13000,697.5,708.2,702.85,,0.69
2016-08-01,41,414.2,96.0,31.0,275.712,1737.238,0.17,37.1,-0.1,0.13,10.700000000000045,13000,697.5,708.2,702.85,,0.69
2016-09-01,41,413.8,96.0,30.0,266.059,1676.452,0.17,37.1,-0.1,0.13,10.700000000000045,13000,697.5,708.2,702.85,,0.69
2016-10-01,41,428.5,96.0,31.0,254.923,1605.857,0.17,37.1,-0.1,0.13,10.700000000000045,13000,697.5,708.2,702.85,,0.69
2016-11-01,41,408.2,96.0,30.0,270.519,1704.286,0.17,37.1,-0.1,0.13,10.700000000000045,13000,697.5,708.2,702.85,,0.69
2016-12-01,41,396.8,96.0,31.0,279.93,1763.191,0.17,37.1,-0.1,0.13,10.700000000000045,13000,697.5,708.2,702.85,,0.69
2017-01-01,41,401.1,96.0,31.0,276.595,1659.738,0.17,37.1,-0.1,0.13,10.700000000000045,13000,697.5,708.2,702.85,,0.69
2017-02-01,41,445.8,96.0,25.0,225.666,1081.333,0.17,37.1,-0.1,0.13,10.700000000000045,13000,697.5,708.2,702.85,,0.69
2017-03-01,41,397.7,96.0,31.0,277.783,1389.619,0.17,37.1,-0.1,0.13,10.700000000000045,13000,697.5,708.2,702.85,,0.69
2017-04-01,41,435.4,96.0,30.0,238.552,1193.548,0.17,37.1,-0.1,0.13,10.700000000000045,13000,697.5,708.2,702.85,,0.69
2017-05-01,41,372.5,96.0,31.0,276.266,1382.405,0.17,37.1,-0.1,0.13,10.700000000000045,13000,697.5,708.2,702.85,,0.69
2017-06-01,41,395.0,96.0,30.0,273.595,1714.048,0.17,37.1,-0.1,0.13,10.700000000000045,13000,697.5,708.2,702.85,,0.69
2017-07-01,41,377.0,96.0,31.0,281.774,1800.952,0.17,37.1,-0.1,0.13,10.700000000000045,13000,697.5,708.2,702.85,,0.69
2017-08-01,41,374.0,96.0,31.0,285.853,3616.191,0.17,37.1,-0.1,0.13,10.700000000000045,13000,697.5,708.2,702.85,,0.69
2017-09-01,41,375.2,96.0,30.0,263.632,3334.024,0.17,37.1,-0.1,0.13,10.700000000000045,13000,697.5,708.2,702.85,,0.69
2017-10-01,41,406.0,96.0,25.0,205.534,2599.333,0.17,37.1,-0.1,0.13,10.700000000000045,13000,697.5,708.2,702.85,,0.69
2017-11-01,41,381.2,96.0,26.0,237.819,3007.095,0.17,37.1,-0.1,0.13,10.700000000000045,13000,697.5,708.2,702.85,,0.69
2017-12-01,41,371.7,96.0,31.0,289.954,3666.619,0.17,37.1,-0.1,0.13,10.700000000000045,13000,697.5,708.2,702.85,,0.69
2018-01-01,41,358.6,96.0,31.0,299.221,3783.905,0.17,37.1,-0.1,0.13,10.700000000000045,13000,697.5,708.2,702.85,,0.69
2018-02-01,41,348.7,96.0,28.0,258.139,3264.429,0.17,37.1,-0.1,0.13,10.700000000000045,13000,697.5,708.2,702.85,,0.69
2018-03-01,41,362.1,96.0,31.0,282.987,3578.357,0.17,37.1,-0.1,0.13,10.700000000000045,13000,697.5,708.2,702.85,,0.69
2018-04-01,41,341.6,96.0,30.0,281.002,3553.238,0.17,37.1,-0.1,0.13,10.700000000000045,13000,697.5,708.2,702.85,,0.69
2018-05-01,41,361.9,96.0,29.0,266.111,3365.429,0.17,37.1,-0.1,0.13,10.700000000000045,13000,697.5,708.2,702.85,,0.69
2018-06-01,41,350.2,96.0,30.0,291.868,5044.81,0.17,37.1,-0.1,0.13,10.700000000000045,13000,697.5,708.2,702.85,,0.69
2018-07-01,41,351.0,96.0,31.0,292.328,5052.691,0.17,37.1,-0.1,0.13,10.700000000000045,13000,697.5,708.2,702.85,,0.69
2018-08-01,41,344.9,96.0,31.0,302.387,5226.333,0.17,37.1,-0.1,0.13,10.700000000000045,13000,697.5,708.2,702.85,,0.69
2018-09-01,41,329.2,96.0,30.0,289.738,5007.786,0.17,37.1,-0.1,0.13,10.700000000000045,13000,697.5,708.2,702.85,,0.69
2018-10-01,41,324.4,96.0,31.0,296.963,5132.572,0.17,37.1,-0.1,0.13,10.700000000000045,13000,697.5,708.2,702.85,,0.69
2018-11-01,41,322.0,96.0,30.0,285.0,4930.929,0.17,37.1,-0.1,0.13,10.700000000000045,13000,697.5,708.2,702.85,,0.69
2018-12-01,41,319.7,96.0,31.0,288.565,4987.381,0.17,37.1,-0.1,0.13,10.700000000000045,13000,697.5,708.2,702.85,,0.69
2019-01-01,41,384.8,96.0,31.0,276.622,4781.119,0.17,37.1,-0.1,0.13,10.700000000000045,13000,697.5,708.2,702.85,,0.69
2019-02-01,41,337.7,96.0,28.0,243.895,4216.31,0.17,37.1,-0.1,0.13,10.700000000000045,13000,697.5,708.2,702.85,,0.69
2019-03-01,41,508.7,96.0,27.0,230.008,3975.881,0.17,37.1,-0.1,0.13,10.700000000000045,13000,697.5,708.2,702.85,,0.69
2019-04-01,41,344.2,96.0,30.0,253.896,4326.048,0.17,37.1,-0.1,0.13,10.700000000000045,13000,697.5,708.2,702.85,,0.69
2019-05-01,41,,96.0,31.0,273.998,3465.405,0.17,37.1,-0.1,0.13,10.700000000000045,13000,697.5,708.2,702.85,,0.69
2019-06-01,41,327.0,96.0,30.0,264.311,3342.595,0.17,37.1,-0.1,0.13,10.700000000000045,13000,697.5,708.2,702.85,,0.69
2019-07-01,41,343.7,96.0,31.0,260.661,3295.857,0.17,37.1,-0.1,0.13,10.700000000000045,13000,697.5,708.2,702.85,,0.69
2019-08-01,41,322.3,96.0,31.0,260.672,3296.191,0.17,37.1,-0.1,0.13,10.700000000000045,13000,697.5,708.2,702.85,,0.69
2019-09-01,41,353.2,96.0,30.0,248.25,3139.191,0.17,37.1,-0.1,0.13,10.700000000000045,13000,697.5,708.2,702.85,,0.69
2019-10-01,41,351.2,96.0,31.0,242.654,3068.333,0.17,37.1,-0.1,0.13,10.700000000000045,13000,697.5,708.2,702.85,,0.69
2019-11-01,41,363.0,96.0,27.0,198.043,2504.691,0.17,37.1,-0.1,0.13,10.700000000000045,13000,697.5,708.2,702.85,,0.69
2019-12-01,41,359.0,96.0,27.0,216.112,2732.691,0.17,37.1,-0.1,0.13,10.700000000000045,13000,697.5,708.2,702.85,,0.69
2020-01-01,41,313.0,96.0,31.0,261.171,3302.476,0.17,37.1,-0.1,0.13,10.700000000000045,13000,697.5,708.2,702.85,,0.69
2020-02-01,41,396.5,96.0,29.0,225.154,2847.714,0.17,37.1,-0.1,0.13,10.700000000000045,13000,697.5,708.2,702.85,,0.69
2020-03-01,41,396.5,96.0,31.0,235.299,2975.548,0.17,37.1,-0.1,0.13,10.700000000000045,13000,697.5,708.2,702.85,,0.69
2020-06-01,41,,96.0,30.0,221.377,2799.072,0.17,37.1,-0.1,0.13,10.700000000000045,13000,697.5,708.2,702.85,,0.69
2020-07-01,41,312.3,96.0,31.0,255.238,3227.548,0.17,37.1,-0.1,0.13,10.700000000000045,13000,697.5,708.2,702.85,,0.69
2020-08-01,41,332.7,96.0,31.0,253.202,3201.762,0.17,37.1,-0.1,0.13,10.700000000000045,13000,697.5,708.2,702.85,,0.69
2020-09-01,41,350.1,96.0,30.0,243.202,3075.833,0.17,37.1,-0.1,0.13,10.700000000000045,13000,697.5,708.2,702.85,,0.69
2020-10-01,41,321.5,96.0,31.0,245.896,3094.476,0.17,37.1,-0.1,0.13,10.700000000000045,13000,697.5,708.2,702.85,,0.69
2020-11-01,41,350.1,96.0,30.0,212.453,2625.524,0.17,37.1,-0.1,0.13,10.700000000000045,13000,697.5,708.2,702.85,,0.69
2020-12-01,41,330.7,96.0,31.0,250.899,3101.167,0.17,37.1,-0.1,0.13,10.700000000000045,13000,697.5,708.2,702.85,,0.69
2021-01-01,41,301.6,96.0,31.0,250.368,3166.095,0.17,37.1,-0.1,0.13,10.700000000000045,13000,697.5,708.2,702.85,,0.69
2021-02-01,41,347.4,96.0,28.0,202.66,2562.238,0.17,37.1,-0.1,0.13,10.700000000000045,13000,697.5,708.2,702.85,,0.69
2021-03-01,41,340.0,96.0,31.0,209.427,2648.405,0.17,37.1,-0.1,0.13,10.700000000000045,13000,697.5,708.2,702.85,,0.69
2021-04-01,41,304.3,112.0,27.0,196.735,2487.929,0.17,37.1,-0.1,0.13,10.700000000000045,13000,697.5,708.2,702.85,,0.69
2021-05-01,41,318.1,112.0,27.0,209.673,2651.381,0.17,37.1,-0.1,0.13,10.700000000000045,13000,697.5,708.2,702.85,,0.69
2021-06-01,41,280.2,112.0,27.0,200.753,3378.286,0.17,37.1,-0.1,0.13,10.700000000000045,13000,697.5,708.2,702.85,,0.69
2021-07-01,41,300.1,96.0,31.0,229.127,3816.095,0.17,37.1,-0.1,0.13,10.700000000000045,13000,697.5,708.2,702.85,,0.69
2021-08-01,41,295.4,112.0,31.0,232.797,4235.524,0.17,37.1,-0.1,0.13,10.700000000000045,13000,697.5,708.2,702.85,,0.69
2021-09-01,41,314.9,112.0,27.0,194.335,3536.167,0.17,37.1,-0.1,0.13,10.700000000000045,13000,697.5,708.2,702.85,,0.69
2021-10-01,41,300.9,112.0,31.0,226.824,4149.619,0.17,37.1,-0.1,0.13,10.700000000000045,13000,697.5,708.2,702.85,,0.69
2021-11-01,41,277.2,112.0,30.0,225.196,4098.214,0.17,37.1,-0.1,0.13,10.700000000000045,13000,697.5,708.2,702.85,,0.69
2021-12-01,41,262.0,112.0,31.0,247.575,4503.524,0.17,37.1,-0.1,0.13,10.700000000000045,13000,697.5,708.2,702.85,,0.69
2022-01-01,41,252.2,96.0,31.0,246.963,4492.5,0.17,37.1,-0.1,0.13,10.700000000000045,13000,697.5,708.2,702.85,,0.69
2022-02-01,41,269.5,96.0,28.0,216.389,3937.572,0.17,37.1,-0.1,0.13,10.700000000000045,13000,697.5,708.2,702.85,,0.69
2022-03-01,41,247.6,112.0,31.0,243.317,4426.452,0.17,37.1,-0.1,0.13,10.700000000000045,13000,697.5,708.2,702.85,,0.69
2022-04-01,41,249.0,96.0,30.0,239.742,4361.524,0.17,37.1,-0.1,0.13,10.700000000000045,13000,697.5,708.2,702.85,,0.69
2022-05-01,41,236.8,96.0,31.0,250.349,4553.667,0.17,37.1,-0.1,0.13,10.700000000000045,13000,697.5,708.2,702.85,,0.69
2022-06-01,41,241.3,96.0,30.0,237.686,4324.0,0.17,37.1,-0.1,0.13,10.700000000000045,13000,697.5,708.2,702.85,,0.69
2022-07-01,41,256.4,96.0,27.0,203.275,3698.429,0.17,37.1,-0.1,0.13,10.700000000000045,13000,697.5,708.2,702.85,,0.69
2022-08-01,41,233.8,96.0,31.0,242.645,4414.31,0.17,37.1,-0.1,0.13,10.700000000000045,13000,697.5,708.2,702.85,,0.69
2022-09-01,41,241.4,96.0,30.0,232.578,4231.167,0.17,37.1,-0.1,0.13,10.700000000000045,13000,697.5,708.2,702.85,,0.69
2022-10-01,41,285.5,96.0,31.0,209.309,3808.595,0.17,37.1,-0.1,0.13,10.700000000000045,13000,697.5,708.2,702.85,,0.69
2022-11-01,41,279.9,96.0,30.0,203.69,3706.31,0.17,37.1,-0.1,0.13,10.700000000000045,13000,697.5,708.2,702.85,,0.69
2022-12-01,41,231.0,96.0,31.0,232.894,4236.976,0.17,37.1,-0.1,0.13,10.700000000000045,13000,697.5,708.2,702.85,,0.69
2023-01-01,41,245.6,96.0,31.0,234.537,4266.357,0.17,37.1,-0.1,0.13,10.700000000000045,13000,697.5,708.2,702.85,,0.69
2023-02-01,41,230.2,96.0,28.0,205.784,3744.286,0.17,37.1,-0.1,0.13,10.700000000000045,13000,697.5,708.2,702.85,,0.69
2023-03-01,41,240.2,96.0,29.0,207.774,3780.452,0.17,37.1,-0.1,0.13,10.700000000000045,13000,697.5,708.2,702.85,,0.69
2023-04-01,41,252.8,,,,,0.17,37.1,-0.1,0.13,10.700000000000045,13000,697.5,708.2,702.85,,0.69
2023-05-01,41,247.9,96.0,21.0,148.791,2706.691,0.17,37.1,-0.1,0.13,10.700000000000045,13000,697.5,708.2,702.85,,0.69
2023-06-01,41,259.0,96.0,29.0,216.16,3932.262,0.17,37.1,-0.1,0.13,10.700000000000045,13000,697.5,708.2,702.85,,0.69
2023-07-01,41,215.8,128.0,31.0,233.493,4247.714,0.17,37.1,-0.1,0.13,10.700000000000045,13000,697.5,708.2,702.85,,0.69
2023-08-01,41,222.2,128.0,31.0,232.037,4221.31,0.17,37.1,-0.1,0.13,10.700000000000045,13000,697.5,708.2,702.85,,0.69
2023-09-01,41,213.5,128.0,24.0,182.581,3303.0,0.17,37.1,-0.1,0.13,10.700000000000045,13000,697.5,708.2,702.85,,0.69
2023-10-01,41,235.6,128.0,15.0,113.478,2063.881,0.17,37.1,-0.1,0.13,10.700000000000045,13000,697.5,708.2,702.85,,0.69
2023-11-01,41,220.5,128.0,30.0,218.179,4009.0,0.17,37.1,-0.1,0.13,10.700000000000045,13000,697.5,708.2,702.85,,0.69
2023-12-01,41,218.4,128.0,31.0,222.138,4033.286,0.17,37.1,-0.1,0.13,10.700000000000045,13000,697.5,708.2,702.85,,0.69
2024-01-01,41,219.2,128.0,31.0,223.782,4063.143,0.17,37.1,-0.1,0.13,10.700000000000045,13000,697.5,708.2,702.85,,0.69
2024-02-01,41,214.2,128.0,29.0,209.482,6189.691,0.17,37.1,-0.1,0.13,10.700000000000045,13000,697.5,708.2,702.85,,0.69
2024-03-01,41,213.7,128.0,31.0,216.023,6382.976,0.17,37.1,-0.1,0.13,10.700000000000045,13000,697.5,708.2,702.85,,0.69
2024-04-01,41,223.6,128.0,30.0,204.297,6036.5,0.17,37.1,-0.1,0.13,10.700000000000045,13000,697.5,708.2,702.85,,0.69
2024-05-01,41,245.3,128.0,24.0,150.832,4456.738,0.17,37.1,-0.1,0.13,10.700000000000045,13000,697.5,708.2,702.85,,0.69
2024-06-01,41,398.8,128.0,14.0,99.375,2936.286,0.17,37.1,-0.1,0.13,10.700000000000045,13000,697.5,708.2,702.85,,0.69
2024-07-01,41,224.9,128.0,28.0,197.007,5821.095,0.17,37.1,-0.1,0.13,10.700000000000045,13000,697.5,708.2,702.85,,0.69
2024-08-01,41,229.6,128.0,30.0,212.354,6274.548,0.17,37.1,-0.1,0.13,10.700000000000045,13000,697.5,708.2,702.85,,0.69
2024-09-01,41,210.9,128.0,30.0,208.57,6162.738,0.17,37.1,-0.1,0.13,10.700000000000045,13000,697.5,708.2,702.85,,0.69
2024-10-01,41,210.0,128.0,30.0,197.78,5843.929,0.17,37.1,-0.1,0.13,10.700000000000045,13000,697.5,708.2,702.85,,0.69
2024-11-01,41,220.1,128.0,30.0,190.68,5634.143,0.17,37.1,-0.1,0.13,10.700000000000045,13000,697.5,708.2,702.85,,0.69
2024-12-01,41,220.2,128.0,31.0,201.349,5949.381,0.17,37.1,-0.1,0.13,10.700000000000045,13000,697.5,708.2,702.85,,0.69
2025-01-01,41,211.0,128.0,31.0,203.887,6024.381,0.17,37.1,-0.1,0.13,10.700000000000045,13000,697.5,708.2,702.85,,0.69
2025-02-01,41,216.8,128.0,28.0,176.616,5218.572,0.17,37.1,-0.1,0.13,10.700000000000045,13000,697.5,708.2,702.85,,0.69
2025-03-01,41,215.4,128.0,31.0,199.673,5899.857,0.17,37.1,-0.1,0.13,10.700000000000045,13000,697.5,708.2,702.85,,0.69
2025-04-01,41,209.4,128.0,30.0,198.384,5861.786,0.17,37.1,-0.1,0.13,10.700000000000045,13000,697.5,708.2,702.85,,0.69
2025-05-01,41,200.1,128.0,31.0,213.425,6306.191,0.17,37.1,-0.1,0.13,10.700000000000045,13000,697.5,708.2,702.85,,0.69
2025-06-01,41,201.7,128.0,30.0,203.362,6008.857,0.17,37.1,-0.1,0.13,10.700000000000045,13000,697.5,708.2,702.85,,0.69
1990-06-01,50,858.1,,,113.683,46.31,0.19,17.8,1.4,0.43,10.700000000000045,15000,697.5,708.2,702.85,,0.76
1990-08-01,50,859.7,,,102.212,42.643,0.19,17.8,1.4,0.43,10.700000000000045,15000,697.5,708.2,702.85,,0.76
1990-09-01,50,859.5,,,105.999,42.095,0.19,17.8,1.4,0.43,10.700000000000045,15000,697.5,708.2,702.85,,0.76
1990-10-01,50,,,,84.041,34.833,0.19,17.8,1.4,0.43,10.700000000000045,15000,697.5,708.2,702.85,,0.76
1995-01-01,50,776.1,,,54.247,63.286,0.19,17.8,1.4,0.43,10.700000000000045,15000,697.5,708.2,702.85,,0.76
1995-02-01,50,801.0,,,52.931,61.81,0.19,17.8,1.4,0.43,10.700000000000045,15000,697.5,708.2,702.85,,0.76
1995-04-01,50,762.4,,,60.683,70.952,0.19,17.8,1.4,0.43,10.700000000000045,15000,697.5,708.2,702.85,,0.76
1995-05-01,50,742.4,,,60.713,73.262,0.19,17.8,1.4,0.43,10.700000000000045,15000,697.5,708.2,702.85,,0.76
1995-06-01,50,755.0,,,43.427,51.929,0.19,17.8,1.4,0.43,10.700000000000045,15000,697.5,708.2,702.85,,0.76
1995-07-01,50,814.2,,,17.465,20.714,0.19,17.8,1.4,0.43,10.700000000000045,15000,697.5,708.2,702.85,,0.76
1995-08-01,50,795.0,,,64.213,16.762,0.19,17.8,1.4,0.43,10.700000000000045,15000,697.5,708.2,702.85,,0.76
1995-09-01,50,775.0,,,61.17,16.0,0.19,17.8,1.4,0.43,10.700000000000045,15000,697.5,708.2,702.85,,0.76
1995-10-01,50,777.9,,,49.449,12.976,0.19,17.8,1.4,0.43,10.700000000000045,15000,697.5,708.2,702.85,,0.76
1995-11-01,50,784.2,,,41.485,10.976,0.19,17.8,1.4,0.43,10.700000000000045,15000,697.5,708.2,702.85,,0.76
1995-12-01,50,,,,57.345,15.071,0.19,17.8,1.4,0.43,10.700000000000045,15000,697.5,708.2,702.85,,0.76
1996-01-01,50,776.8,,,100.768,26.357,0.19,17.8,1.4,0.43,10.700000000000045,15000,697.5,708.2,702.85,,0.76
1996-02-01,50,778.5,,,89.789,23.786,0.19,17.8,1.4,0.43,10.700000000000045,15000,697.5,708.2,702.85,,0.76
1996-04-01,50,755.0,,,49.939,12.119,0.19,17.8,1.4,0.43,10.700000000000045,15000,697.5,708.2,702.85,,0.76
1996-05-01,50,770.0,,,45.956,12.119,0.19,17.8,1.4,0.43,10.700000000000045,15000,697.5,708.2,702.85,,0.76
1996-06-01,50,797.3,,,93.255,24.714,0.19,17.8,1.4,0.43,10.700000000000045,15000,697.5,708.2,702.85,,0.76
1996-07-01,50,794.0,,,74.127,59.571,0.19,17.8,1.4,0.43,10.700000000000045,15000,697.5,708.2,702.85,,0.76
1996-08-01,50,767.0,,,52.657,42.19,0.19,17.8,1.4,0.43,10.700000000000045,15000,697.5,708.2,702.85,,0.76
1996-09-01,50,734.8,,,43.184,34.81,0.19,17.8,1.4,0.43,10.700000000000045,15000,697.5,708.2,702.85,,0.76
1996-10-01,50,857.7,,,40.761,33.048,0.19,17.8,1.4,0.43,10.700000000000045,15000,697.5,708.2,702.85,,0.76
1996-11-01,50,764.0,,,33.843,26.976,0.19,17.8,1.4,0.43,10.700000000000045,15000,697.5,708.2,702.85,,0.76
1996-12-01,50,757.8,,,34.395,27.452,0.19,17.8,1.4,0.43,10.700000000000045,15000,697.5,708.2,702.85,,0.76
1998-07-01,50,741.3,,,46.987,2.119,0.19,17.8,1.4,0.43,10.700000000000045,15000,697.5,708.2,702.85,,0.76
1999-02-01,50,719.8,,,44.736,35.262,0.19,17.8,1.4,0.43,10.700000000000045,15000,697.5,708.2,702.85,,0.76
1999-07-01,50,732.5,,,88.083,94.405,0.19,17.8,1.4,0.43,10.700000000000045,15000,697.5,708.2,702.85,,0.76
1999-08-01,50,711.5,,,34.126,0.714,0.19,17.8,1.4,0.43,10.700000000000045,15000,697.5,708.2,702.85,,0.76
1999-10-01,50,709.0,,,72.955,43.5,0.19,17.8,1.4,0.43,10.700000000000045,15000,697.5,708.2,702.85,,0.76
2000-05-01,50,700.4,,,69.948,82.19,0.19,17.8,1.4,0.43,10.700000000000045,15000,697.5,708.2,702.85,,0.76
2000-06-01,50,689.4,,,39.665,46.571,0.19,17.8,1.4,0.43,10.700000000000045,15000,697.5,708.2,702.85,,0.76
2000-08-01,50,686.2,,,83.179,114.405,0.19,17.8,1.4,0.43,10.700000000000045,15000,697.5,708.2,702.85,,0.76
2000-11-01,50,695.1,,,56.883,60.524,0.19,17.8,1.4,0.43,10.700000000000045,15000,697.5,708.2,702.85,,0.76
2001-01-01,50,699.1,,,53.449,56.738,0.19,17.8,1.4,0.43,10.700000000000045,15000,697.5,708.2,702.85,,0.76
2001-02-01,50,695.4,,,58.643,62.143,0.19,17.8,1.4,0.43,10.700000000000045,15000,697.5,708.2,702.85,,0.76
2001-03-01,50,697.1,,,54.891,58.357,0.19,17.8,1.4,0.43,10.700000000000045,15000,697.5,708.2,702.85,,0.76
2001-05-01,50,693.2,,,82.093,33.667,0.19,17.8,1.4,0.43,10.700000000000045,15000,697.5,708.2,702.85,,0.76
2001-06-01,50,686.8,,,34.456,14.071,0.19,17.8,1.4,0.43,10.700000000000045,15000,697.5,708.2,702.85,,0.76
2001-07-01,50,688.5,,,89.457,14.333,0.19,17.8,1.4,0.43,10.700000000000045,15000,697.5,708.2,702.85,,0.76
2001-08-01,50,683.8,,,74.792,12.071,0.19,17.8,1.4,0.43,10.700000000000045,15000,697.5,708.2,702.85,,0.76
2001-09-01,50,683.8,,,94.133,15.095,0.19,17.8,1.4,0.43,10.700000000000045,15000,697.5,708.2,702.85,,0.76
2001-10-01,50,705.3,,,55.624,8.929,0.19,17.8,1.4,0.43,10.700000000000045,15000,697.5,708.2,702.85,,0.76
2001-11-01,50,705.3,,,65.061,10.524,0.19,17.8,1.4,0.43,10.700000000000045,15000,697.5,708.2,702.85,,0.76
2001-12-01,50,676.3,,,75.72,12.19,0.19,17.8,1.4,0.43,10.700000000000045,15000,697.5,708.2,702.85,,0.76
2002-01-01,50,,,,90.396,136.429,0.19,17.8,1.4,0.43,10.700000000000045,15000,697.5,708.2,702.85,,0.76
2002-02-01,50,771.0,,,70.248,77.619,0.19,17.8,1.4,0.43,10.700000000000045,15000,697.5,708.2,702.85,,0.76
2002-03-01,50,707.5,,,60.132,66.738,0.19,17.8,1.4,0.43,10.700000000000045,15000,697.5,708.2,702.85,,0.76
2002-04-01,50,698.7,,,69.212,77.19,0.19,17.8,1.4,0.43,10.700000000000045,15000,697.5,708.2,702.85,,0.76
2002-05-01,50,672.1,,,71.361,90.738,0.19,17.8,1.4,0.43,10.700000000000045,15000,697.5,708.2,702.85,,0.76
2002-06-01,50,692.7,,,55.049,20.357,0.19,17.8,1.4,0.43,10.700000000000045,15000,697.5,708.2,702.85,,0.76
2002-07-01,50,,,,59.672,21.952,0.19,17.8,1.4,0.43,10.700000000000045,15000,697.5,708.2,702.85,,0.76
2002-08-01,50,692.3,,,44.099,16.262,0.19,17.8,1.4,0.43,10.700000000000045,15000,697.5,708.2,702.85,,0.76
2002-09-01,50,,,,33.401,12.31,0.19,17.8,1.4,0.43,10.700000000000045,15000,697.5,708.2,702.85,,0.76
2002-10-01,50,690.6,,,63.98,23.548,0.19,17.8,1.4,0.43,10.700000000000045,15000,697.5,708.2,702.85,,0.76
2002-11-01,50,689.4,,,76.318,108.762,0.19,17.8,1.4,0.43,10.700000000000045,15000,697.5,708.2,702.85,,0.76
2002-12-01,50,678.2,,,75.612,69.143,0.19,17.8,1.4,0.43,10.700000000000045,15000,697.5,708.2,702.85,,0.76
2003-01-01,50,675.0,,,84.378,107.452,0.19,17.8,1.4,0.43,10.700000000000045,15000,697.5,708.2,702.85,,0.76
2003-02-01,50,662.4,,,77.729,91.5,0.19,17.8,1.4,0.43,10.700000000000045,15000,697.5,708.2,702.85,,0.76
2003-03-01,50,675.0,,,69.646,82.048,0.19,17.8,1.4,0.43,10.700000000000045,15000,697.5,708.2,702.85,,0.76
2003-04-01,50,667.8,,,75.584,95.738,0.19,17.8,1.4,0.43,10.700000000000045,15000,697.5,708.2,702.85,,0.76
2003-05-01,50,667.5,,,90.969,179.571,0.19,17.8,1.4,0.43,10.700000000000045,15000,697.5,708.2,702.85,,0.76
2003-06-01,50,664.9,,,45.083,12.452,0.19,17.8,1.4,0.43,10.700000000000045,15000,697.5,708.2,702.85,,0.76
2003-07-01,50,,,,57.713,15.976,0.19,17.8,1.4,0.43,10.700000000000045,15000,697.5,708.2,702.85,,0.76
2003-08-01,50,669.2,,,49.0,13.548,0.19,17.8,1.4,0.43,10.700000000000045,15000,697.5,708.2,702.85,,0.76
2003-09-01,50,,,,39.143,10.81,0.19,17.8,1.4,0.43,10.700000000000045,15000,697.5,708.2,702.85,,0.76
2003-10-01,50,,,,32.368,8.952,0.19,17.8,1.4,0.43,10.700000000000045,15000,697.5,708.2,702.85,,0.76
2003-11-01,50,,,,41.432,11.452,0.19,17.8,1.4,0.43,10.700000000000045,15000,697.5,708.2,702.85,,0.76
2003-12-01,50,,,,31.337,8.667,0.19,17.8,1.4,0.43,10.700000000000045,15000,697.5,708.2,702.85,,0.76
2004-01-01,50,674.7,,,32.642,0.738,0.19,17.8,1.4,0.43,10.700000000000045,15000,697.5,708.2,702.85,,0.76
2004-02-01,50,675.7,,,32.598,8.286,0.19,17.8,1.4,0.43,10.700000000000045,15000,697.5,708.2,702.85,,0.76
2004-03-01,50,672.2,,,48.945,16.905,0.19,17.8,1.4,0.43,10.700000000000045,15000,697.5,708.2,702.85,,0.76
2004-04-01,50,676.1,,,45.739,15.81,0.19,17.8,1.4,0.43,10.700000000000045,15000,697.5,708.2,702.85,,0.76
2004-05-01,50,674.3,,,38.307,5.381,0.19,17.8,1.4,0.43,10.700000000000045,15000,697.5,708.2,702.85,,0.76
2004-06-01,50,675.5,,,31.555,4.214,0.19,17.8,1.4,0.43,10.700000000000045,15000,697.5,708.2,702.85,,0.76
2004-07-01,50,672.2,,,41.798,1.738,0.19,17.8,1.4,0.43,10.700000000000045,15000,697.5,708.2,702.85,,0.76
2004-08-01,50,644.4,,,67.326,34.024,0.19,17.8,1.4,0.43,10.700000000000045,15000,697.5,708.2,702.85,,0.76
2004-09-01,50,652.3,,,75.751,94.833,0.19,17.8,1.4,0.43,10.700000000000045,15000,697.5,708.2,702.85,,0.76
2004-10-01,50,650.4,,,41.347,10.857,0.19,17.8,1.4,0.43,10.700000000000045,15000,697.5,708.2,702.85,,0.76
2004-11-01,50,654.0,,,36.269,3.429,0.19,17.8,1.4,0.43,10.700000000000045,15000,697.5,708.2,702.85,,0.76
2004-12-01,50,653.3,,,40.049,8.476,0.19,17.8,1.4,0.43,10.700000000000045,15000,697.5,708.2,702.85,,0.76
2005-01-01,50,673.7,,,54.265,38.381,0.19,17.8,1.4,0.43,10.700000000000045,15000,697.5,708.2,702.85,,0.76
2005-02-01,50,658.0,,,47.12,28.929,0.19,17.8,1.4,0.43,10.700000000000045,15000,697.5,708.2,702.85,,0.76
2005-03-01,50,651.7,,,49.487,17.786,0.19,17.8,1.4,0.43,10.700000000000045,15000,697.5,708.2,702.85,,0.76
2005-04-01,50,653.6,,,42.743,15.167,0.19,17.8,1.4,0.43,10.700000000000045,15000,697.5,708.2,702.85,,0.76
2005-05-01,50,642.1,,,28.374,1.0,0.19,17.8,1.4,0.43,10.700000000000045,15000,697.5,708.2,702.85,,0.76
2005-06-01,50,653.5,,,28.423,1.024,0.19,17.8,1.4,0.43,10.700000000000045,15000,697.5,708.2,702.85,,0.76
2005-07-01,50,648.6,,,56.096,43.167,0.19,17.8,1.4,0.43,10.700000000000045,15000,697.5,708.2,702.85,,0.76
2005-08-01,50,646.2,,,54.13,35.619,0.19,17.8,1.4,0.43,10.700000000000045,15000,697.5,708.2,702.85,,0.76
2005-09-01,50,646.8,,,34.121,0.833,0.19,17.8,1.4,0.43,10.700000000000045,15000,697.5,708.2,702.85,,0.76
2005-10-01,50,642.4,,,31.296,0.952,0.19,17.8,1.4,0.43,10.700000000000045,15000,697.5,708.2,702.85,,0.76
2005-11-01,50,641.7,,,36.44,1.095,0.19,17.8,1.4,0.43,10.700000000000045,15000,697.5,708.2,702.85,,0.76
2005-12-01,50,645.2,,,43.844,4.214,0.19,17.8,1.4,0.43,10.700000000000045,15000,697.5,708.2,702.85,,0.76
2006-01-01,50,637.5,,,44.184,4.833,0.19,17.8,1.4,0.43,10.700000000000045,15000,697.5,708.2,702.85,839.0,0.76
2006-02-01,50,638.3,,,41.101,3.31,0.19,17.8,1.4,0.43,10.700000000000045,15000,697.5,708.2,702.85,,0.76
2006-03-01,50,644.2,,,45.945,43.19,0.19,17.8,1.4,0.43,10.700000000000045,15000,697.5,708.2,702.85,,0.76
2006-04-01,50,640.8,,,38.583,1.619,0.19,17.8,1.4,0.43,10.700000000000045,15000,697.5,708.2,702.85,,0.76
2006-05-01,50,632.7,,,35.269,1.405,0.19,17.8,1.4,0.43,10.700000000000045,15000,697.5,708.2,702.85,,0.76
2006-06-01,50,624.9,,,37.166,4.667,0.19,17.8,1.4,0.43,10.700000000000045,15000,697.5,708.2,702.85,,0.76
2006-07-01,50,623.8,,,48.652,14.619,0.19,17.8,1.4,0.43,10.700000000000045,15000,697.5,708.2,702.85,,0.76
2006-08-01,50,624.6,,,39.553,13.5,0.19,17.8,1.4,0.43,10.700000000000045,15000,697.5,708.2,702.85,,0.76
2006-09-01,50,636.0,,,40.756,22.524,0.19,17.8,1.4,0.43,10.700000000000045,15000,697.5,708.2,702.85,,0.76
2006-10-01,50,623.4,,,45.344,20.905,0.19,17.8,1.4,0.43,10.700000000000045,15000,697.5,708.2,702.85,,0.76
2006-11-01,50,611.6,,,47.294,25.571,0.19,17.8,1.4,0.43,10.700000000000045,15000,697.5,708.2,702.85,,0.76
2006-12-01,50,616.9,,,53.595,36.857,0.19,17.8,1.4,0.43,10.700000000000045,15000,697.5,708.2,702.85,,0.76
2007-01-01,50,610.1,,,45.903,31.571,0.19,17.8,1.4,0.43,10.700000000000045,15000,697.5,708.2,702.85,,0.76
2007-02-01,50,610.2,,,37.358,32.357,0.19,17.8,1.4,0.43,10.700000000000045,15000,697.5,708.2,702.85,,0.76
2007-03-01,50,612.3,,,53.856,32.833,0.19,17.8,1.4,0.43,10.700000000000045,15000,697.5,708.2,702.85,,0.76
2007-04-01,50,618.6,,,73.566,56.405,0.19,17.8,1.4,0.43,10.700000000000045,15000,697.5,708.2,702.85,,0.76
2007-05-01,50,599.8,,,49.679,14.143,0.19,17.8,1.4,0.43,10.700000000000045,15000,697.5,708.2,702.85,,0.76
2007-06-01,50,600.6,,,34.002,13.19,0.19,17.8,1.4,0.43,10.700000000000045,15000,697.5,708.2,702.85,,0.76
2007-07-01,50,617.0,,,36.529,14.167,0.19,17.8,1.4,0.43,10.700000000000045,15000,697.5,708.2,702.85,,0.76
2007-08-01,50,612.1,,,50.913,25.714,0.19,17.8,1.4,0.43,10.700000000000045,15000,697.5,708.2,702.85,,0.76
2007-09-01,50,611.3,,,36.589,4.381,0.19,17.8,1.4,0.43,10.700000000000045,15000,697.5,708.2,702.85,,0.76
2007-10-01,50,608.9,,,40.673,2.833,0.19,17.8,1.4,0.43,10.700000000000045,15000,697.5,708.2,702.85,,0.76
2007-11-01,50,660.1,,,46.818,30.333,0.19,17.8,1.4,0.43,10.700000000000045,15000,697.5,708.2,702.85,,0.76
2007-12-01,50,622.2,,,43.598,25.905,0.19,17.8,1.4,0.43,10.700000000000045,15000,697.5,708.2,702.85,,0.76
2008-01-01,50,602.0,,,52.567,24.69,0.19,17.8,1.4,0.43,10.700000000000045,15000,697.5,708.2,702.85,,0.76
2008-02-01,50,603.1,,,54.129,23.738,0.19,17.8,1.4,0.43,10.700000000000045,15000,697.5,708.2,702.85,,0.76
2008-03-01,50,599.6,,,49.629,24.286,0.19,17.8,1.4,0.43,10.700000000000045,15000,697.5,708.2,702.85,,0.76
2008-04-01,50,594.9,,,59.402,46.143,0.19,17.8,1.4,0.43,10.700000000000045,15000,697.5,708.2,702.85,,0.76
2008-05-01,50,605.8,,,41.523,31.405,0.19,17.8,1.4,0.43,10.700000000000045,15000,697.5,708.2,702.85,,0.76
2008-06-01,50,581.8,,,41.486,22.786,0.19,17.8,1.4,0.43,10.700000000000045,15000,697.5,708.2,702.85,,0.76
2008-07-01,50,588.2,,,64.672,78.857,0.19,17.8,1.4,0.43,10.700000000000045,15000,697.5,708.2,702.85,,0.76
2008-08-01,50,583.6,,,53.165,29.929,0.19,17.8,1.4,0.43,10.700000000000045,15000,697.5,708.2,702.85,,0.76
2008-09-01,50,584.9,,,61.178,59.524,0.19,17.8,1.4,0.43,10.700000000000045,15000,697.5,708.2,702.85,,0.76
2008-10-01,50,583.5,,,44.493,43.31,0.19,17.8,1.4,0.43,10.700000000000045,15000,697.5,708.2,702.85,,0.76
2008-11-01,50,577.0,,,34.944,1.238,0.19,17.8,1.4,0.43,10.700000000000045,15000,697.5,708.2,702.85,,0.76
2008-12-01,50,584.7,,,37.14,1.595,0.19,17.8,1.4,0.43,10.700000000000045,15000,697.5,708.2,702.85,,0.76
2009-01-01,50,583.3,,,44.59,1.905,0.19,17.8,1.4,0.43,10.700000000000045,15000,697.5,708.2,702.85,,0.76
2009-02-01,50,592.5,,,49.543,27.762,0.19,17.8,1.4,0.43,10.700000000000045,15000,697.5,708.2,702.85,,0.76
2009-03-01,50,590.2,,,38.992,3.833,0.19,17.8,1.4,0.43,10.700000000000045,15000,697.5,708.2,702.85,,0.76
2009-04-01,50,610.4,,,33.624,0.524,0.19,17.8,1.4,0.43,10.700000000000045,15000,697.5,708.2,702.85,,0.76
2009-05-01,50,605.8,,,33.717,4.452,0.19,17.8,1.4,0.43,10.700000000000045,15000,697.5,708.2,702.85,,0.76
2009-06-01,50,572.0,,,36.886,4.881,0.19,17.8,1.4,0.43,10.700000000000045,15000,697.5,708.2,702.85,,0.76
2009-07-01,50,574.8,,,32.484,4.69,0.19,17.8,1.4,0.43,10.700000000000045,15000,697.5,708.2,702.85,,0.76
2009-08-01,50,572.1,,,39.999,1.929,0.19,17.8,1.4,0.43,10.700000000000045,15000,697.5,708.2,702.85,,0.76
2009-09-01,50,571.2,,,31.57,2.024,0.19,17.8,1.4,0.43,10.700000000000045,15000,697.5,708.2,702.85,,0.76
2009-10-01,50,593.0,,,60.174,23.333,0.19,17.8,1.4,0.43,10.700000000000045,15000,697.5,708.2,702.85,,0.76
2009-11-01,50,559.6,,,39.225,7.571,0.19,17.8,1.4,0.43,10.700000000000045,15000,697.5,708.2,702.85,,0.76
2009-12-01,50,570.8,,,54.905,26.5,0.19,17.8,1.4,0.43,10.700000000000045,15000,697.5,708.2,702.85,,0.76
2010-01-01,50,573.1,,,57.071,29.095,0.19,17.8,1.4,0.43,10.700000000000045,15000,697.5,708.2,702.85,759.0,0.76
2010-02-01,50,589.8,,,47.372,34.286,0.19,17.8,1.4,0.43,10.700000000000045,15000,697.5,708.2,702.85,,0.76
2010-03-01,50,573.0,,,53.512,37.548,0.19,17.8,1.4,0.43,10.700000000000045,15000,697.5,708.2,702.85,,0.76
2010-04-01,50,571.7,,,36.991,24.452,0.19,17.8,1.4,0.43,10.700000000000045,15000,697.5,708.2,702.85,,0.76
2010-05-01,50,616.6,,,40.782,2.571,0.19,17.8,1.4,0.43,10.700000000000045,15000,697.5,708.2,702.85,,0.76
2010-06-01,50,573.2,,,33.723,2.119,0.19,17.8,1.4,0.43,10.700000000000045,15000,697.5,708.2,702.85,,0.76
2010-07-01,50,565.0,,,48.701,36.286,0.19,17.8,1.4,0.43,10.700000000000045,15000,697.5,708.2,702.85,,0.76
2010-08-01,50,564.0,,,46.115,29.286,0.19,17.8,1.4,0.43,10.700000000000045,15000,697.5,708.2,702.85,,0.76
2010-09-01,50,561.2,,,43.648,17.167,0.19,17.8,1.4,0.43,10.700000000000045,15000,697.5,708.2,702.85,,0.76
2010-10-01,50,566.7,,,55.583,21.857,0.19,17.8,1.4,0.43,10.700000000000045,15000,697.5,708.2,702.85,,0.76
2010-11-01,50,553.5,,,44.331,14.762,0.19,17.8,1.4,0.43,10.700000000000045,15000,697.5,708.2,702.85,,0.76
2010-12-01,50,538.0,,,53.449,75.262,0.19,17.8,1.4,0.43,10.700000000000045,15000,697.5,708.2,702.85,,0.76
2011-01-01,50,552.6,,,62.681,92.286,0.19,17.8,1.4,0.43,10.700000000000045,15000,697.5,708.2,702.85,,0.76
2011-02-01,50,568.8,,,14.241,28.429,0.19,17.8,1.4,0.43,10.700000000000045,15000,697.5,708.2,702.85,,0.76
2011-03-01,50,560.2,,,41.162,33.071,0.19,17.8,1.4,0.43,10.700000000000045,15000,697.5,708.2,702.85,,0.76
2011-04-01,50,566.4,,,46.131,49.952,0.19,17.8,1.4,0.43,10.700000000000045,15000,697.5,708.2,702.85,,0.76
2011-05-01,50,555.0,,,44.646,48.357,0.19,17.8,1.4,0.43,10.700000000000045,15000,697.5,708.2,702.85,,0.76
2011-06-01,50,551.0,,,42.182,45.69,0.19,17.8,1.4,0.43,10.700000000000045,15000,697.5,708.2,702.85,,0.76
2011-07-01,50,552.6,,,51.368,106.524,0.19,17.8,1.4,0.43,10.700000000000045,15000,697.5,708.2,702.85,,0.76
2011-08-01,50,546.2,,,43.515,117.452,0.19,17.8,1.4,0.43,10.700000000000045,15000,697.5,708.2,702.85,,0.76
2011-09-01,50,558.8,,,33.193,89.571,0.19,17.8,1.4,0.43,10.700000000000045,15000,697.5,708.2,702.85,,0.76
2011-10-01,50,546.0,,,32.391,47.024,0.19,17.8,1.4,0.43,10.700000000000045,15000,697.5,708.2,702.85,,0.76
2011-11-01,50,537.3,,,50.046,82.476,0.19,17.8,1.4,0.43,10.700000000000045,15000,697.5,708.2,702.85,,0.76
2011-12-01,50,551.7,,,49.443,81.5,0.19,17.8,1.4,0.43,10.700000000000045,15000,697.5,708.2,702.85,,0.76
2012-01-01,50,533.9,,,75.139,100.738,0.19,17.8,1.4,0.43,10.700000000000045,15000,697.5,708.2,702.85,,0.76
2012-02-01,50,554.5,,,50.717,78.333,0.19,17.8,1.4,0.43,10.700000000000045,15000,697.5,708.2,702.85,,0.76
2012-03-01,50,536.1,,,56.56,88.762,0.19,17.8,1.4,0.43,10.700000000000045,15000,697.5,708.2,702.85,,0.76
2012-04-01,50,542.1,,,49.897,40.31,0.19,17.8,1.4,0.43,10.700000000000045,15000,697.5,708.2,702.85,,0.76
2012-05-01,50,536.5,,,53.836,62.476,0.19,17.8,1.4,0.43,10.700000000000045,15000,697.5,708.2,702.85,,0.76
2012-06-01,50,553.0,,,49.927,57.929,0.19,17.8,1.4,0.43,10.700000000000045,15000,697.5,708.2,702.85,,0.76
2012-07-01,50,545.4,,,52.477,48.952,0.19,17.8,1.4,0.43,10.700000000000045,15000,697.5,708.2,702.85,,0.76
2012-08-01,50,543.4,,,51.167,38.214,0.19,17.8,1.4,0.43,10.700000000000045,15000,697.5,708.2,702.85,,0.76
2012-09-01,50,541.9,,,45.028,11.81,0.19,17.8,1.4,0.43,10.700000000000045,15000,697.5,708.2,702.85,,0.76
2012-10-01,50,522.4,,,52.386,19.405,0.19,17.8,1.4,0.43,10.700000000000045,15000,697.5,708.2,702.85,,0.76
2012-11-01,50,516.0,,,53.407,38.048,0.19,17.8,1.4,0.43,10.700000000000045,15000,697.5,708.2,702.85,,0.76
2012-12-01,50,527.1,,,52.205,41.0,0.19,17.8,1.4,0.43,10.700000000000045,15000,697.5,708.2,702.85,,0.76
2013-01-01,50,529.4,,,51.893,40.762,0.19,17.8,1.4,0.43,10.700000000000045,15000,697.5,708.2,702.85,,0.76
2013-02-01,50,531.2,,,43.514,45.214,0.19,17.8,1.4,0.43,10.700000000000045,15000,697.5,708.2,702.85,,0.76
2013-03-01,50,542.3,,,35.96,5.476,0.19,17.8,1.4,0.43,10.700000000000045,15000,697.5,708.2,702.85,,0.76
2013-04-01,50,551.4,,,38.472,5.071,0.19,17.8,1.4,0.43,10.700000000000045,15000,697.5,708.2,702.85,,0.76
2013-05-01,50,520.2,,,33.059,2.476,0.19,17.8,1.4,0.43,10.700000000000045,15000,697.5,708.2,702.85,,0.76
2013-06-01,50,531.5,,,29.601,1.048,0.19,17.8,1.4,0.43,10.700000000000045,15000,697.5,708.2,702.85,,0.76
2013-07-01,50,537.0,,,46.387,1.595,0.19,17.8,1.4,0.43,10.700000000000045,15000,697.5,708.2,702.85,,0.76
2013-08-01,50,515.0,,,43.319,1.5,0.19,17.8,1.4,0.43,10.700000000000045,15000,697.5,708.2,702.85,,0.76
2013-09-01,50,515.5,,,38.584,1.333,0.19,17.8,1.4,0.43,10.700000000000045,15000,697.5,708.2,702.85,,0.76
2013-10-01,50,516.2,,,45.768,3.143,0.19,17.8,1.4,0.43,10.700000000000045,15000,697.5,708.2,702.85,,0.76
2013-11-01,50,496.1,,,45.236,3.69,0.19,17.8,1.4,0.43,10.700000000000045,15000,697.5,708.2,702.85,,0.76
2013-12-01,50,502.4,,,49.506,4.024,0.19,17.8,1.4,0.43,10.700000000000045,15000,697.5,708.2,702.85,,0.76
2014-01-01,50,501.4,,,58.036,4.714,0.19,17.8,1.4,0.43,10.700000000000045,15000,697.5,708.2,702.85,,0.76
2014-02-01,50,515.5,,,40.56,3.31,0.19,17.8,1.4,0.43,10.700000000000045,15000,697.5,708.2,702.85,,0.76
2014-03-01,50,516.6,,,43.553,3.548,0.19,17.8,1.4,0.43,10.700000000000045,15000,697.5,708.2,702.85,,0.76
2014-04-01,50,503.1,,,36.322,1.952,0.19,17.8,1.4,0.43,10.700000000000045,15000,697.5,708.2,702.85,,0.76
2014-05-01,50,532.2,,,43.851,2.333,0.19,17.8,1.4,0.43,10.700000000000045,15000,697.5,708.2,702.85,,0.76
2014-06-01,50,495.1,,,34.784,1.976,0.19,17.8,1.4,0.43,10.700000000000045,15000,697.5,708.2,702.85,,0.76
2014-07-01,50,487.1,,,36.114,2.048,0.19,17.8,1.4,0.43,10.700000000000045,15000,697.5,708.2,702.85,,0.76
2014-08-01,50,489.9,,,44.101,2.5,0.19,17.8,1.4,0.43,10.700000000000045,15000,697.5,708.2,702.85,,0.76
2014-09-01,50,502.7,,,42.546,3.643,0.19,17.8,1.4,0.43,10.700000000000045,15000,697.5,708.2,702.85,,0.76
2014-10-01,50,481.5,,,54.585,4.881,0.19,17.8,1.4,0.43,10.700000000000045,15000,697.5,708.2,702.85,,0.76
2014-11-01,50,481.2,,,61.467,5.5,0.19,17.8,1.4,0.43,10.700000000000045,15000,697.5,708.2,702.85,,0.76
2014-12-01,50,480.5,,,47.418,4.238,0.19,17.8,1.4,0.43,10.700000000000045,15000,697.5,708.2,702.85,,0.76
2015-01-01,50,475.7,,,45.576,2.881,0.19,17.8,1.4,0.43,10.700000000000045,15000,697.5,708.2,702.85,,0.76
2015-02-01,50,477.9,,,58.235,3.667,0.19,17.8,1.4,0.43,10.700000000000045,15000,697.5,708.2,702.85,,0.76
2015-03-01,50,472.0,,,50.377,3.167,0.19,17.8,1.4,0.43,10.700000000000045,15000,697.5,708.2,702.85,,0.76
2015-04-01,50,501.8,,,52.235,5.357,0.19,17.8,1.4,0.43,10.700000000000045,15000,697.5,708.2,702.85,,0.76
2015-05-01,50,470.2,,,47.578,53.19,0.19,17.8,1.4,0.43,10.700000000000045,15000,697.5,708.2,702.85,,0.76
2015-06-01,50,463.5,,,67.921,75.952,0.19,17.8,1.4,0.43,10.700000000000045,15000,697.5,708.2,702.85,,0.76
2015-07-01,50,466.9,,,48.582,58.643,0.19,17.8,1.4,0.43,10.700000000000045,15000,697.5,708.2,702.85,,0.76
2015-08-01,50,449.5,48.0,31.0,56.499,96.786,0.19,17.8,1.4,0.43,10.700000000000045,15000,697.5,708.2,702.85,,0.76
2015-09-01,50,458.2,48.0,30.0,46.964,79.714,0.19,17.8,1.4,0.43,10.700000000000045,15000,697.5,708.2,702.85,,0.76
2015-10-01,50,461.5,48.0,31.0,48.083,81.595,0.19,17.8,1.4,0.43,10.700000000000045,15000,697.5,708.2,702.85,,0.76
2015-11-01,50,487.0,48.0,30.0,36.706,62.31,0.19,17.8,1.4,0.43,10.700000000000045,15000,697.5,708.2,702.85,,0.76
2015-12-01,50,480.2,48.0,31.0,69.013,117.476,0.19,17.8,1.4,0.43,10.700000000000045,15000,697.5,708.2,702.85,,0.76
2016-01-01,50,469.1,48.0,31.0,81.354,138.524,0.19,17.8,1.4,0.43,10.700000000000045,15000,697.5,708.2,702.85,,0.76
2016-02-01,50,451.5,48.0,29.0,61.04,104.357,0.19,17.8,1.4,0.43,10.700000000000045,15000,697.5,708.2,702.85,,0.76
2016-03-01,50,451.0,48.0,31.0,42.541,72.738,0.19,17.8,1.4,0.43,10.700000000000045,15000,697.5,708.2,702.85,,0.76
2016-04-01,50,467.0,48.0,30.0,58.0,100.238,0.19,17.8,1.4,0.43,10.700000000000045,15000,697.5,708.2,702.85,,0.76
2016-05-01,50,468.6,48.0,31.0,48.969,84.619,0.19,17.8,1.4,0.43,10.700000000000045,15000,697.5,708.2,702.85,,0.76
2016-06-01,50,436.1,48.0,30.0,44.341,76.619,0.19,17.8,1.4,0.43,10.700000000000045,15000,697.5,708.2,702.85,,0.76
2016-07-01,50,422.5,48.0,28.0,62.148,107.429,0.19,17.8,1.4,0.43,10.700000000000045,15000,697.5,708.2,702.85,,0.76
2016-08-01,50,433.8,48.0,31.0,44.712,77.286,0.19,17.8,1.4,0.43,10.700000000000045,15000,697.5,708.2,702.85,,0.76
2016-09-01,50,454.9,48.0,30.0,60.925,105.31,0.19,17.8,1.4,0.43,10.700000000000045,15000,697.5,708.2,702.85,,0.76
2016-10-01,50,445.8,48.0,31.0,44.481,76.857,0.19,17.8,1.4,0.43,10.700000000000045,15000,697.5,708.2,702.85,,0.76
2016-11-01,50,450.1,48.0,30.0,63.514,124.429,0.19,17.8,1.4,0.43,10.700000000000045,15000,697.5,708.2,702.85,,0.76
2016-12-01,50,417.1,48.0,31.0,86.719,180.452,0.19,17.8,1.4,0.43,10.700000000000045,15000,697.5,708.2,702.85,,0.76
2017-01-01,50,412.0,48.0,31.0,48.365,100.667,0.19,17.8,1.4,0.43,10.700000000000045,15000,697.5,708.2,702.85,,0.76
2017-02-01,50,413.9,48.0,28.0,56.963,118.548,0.19,17.8,1.4,0.43,10.700000000000045,15000,697.5,708.2,702.85,,0.76
2017-03-01,50,413.7,48.0,31.0,74.442,154.905,0.19,17.8,1.4,0.43,10.700000000000045,15000,697.5,708.2,702.85,,0.76
2017-04-01,50,426.5,48.0,29.0,70.035,145.762,0.19,17.8,1.4,0.43,10.700000000000045,15000,697.5,708.2,702.85,,0.76
2017-05-01,50,422.2,48.0,31.0,73.566,153.119,0.19,17.8,1.4,0.43,10.700000000000045,15000,697.5,708.2,702.85,,0.76
2017-06-01,50,424.7,48.0,30.0,80.128,173.048,0.19,17.8,1.4,0.43,10.700000000000045,15000,697.5,708.2,702.85,,0.76
2017-07-01,50,422.5,48.0,31.0,69.458,149.976,0.19,17.8,1.4,0.43,10.700000000000045,15000,697.5,708.2,702.85,,0.76
2017-08-01,50,415.9,48.0,31.0,82.488,624.714,0.19,17.8,1.4,0.43,10.700000000000045,15000,697.5,708.2,702.85,,0.76
2017-09-01,50,424.5,48.0,30.0,56.809,393.476,0.19,17.8,1.4,0.43,10.700000000000045,15000,697.5,708.2,702.85,,0.76
2017-10-01,50,430.7,48.0,31.0,51.44,244.595,0.19,17.8,1.4,0.43,10.700000000000045,15000,697.5,708.2,702.85,,0.76
2017-11-01,50,409.5,48.0,30.0,69.187,388.024,0.19,17.8,1.4,0.43,10.700000000000045,15000,697.5,708.2,702.85,,0.76
2017-12-01,50,403.0,48.0,31.0,86.734,512.929,0.19,17.8,1.4,0.43,10.700000000000045,15000,697.5,708.2,702.85,,0.76
2018-01-01,50,399.9,48.0,31.0,87.776,501.643,0.19,17.8,1.4,0.43,10.700000000000045,15000,697.5,708.2,702.85,,0.76
2018-02-01,50,396.4,48.0,28.0,85.383,437.476,0.19,17.8,1.4,0.43,10.700000000000045,15000,697.5,708.2,702.85,,0.76
2018-03-01,50,368.6,48.0,31.0,70.25,357.929,0.19,17.8,1.4,0.43,10.700000000000045,15000,697.5,708.2,702.85,,0.76
2018-04-01,50,388.4,48.0,30.0,94.073,472.357,0.19,17.8,1.4,0.43,10.700000000000045,15000,697.5,708.2,702.85,,0.76
2018-05-01,50,356.4,48.0,31.0,80.006,393.476,0.19,17.8,1.4,0.43,10.700000000000045,15000,697.5,708.2,702.85,,0.76
2018-06-01,50,386.1,48.0,30.0,92.934,980.548,0.19,17.8,1.4,0.43,10.700000000000045,15000,697.5,708.2,702.85,,0.76
2018-07-01,50,385.5,48.0,31.0,89.187,941.024,0.19,17.8,1.4,0.43,10.700000000000045,15000,697.5,708.2,702.85,,0.76
2018-08-01,50,374.2,48.0,31.0,110.287,1163.595,0.19,17.8,1.4,0.43,10.700000000000045,15000,697.5,708.2,702.85,,0.76
2018-09-01,50,375.7,48.0,30.0,103.721,1094.333,0.19,17.8,1.4,0.43,10.700000000000045,15000,697.5,708.2,702.85,,0.76
2018-10-01,50,374.2,48.0,31.0,106.606,1124.738,0.19,17.8,1.4,0.43,10.700000000000045,15000,697.5,708.2,702.85,,0.76
2018-11-01,50,373.0,48.0,30.0,91.0,922.619,0.19,17.8,1.4,0.43,10.700000000000045,15000,697.5,708.2,702.85,,0.76
2018-12-01,50,378.5,48.0,31.0,91.164,915.048,0.19,17.8,1.4,0.43,10.700000000000045,15000,697.5,708.2,702.85,,0.76
2019-01-01,50,371.4,48.0,31.0,82.52,719.048,0.19,17.8,1.4,0.43,10.700000000000045,15000,697.5,708.2,702.85,,0.76
2019-02-01,50,334.4,48.0,28.0,62.015,540.476,0.19,17.8,1.4,0.43,10.700000000000045,15000,697.5,708.2,702.85,,0.76
2019-03-01,50,361.0,48.0,31.0,55.265,484.024,0.19,17.8,1.4,0.43,10.700000000000045,15000,697.5,708.2,702.85,,0.76
2019-04-01,50,362.0,48.0,24.0,56.48,504.714,0.19,17.8,1.4,0.43,10.700000000000045,15000,697.5,708.2,702.85,,0.76
2019-05-01,50,,48.0,31.0,74.609,650.214,0.19,17.8,1.4,0.43,10.700000000000045,15000,697.5,708.2,702.85,,0.76
2019-06-01,50,371.0,48.0,30.0,74.419,648.5,0.19,17.8,1.4,0.43,10.700000000000045,15000,697.5,708.2,702.85,,0.76
2019-07-01,50,377.2,48.0,31.0,67.044,584.119,0.19,17.8,1.4,0.43,10.700000000000045,15000,697.5,708.2,702.85,,0.76
2019-08-01,50,376.3,48.0,31.0,87.197,759.762,0.19,17.8,1.4,0.43,10.700000000000045,15000,697.5,708.2,702.85,,0.76
2019-09-01,50,386.2,48.0,25.0,51.35,447.429,0.19,17.8,1.4,0.43,10.700000000000045,15000,697.5,708.2,702.85,,0.76
2019-10-01,50,387.5,48.0,31.0,53.316,464.548,0.19,17.8,1.4,0.43,10.700000000000045,15000,697.5,708.2,702.85,,0.76
2019-11-01,50,360.1,48.0,30.0,35.828,312.238,0.19,17.8,1.4,0.43,10.700000000000045,15000,697.5,708.2,702.85,,0.76
2019-12-01,50,373.7,48.0,31.0,60.549,527.571,0.19,17.8,1.4,0.43,10.700000000000045,15000,697.5,708.2,702.85,,0.76
2020-01-01,50,363.5,48.0,31.0,92.721,807.881,0.19,17.8,1.4,0.43,10.700000000000045,15000,697.5,708.2,702.85,,0.76
2020-02-01,50,342.9,48.0,29.0,53.225,463.857,0.19,17.8,1.4,0.43,10.700000000000045,15000,697.5,708.2,702.85,,0.76
2020-03-01,50,342.9,48.0,31.0,43.257,376.929,0.19,17.8,1.4,0.43,10.700000000000045,15000,697.5,708.2,702.85,,0.76
2020-06-01,50,,48.0,30.0,35.909,312.857,0.19,17.8,1.4,0.43,10.700000000000045,15000,697.5,708.2,702.85,,0.76
2020-07-01,50,357.3,48.0,31.0,69.133,602.381,0.19,17.8,1.4,0.43,10.700000000000045,15000,697.5,708.2,702.85,,0.76
2020-08-01,50,370.0,48.0,31.0,69.872,608.81,0.19,17.8,1.4,0.43,10.700000000000045,15000,697.5,708.2,702.85,,0.76
2020-09-01,50,348.4,48.0,30.0,76.126,663.405,0.19,17.8,1.4,0.43,10.700000000000045,15000,697.5,708.2,702.85,,0.76
2020-10-01,50,340.5,48.0,31.0,56.098,488.857,0.19,17.8,1.4,0.43,10.700000000000045,15000,697.5,708.2,702.85,,0.76
2020-11-01,50,348.6,48.0,30.0,44.063,383.929,0.19,17.8,1.4,0.43,10.700000000000045,15000,697.5,708.2,702.85,,0.76
2020-12-01,50,307.8,48.0,31.0,83.661,729.071,0.19,17.8,1.4,0.43,10.700000000000045,15000,697.5,708.2,702.85,,0.76
2021-01-01,50,336.4,48.0,31.0,103.979,924.095,0.19,17.8,1.4,0.43,10.700000000000045,15000,697.5,708.2,702.85,,0.76
2021-02-01,50,339.4,48.0,28.0,80.105,697.857,0.19,17.8,1.4,0.43,10.700000000000045,15000,697.5,708.2,702.85,,0.76
2021-03-01,50,318.4,48.0,31.0,47.619,414.929,0.19,17.8,1.4,0.43,10.700000000000045,15000,697.5,708.2,702.85,,0.76
2021-04-01,50,325.3,48.0,30.0,83.076,723.905,0.19,17.8,1.4,0.43,10.700000000000045,15000,697.5,708.2,702.85,,0.76
2021-05-01,50,307.1,48.0,31.0,106.157,924.976,0.19,17.8,1.4,0.43,10.700000000000045,15000,697.5,708.2,702.85,,0.76
2021-06-01,50,315.2,48.0,30.0,99.574,938.405,0.19,17.8,1.4,0.43,10.700000000000045,15000,697.5,708.2,702.85,,0.76
2021-07-01,50,307.0,48.0,31.0,105.55,969.333,0.19,17.8,1.4,0.43,10.700000000000045,15000,697.5,708.2,702.85,,0.76
2021-08-01,50,300.7,48.0,31.0,104.498,910.524,0.19,17.8,1.4,0.43,10.700000000000045,15000,697.5,708.2,702.85,,0.76
2021-09-01,50,309.4,48.0,30.0,90.597,697.643,0.19,17.8,1.4,0.43,10.700000000000045,15000,697.5,708.2,702.85,,0.76
2021-10-01,50,298.5,48.0,31.0,103.291,825.857,0.19,17.8,1.4,0.43,10.700000000000045,15000,697.5,708.2,702.85,,0.76
2021-11-01,50,298.9,48.0,30.0,92.8,856.095,0.19,17.8,1.4,0.43,10.700000000000045,15000,697.5,708.2,702.85,,0.76
2021-12-01,50,295.9,48.0,31.0,107.29,934.643,0.19,17.8,1.4,0.43,10.700000000000045,15000,697.5,708.2,702.85,,0.76
2022-01-01,50,267.8,64.0,31.0,110.448,962.191,0.19,17.8,1.4,0.43,10.700000000000045,15000,697.5,708.2,702.85,,0.76
2022-02-01,50,273.9,64.0,28.0,94.98,827.691,0.19,17.8,1.4,0.43,10.700000000000045,15000,697.5,708.2,702.85,,0.76
2022-03-01,50,244.2,48.0,31.0,108.038,941.262,0.19,17.8,1.4,0.43,10.700000000000045,15000,697.5,708.2,702.85,,0.76
2022-04-01,50,254.8,64.0,30.0,108.602,946.191,0.19,17.8,1.4,0.43,10.700000000000045,15000,697.5,708.2,702.85,,0.76
2022-05-01,50,250.4,64.0,31.0,110.349,961.238,0.19,17.8,1.4,0.43,10.700000000000045,15000,697.5,708.2,702.85,,0.76
2022-06-01,50,254.8,64.0,30.0,103.346,900.381,0.19,17.8,1.4,0.43,10.700000000000045,15000,697.5,708.2,702.85,,0.76
2022-07-01,50,251.2,64.0,31.0,96.197,838.191,0.19,17.8,1.4,0.43,10.700000000000045,15000,697.5,708.2,702.85,,0.76
2022-08-01,50,253.3,64.0,31.0,104.467,910.167,0.19,17.8,1.4,0.43,10.700000000000045,15000,697.5,708.2,702.85,,0.76
2022-09-01,50,240.0,48.0,30.0,100.118,737.19,0.19,17.8,1.4,0.43,10.700000000000045,15000,697.5,708.2,702.85,,0.76
2022-10-01,50,277.4,48.0,31.0,89.382,658.262,0.19,17.8,1.4,0.43,10.700000000000045,15000,697.5,708.2,702.85,,0.76
2022-11-01,50,273.6,48.0,30.0,79.003,581.81,0.19,17.8,1.4,0.43,10.700000000000045,15000,697.5,708.2,702.85,,0.76
2022-12-01,50,264.9,48.0,26.0,80.335,591.524,0.19,17.8,1.4,0.43,10.700000000000045,15000,697.5,708.2,702.85,,0.76
2023-01-01,50,264.9,48.0,31.0,94.816,698.071,0.19,17.8,1.4,0.43,10.700000000000045,15000,697.5,708.2,702.85,,0.76
2023-02-01,50,272.2,48.0,28.0,87.368,643.381,0.19,17.8,1.4,0.43,10.700000000000045,15000,697.5,708.2,702.85,,0.76
2023-03-01,50,257.2,48.0,31.0,87.698,645.81,0.19,17.8,1.4,0.43,10.700000000000045,15000,697.5,708.2,702.85,,0.76
2023-04-01,50,230.2,,,,,0.19,17.8,1.4,0.43,10.700000000000045,15000,697.5,708.2,702.85,,0.76
2023-05-01,50,230.2,48.0,11.0,35.273,259.69,0.19,17.8,1.4,0.43,10.700000000000045,15000,697.5,708.2,702.85,,0.76
2023-06-01,50,245.5,48.0,30.0,101.433,746.81,0.19,17.8,1.4,0.43,10.700000000000045,15000,697.5,708.2,702.85,,0.76
2023-07-01,50,236.3,48.0,31.0,96.642,711.571,0.19,17.8,1.4,0.43,10.700000000000045,15000,697.5,708.2,702.85,,0.76
2023-08-01,50,236.4,48.0,31.0,88.429,651.095,0.19,17.8,1.4,0.43,10.700000000000045,15000,697.5,708.2,702.85,,0.76
2023-09-01,50,253.1,48.0,30.0,82.136,1250.929,0.19,17.8,1.4,0.43,10.700000000000045,15000,697.5,708.2,702.85,,0.76
2023-10-01,50,259.6,48.0,31.0,83.961,1285.595,0.19,17.8,1.4,0.43,10.700000000000045,15000,697.5,708.2,702.85,,0.76
2023-11-01,50,266.2,48.0,30.0,81.952,1267.738,0.19,17.8,1.4,0.43,10.700000000000045,15000,697.5,708.2,702.85,,0.76
2023-12-01,50,250.7,48.0,31.0,87.124,1472.405,0.19,17.8,1.4,0.43,10.700000000000045,15000,697.5,708.2,702.85,,0.76
2024-01-01,50,224.7,128.0,31.0,96.226,1626.214,0.19,17.8,1.4,0.43,10.700000000000045,15000,697.5,708.2,702.85,,0.76
2024-02-01,50,221.0,128.0,29.0,89.864,1518.691,0.19,17.8,1.4,0.43,10.700000000000045,15000,697.5,708.2,702.85,,0.76
2024-03-01,50,217.0,128.0,31.0,91.109,1539.738,0.19,17.8,1.4,0.43,10.700000000000045,15000,697.5,708.2,702.85,,0.76
2024-04-01,50,240.5,128.0,30.0,80.465,1359.857,0.19,17.8,1.4,0.43,10.700000000000045,15000,697.5,708.2,702.85,,0.76
2024-05-01,50,255.2,128.0,31.0,22.698,383.595,0.19,17.8,1.4,0.43,10.700000000000045,15000,697.5,708.2,702.85,,0.76
2024-06-01,50,249.7,128.0,28.0,56.265,950.881,0.19,17.8,1.4,0.43,10.700000000000045,15000,697.5,708.2,702.85,,0.76
2024-07-01,50,237.9,128.0,31.0,85.729,1448.81,0.19,17.8,1.4,0.43,10.700000000000045,15000,697.5,708.2,702.85,,0.76
2024-08-01,50,207.3,128.0,25.0,37.291,630.214,0.19,17.8,1.4,0.43,10.700000000000045,15000,697.5,708.2,702.85,,0.76
2024-09-01,50,216.8,128.0,30.0,92.045,1555.571,0.19,17.8,1.4,0.43,10.700000000000045,15000,697.5,708.2,702.85,,0.76
2024-10-01,50,220.1,128.0,31.0,88.007,1487.31,0.19,17.8,1.4,0.43,10.700000000000045,15000,697.5,708.2,702.85,,0.76
2024-11-01,50,220.1,128.0,29.0,80.561,1418.0,0.19,17.8,1.4,0.43,10.700000000000045,15000,697.5,708.2,702.85,,0.76
2024-12-01,50,231.5,128.0,31.0,70.014,1282.452,0.19,17.8,1.4,0.43,10.700000000000045,15000,697.5,708.2,702.85,,0.76
2025-01-01,50,243.8,128.0,31.0,76.299,1267.571,0.19,17.8,1.4,0.43,10.700000000000045,15000,697.5,708.2,702.85,,0.76
2025-02-01,50,233.6,128.0,28.0,51.661,792.191,0.19,17.8,1.4,0.43,10.700000000000045,15000,697.5,708.2,702.85,,0.76
2025-03-01,50,216.0,128.0,31.0,91.896,1553.048,0.19,17.8,1.4,0.43,10.700000000000045,15000,697.5,708.2,702.85,,0.76
2025-04-01,50,217.6,128.0,30.0,82.167,1388.619,0.19,17.8,1.4,0.43,10.700000000000045,15000,697.5,708.2,702.85,,0.76
2025-05-01,50,212.0,128.0,31.0,86.044,1454.143,0.19,17.8,1.4,0.43,10.700000000000045,15000,697.5,708.2,702.85,,0.76
2025-06-01,50,211.4,128.0,30.0,79.719,1347.262,0.19,17.8,1.4,0.43,10.700000000000045,15000,697.5,708.2,702.85,,0.76
1990-06-01,51,805.0,,,91.18,66.762,0.19,7.0,-1.7,0.37,10.0,14000,702.0,712.0,707.0,,0.77
1990-08-01,51,,,,92.403,66.643,0.19,7.0,-1.7,0.37,10.0,14000,702.0,712.0,707.0,,0.77
1990-09-01,51,808.2,,,83.916,59.81,0.19,7.0,-1.7,0.37,10.0,14000,702.0,712.0,707.0,,0.77
1990-10-01,51,,,,86.67,63.548,0.19,7.0,-1.7,0.37,10.0,14000,702.0,712.0,707.0,,0.77
1995-01-01,51,783.2,,,96.228,195.357,0.19,7.0,-1.7,0.37,10.0,14000,702.0,712.0,707.0,,0.77
1995-02-01,51,788.8,,,88.086,178.952,0.19,7.0,-1.7,0.37,10.0,14000,702.0,712.0,707.0,,0.77
1995-04-01,51,819.6,,,85.596,174.143,0.19,7.0,-1.7,0.37,10.0,14000,702.0,712.0,707.0,,0.77
1995-05-01,51,,,,88.164,254.929,0.19,7.0,-1.7,0.37,10.0,14000,702.0,712.0,707.0,,0.77
1995-06-01,51,,,,78.611,225.238,0.19,7.0,-1.7,0.37,10.0,14000,702.0,712.0,707.0,,0.77
1995-07-01,51,,,,70.561,200.619,0.19,7.0,-1.7,0.37,10.0,14000,702.0,712.0,707.0,,0.77
1995-08-01,51,827.5,,,73.816,182.024,0.19,7.0,-1.7,0.37,10.0,14000,702.0,712.0,707.0,,0.77
1995-09-01,51,833.0,,,63.814,157.857,0.19,7.0,-1.7,0.37,10.0,14000,702.0,712.0,707.0,,0.77
1995-10-01,51,850.0,,,68.758,243.381,0.19,7.0,-1.7,0.37,10.0,14000,702.0,712.0,707.0,,0.77
1995-11-01,51,827.7,,,63.299,82.952,0.19,7.0,-1.7,0.37,10.0,14000,702.0,712.0,707.0,,0.77
1995-12-01,51,824.0,,,66.778,86.905,0.19,7.0,-1.7,0.37,10.0,14000,702.0,712.0,707.0,,0.77
1996-01-01,51,807.1,,,55.134,71.429,0.19,7.0,-1.7,0.37,10.0,14000,702.0,712.0,707.0,,0.77
1996-02-01,51,806.0,,,73.275,96.119,0.19,7.0,-1.7,0.37,10.0,14000,702.0,712.0,707.0,,0.77
1996-04-01,51,801.8,,,75.08,139.238,0.19,7.0,-1.7,0.37,10.0,14000,702.0,712.0,707.0,,0.77
1996-05-01,51,770.2,,,82.697,139.238,0.19,7.0,-1.7,0.37,10.0,14000,702.0,712.0,707.0,,0.77
1996-06-01,51,803.2,,,78.592,148.238,0.19,7.0,-1.7,0.37,10.0,14000,702.0,712.0,707.0,,0.77
1996-07-01,51,797.7,,,85.541,199.167,0.19,7.0,-1.7,0.37,10.0,14000,702.0,712.0,707.0,,0.77
1996-08-01,51,783.0,,,93.834,231.905,0.19,7.0,-1.7,0.37,10.0,14000,702.0,712.0,707.0,,0.77
1996-09-01,51,769.6,,,90.562,225.167,0.19,7.0,-1.7,0.37,10.0,14000,702.0,712.0,707.0,,0.77
1996-10-01,51,768.1,,,92.869,232.286,0.19,7.0,-1.7,0.37,10.0,14000,702.0,712.0,707.0,,0.77
1996-11-01,51,797.7,,,92.058,226.381,0.19,7.0,-1.7,0.37,10.0,14000,702.0,712.0,707.0,,0.77
1996-12-01,51,773.8,,,94.088,231.571,0.19,7.0,-1.7,0.37,10.0,14000,702.0,712.0,707.0,,0.77
1998-07-01,51,782.6,,,86.34,235.024,0.19,7.0,-1.7,0.37,10.0,14000,702.0,712.0,707.0,,0.77
1999-02-01,51,773.6,,,85.161,189.214,0.19,7.0,-1.7,0.37,10.0,14000,702.0,712.0,707.0,,0.77
1999-07-01,51,767.9,,,93.417,242.333,0.19,7.0,-1.7,0.37,10.0,14000,702.0,712.0,707.0,,0.77
1999-08-01,51,767.8,,,91.697,371.643,0.19,7.0,-1.7,0.37,10.0,14000,702.0,712.0,707.0,,0.77
1999-10-01,51,715.8,,,117.256,393.31,0.19,7.0,-1.7,0.37,10.0,14000,702.0,712.0,707.0,,0.77
2000-05-01,51,720.8,,,108.176,396.524,0.19,7.0,-1.7,0.37,10.0,14000,702.0,712.0,707.0,,0.77
2000-06-01,51,709.8,,,107.449,442.619,0.19,7.0,-1.7,0.37,10.0,14000,702.0,712.0,707.0,,0.77
2000-08-01,51,708.3,,,112.985,336.095,0.19,7.0,-1.7,0.37,10.0,14000,702.0,712.0,707.0,,0.77
2000-11-01,51,710.5,,,104.258,431.667,0.19,7.0,-1.7,0.37,10.0,14000,702.0,712.0,707.0,,0.77
2001-01-01,51,703.5,,,108.756,498.714,0.19,7.0,-1.7,0.37,10.0,14000,702.0,712.0,707.0,,0.77
2001-02-01,51,725.1,,,97.77,453.762,0.19,7.0,-1.7,0.37,10.0,14000,702.0,712.0,707.0,,0.77
2001-03-01,51,706.8,,,108.798,410.167,0.19,7.0,-1.7,0.37,10.0,14000,702.0,712.0,707.0,,0.77
2001-05-01,51,704.0,,,110.431,257.619,0.19,7.0,-1.7,0.37,10.0,14000,702.0,712.0,707.0,,0.77
2001-06-01,51,707.2,,,103.552,306.286,0.19,7.0,-1.7,0.37,10.0,14000,702.0,712.0,707.0,,0.77
2001-07-01,51,709.5,,,110.746,375.381,0.19,7.0,-1.7,0.37,10.0,14000,702.0,712.0,707.0,,0.77
2001-08-01,51,705.2,,,111.656,448.81,0.19,7.0,-1.7,0.37,10.0,14000,702.0,712.0,707.0,,0.77
2001-09-01,51,704.8,,,102.567,440.714,0.19,7.0,-1.7,0.37,10.0,14000,702.0,712.0,707.0,,0.77
2001-10-01,51,700.9,,,100.582,282.0,0.19,7.0,-1.7,0.37,10.0,14000,702.0,712.0,707.0,,0.77
2001-11-01,51,697.4,,,108.081,305.976,0.19,7.0,-1.7,0.37,10.0,14000,702.0,712.0,707.0,,0.77
2001-12-01,51,693.9,,,111.94,41.762,0.19,7.0,-1.7,0.37,10.0,14000,702.0,712.0,707.0,,0.77
2002-01-01,51,,,,111.503,631.5,0.19,7.0,-1.7,0.37,10.0,14000,702.0,712.0,707.0,,0.77
2002-02-01,51,690.0,,,100.555,400.476,0.19,7.0,-1.7,0.37,10.0,14000,702.0,712.0,707.0,,0.77
2002-03-01,51,694.5,,,108.072,443.976,0.19,7.0,-1.7,0.37,10.0,14000,702.0,712.0,707.0,,0.77
2002-04-01,51,691.9,,,104.48,385.286,0.19,7.0,-1.7,0.37,10.0,14000,702.0,712.0,707.0,,0.77
2002-05-01,51,692.2,,,103.718,592.262,0.19,7.0,-1.7,0.37,10.0,14000,702.0,712.0,707.0,,0.77
2002-06-01,51,696.7,,,104.198,559.31,0.19,7.0,-1.7,0.37,10.0,14000,702.0,712.0,707.0,,0.77
2002-07-01,51,,,,107.681,589.905,0.19,7.0,-1.7,0.37,10.0,14000,702.0,712.0,707.0,,0.77
2002-08-01,51,671.5,,,114.932,387.262,0.19,7.0,-1.7,0.37,10.0,14000,702.0,712.0,707.0,,0.77
2002-09-01,51,,,,104.203,442.524,0.19,7.0,-1.7,0.37,10.0,14000,702.0,712.0,707.0,,0.77
2002-10-01,51,693.8,,,108.41,442.333,0.19,7.0,-1.7,0.37,10.0,14000,702.0,712.0,707.0,,0.77
2002-11-01,51,693.8,,,107.874,544.167,0.19,7.0,-1.7,0.37,10.0,14000,702.0,712.0,707.0,,0.77
2002-12-01,51,658.9,,,118.013,478.071,0.19,7.0,-1.7,0.37,10.0,14000,702.0,712.0,707.0,,0.77
2003-01-01,51,647.7,,,114.474,614.048,0.19,7.0,-1.7,0.37,10.0,14000,702.0,712.0,707.0,,0.77
2003-02-01,51,649.5,,,108.281,553.667,0.19,7.0,-1.7,0.37,10.0,14000,702.0,712.0,707.0,,0.77
2003-03-01,51,636.5,,,127.163,536.262,0.19,7.0,-1.7,0.37,10.0,14000,702.0,712.0,707.0,,0.77
2003-04-01,51,630.0,,,123.113,648.024,0.19,7.0,-1.7,0.37,10.0,14000,702.0,712.0,707.0,,0.77
2003-05-01,51,657.8,,,117.027,587.881,0.19,7.0,-1.7,0.37,10.0,14000,702.0,712.0,707.0,,0.77
2003-06-01,51,642.4,,,118.482,554.238,0.19,7.0,-1.7,0.37,10.0,14000,702.0,712.0,707.0,,0.77
2003-07-01,51,,,,120.193,538.31,0.19,7.0,-1.7,0.37,10.0,14000,702.0,712.0,707.0,,0.77
2003-08-01,51,685.4,,,105.007,419.31,0.19,7.0,-1.7,0.37,10.0,14000,702.0,712.0,707.0,,0.77
2003-09-01,51,,,,98.028,496.333,0.19,7.0,-1.7,0.37,10.0,14000,702.0,712.0,707.0,,0.77
2003-10-01,51,,,,95.819,463.81,0.19,7.0,-1.7,0.37,10.0,14000,702.0,712.0,707.0,,0.77
2003-11-01,51,,,,98.117,605.881,0.19,7.0,-1.7,0.37,10.0,14000,702.0,712.0,707.0,,0.77
2003-12-01,51,,,,104.021,642.262,0.19,7.0,-1.7,0.37,10.0,14000,702.0,712.0,707.0,,0.77
2004-01-01,51,676.9,,,100.704,420.81,0.19,7.0,-1.7,0.37,10.0,14000,702.0,712.0,707.0,,0.77
2004-02-01,51,677.4,,,91.832,475.905,0.19,7.0,-1.7,0.37,10.0,14000,702.0,712.0,707.0,,0.77
2004-03-01,51,677.6,,,101.908,551.357,0.19,7.0,-1.7,0.37,10.0,14000,702.0,712.0,707.0,,0.77
2004-04-01,51,692.8,,,93.873,507.976,0.19,7.0,-1.7,0.37,10.0,14000,702.0,712.0,707.0,,0.77
2004-05-01,51,693.2,,,100.693,407.905,0.19,7.0,-1.7,0.37,10.0,14000,702.0,712.0,707.0,,0.77
2004-06-01,51,673.8,,,96.407,387.071,0.19,7.0,-1.7,0.37,10.0,14000,702.0,712.0,707.0,,0.77
2004-07-01,51,659.6,,,103.629,545.19,0.19,7.0,-1.7,0.37,10.0,14000,702.0,712.0,707.0,,0.77
2004-08-01,51,681.9,,,99.906,490.619,0.19,7.0,-1.7,0.37,10.0,14000,702.0,712.0,707.0,,0.77
2004-09-01,51,679.5,,,99.283,478.143,0.19,7.0,-1.7,0.37,10.0,14000,702.0,712.0,707.0,,0.77
2004-10-01,51,674.3,,,104.747,453.905,0.19,7.0,-1.7,0.37,10.0,14000,702.0,712.0,707.0,,0.77
2004-11-01,51,675.0,,,99.208,455.024,0.19,7.0,-1.7,0.37,10.0,14000,702.0,712.0,707.0,,0.77
2004-12-01,51,672.4,,,96.242,437.238,0.19,7.0,-1.7,0.37,10.0,14000,702.0,712.0,707.0,,0.77
2005-01-01,51,669.0,,,97.739,443.381,0.19,7.0,-1.7,0.37,10.0,14000,702.0,712.0,707.0,,0.77
2005-02-01,51,670.1,,,88.901,357.762,0.19,7.0,-1.7,0.37,10.0,14000,702.0,712.0,707.0,,0.77
2005-03-01,51,666.5,,,101.319,458.119,0.19,7.0,-1.7,0.37,10.0,14000,702.0,712.0,707.0,,0.77
2005-04-01,51,670.8,,,93.336,424.333,0.19,7.0,-1.7,0.37,10.0,14000,702.0,712.0,707.0,,0.77
2005-05-01,51,692.7,,,87.348,411.714,0.19,7.0,-1.7,0.37,10.0,14000,702.0,712.0,707.0,,0.77
2005-06-01,51,668.6,,,97.707,419.976,0.19,7.0,-1.7,0.37,10.0,14000,702.0,712.0,707.0,,0.77
2005-07-01,51,665.9,,,100.753,500.571,0.19,7.0,-1.7,0.37,10.0,14000,702.0,712.0,707.0,,0.77
2005-08-01,51,662.9,,,100.964,479.452,0.19,7.0,-1.7,0.37,10.0,14000,702.0,712.0,707.0,,0.77
2005-09-01,51,665.3,,,97.3,463.238,0.19,7.0,-1.7,0.37,10.0,14000,702.0,712.0,707.0,,0.77
2005-10-01,51,658.6,,,98.261,462.738,0.19,7.0,-1.7,0.37,10.0,14000,702.0,712.0,707.0,,0.77
2005-11-01,51,654.7,,,85.198,399.952,0.19,7.0,-1.7,0.37,10.0,14000,702.0,712.0,707.0,,0.77
2005-12-01,51,655.5,,,98.511,528.929,0.19,7.0,-1.7,0.37,10.0,14000,702.0,712.0,707.0,,0.77
2006-01-01,51,678.0,,,76.526,410.262,0.19,7.0,-1.7,0.37,10.0,14000,702.0,712.0,707.0,897.0,0.77
2006-02-01,51,671.3,,,82.604,444.571,0.19,7.0,-1.7,0.37,10.0,14000,702.0,712.0,707.0,,0.77
2006-03-01,51,673.1,,,92.182,481.071,0.19,7.0,-1.7,0.37,10.0,14000,702.0,712.0,707.0,,0.77
2006-04-01,51,668.9,,,87.9,393.0,0.19,7.0,-1.7,0.37,10.0,14000,702.0,712.0,707.0,,0.77
2006-05-01,51,667.6,,,87.346,391.786,0.19,7.0,-1.7,0.37,10.0,14000,702.0,712.0,707.0,,0.77
2006-06-01,51,664.2,,,86.454,361.19,0.19,7.0,-1.7,0.37,10.0,14000,702.0,712.0,707.0,,0.77
2006-07-01,51,665.2,,,84.231,370.286,0.19,7.0,-1.7,0.37,10.0,14000,702.0,712.0,707.0,,0.77
2006-08-01,51,659.1,,,89.066,414.476,0.19,7.0,-1.7,0.37,10.0,14000,702.0,712.0,707.0,,0.77
2006-09-01,51,663.4,,,87.007,428.381,0.19,7.0,-1.7,0.37,10.0,14000,702.0,712.0,707.0,,0.77
2006-10-01,51,649.0,,,93.065,457.024,0.19,7.0,-1.7,0.37,10.0,14000,702.0,712.0,707.0,,0.77
2006-11-01,51,654.3,,,89.673,399.429,0.19,7.0,-1.7,0.37,10.0,14000,702.0,712.0,707.0,,0.77
2006-12-01,51,655.2,,,89.112,492.857,0.19,7.0,-1.7,0.37,10.0,14000,702.0,712.0,707.0,,0.77
2007-01-01,51,654.4,,,91.905,509.69,0.19,7.0,-1.7,0.37,10.0,14000,702.0,712.0,707.0,,0.77
2007-02-01,51,651.4,,,83.303,465.881,0.19,7.0,-1.7,0.37,10.0,14000,702.0,712.0,707.0,,0.77
2007-03-01,51,646.4,,,90.858,508.548,0.19,7.0,-1.7,0.37,10.0,14000,702.0,712.0,707.0,,0.77
2007-04-01,51,648.6,,,75.682,421.571,0.19,7.0,-1.7,0.37,10.0,14000,702.0,712.0,707.0,,0.77
2007-05-01,51,677.0,,,84.563,427.643,0.19,7.0,-1.7,0.37,10.0,14000,702.0,712.0,707.0,,0.77
2007-06-01,51,629.3,,,0.974,442.238,0.19,7.0,-1.7,0.37,10.0,14000,702.0,712.0,707.0,,0.77
2007-07-01,51,630.8,,,96.822,427.905,0.19,7.0,-1.7,0.37,10.0,14000,702.0,712.0,707.0,,0.77
2007-08-01,51,628.4,,,96.303,400.643,0.19,7.0,-1.7,0.37,10.0,14000,702.0,712.0,707.0,,0.77
2007-09-01,51,629.5,,,91.255,379.619,0.19,7.0,-1.7,0.37,10.0,14000,702.0,712.0,707.0,,0.77
2007-10-01,51,628.9,,,95.055,489.571,0.19,7.0,-1.7,0.37,10.0,14000,702.0,712.0,707.0,,0.77
2007-11-01,51,625.8,,,89.044,424.905,0.19,7.0,-1.7,0.37,10.0,14000,702.0,712.0,707.0,,0.77
2007-12-01,51,625.8,,,92.887,530.667,0.19,7.0,-1.7,0.37,10.0,14000,702.0,712.0,707.0,,0.77
2008-01-01,51,619.6,,,90.573,504.738,0.19,7.0,-1.7,0.37,10.0,14000,702.0,712.0,707.0,,0.77
2008-02-01,51,611.7,,,85.252,491.881,0.19,7.0,-1.7,0.37,10.0,14000,702.0,712.0,707.0,,0.77
2008-03-01,51,622.1,,,89.508,491.286,0.19,7.0,-1.7,0.37,10.0,14000,702.0,712.0,707.0,,0.77
2008-04-01,51,631.1,,,84.243,463.143,0.19,7.0,-1.7,0.37,10.0,14000,702.0,712.0,707.0,,0.77
2008-05-01,51,641.5,,,64.025,336.0,0.19,7.0,-1.7,0.37,10.0,14000,702.0,712.0,707.0,,0.77
2008-06-01,51,623.5,,,81.697,382.429,0.19,7.0,-1.7,0.37,10.0,14000,702.0,712.0,707.0,,0.77
2008-07-01,51,619.2,,,81.869,357.19,0.19,7.0,-1.7,0.37,10.0,14000,702.0,712.0,707.0,,0.77
2008-08-01,51,622.3,,,88.262,471.667,0.19,7.0,-1.7,0.37,10.0,14000,702.0,712.0,707.0,,0.77
2008-09-01,51,620.2,,,81.351,440.167,0.19,7.0,-1.7,0.37,10.0,14000,702.0,712.0,707.0,,0.77
2008-10-01,51,625.8,,,82.878,453.476,0.19,7.0,-1.7,0.37,10.0,14000,702.0,712.0,707.0,,0.77
2008-11-01,51,616.2,,,79.28,532.238,0.19,7.0,-1.7,0.37,10.0,14000,702.0,712.0,707.0,,0.77
2008-12-01,51,613.6,,,80.14,545.476,0.19,7.0,-1.7,0.37,10.0,14000,702.0,712.0,707.0,,0.77
2009-01-01,51,613.7,,,80.608,548.667,0.19,7.0,-1.7,0.37,10.0,14000,702.0,712.0,707.0,,0.77
2009-02-01,51,611.2,,,76.577,373.762,0.19,7.0,-1.7,0.37,10.0,14000,702.0,712.0,707.0,,0.77
2009-03-01,51,623.1,,,77.549,559.786,0.19,7.0,-1.7,0.37,10.0,14000,702.0,712.0,707.0,,0.77
2009-04-01,51,628.5,,,40.032,210.905,0.19,7.0,-1.7,0.37,10.0,14000,702.0,712.0,707.0,,0.77
2009-05-01,51,638.6,,,86.608,647.119,0.19,7.0,-1.7,0.37,10.0,14000,702.0,712.0,707.0,,0.77
2009-06-01,51,575.5,,,94.733,636.786,0.19,7.0,-1.7,0.37,10.0,14000,702.0,712.0,707.0,,0.77
2009-07-01,51,582.8,,,90.341,606.286,0.19,7.0,-1.7,0.37,10.0,14000,702.0,712.0,707.0,,0.77
2009-08-01,51,564.0,,,95.408,675.476,0.19,7.0,-1.7,0.37,10.0,14000,702.0,712.0,707.0,,0.77
2009-09-01,51,618.7,,,88.792,619.952,0.19,7.0,-1.7,0.37,10.0,14000,702.0,712.0,707.0,,0.77
2009-10-01,51,560.4,,,95.536,668.619,0.19,7.0,-1.7,0.37,10.0,14000,702.0,712.0,707.0,,0.77
2009-11-01,51,558.1,,,90.141,712.667,0.19,7.0,-1.7,0.37,10.0,14000,702.0,712.0,707.0,,0.77
2009-12-01,51,596.4,,,57.61,373.976,0.19,7.0,-1.7,0.37,10.0,14000,702.0,712.0,707.0,,0.77
2010-01-01,51,605.6,,,47.561,302.881,0.19,7.0,-1.7,0.37,10.0,14000,702.0,712.0,707.0,841.0,0.77
2010-02-01,51,608.8,,,54.312,268.762,0.19,7.0,-1.7,0.37,10.0,14000,702.0,712.0,707.0,,0.77
2010-03-01,51,598.1,,,61.672,301.595,0.19,7.0,-1.7,0.37,10.0,14000,702.0,712.0,707.0,,0.77
2010-04-01,51,602.9,,,63.627,265.952,0.19,7.0,-1.7,0.37,10.0,14000,702.0,712.0,707.0,,0.77
2010-05-01,51,602.5,,,31.67,106.952,0.19,7.0,-1.7,0.37,10.0,14000,702.0,712.0,707.0,,0.77
2010-06-01,51,599.2,,,72.259,208.524,0.19,7.0,-1.7,0.37,10.0,14000,702.0,712.0,707.0,,0.77
2010-07-01,51,597.8,,,59.992,113.548,0.19,7.0,-1.7,0.37,10.0,14000,702.0,712.0,707.0,,0.77
2010-08-01,51,603.1,,,77.274,143.833,0.19,7.0,-1.7,0.37,10.0,14000,702.0,712.0,707.0,,0.77
2010-09-01,51,605.0,,,72.682,137.524,0.19,7.0,-1.7,0.37,10.0,14000,702.0,712.0,707.0,,0.77
2010-10-01,51,596.0,,,66.432,125.69,0.19,7.0,-1.7,0.37,10.0,14000,702.0,712.0,707.0,,0.77
2010-11-01,51,586.1,,,73.816,139.667,0.19,7.0,-1.7,0.37,10.0,14000,702.0,712.0,707.0,,0.77
2010-12-01,51,584.6,,,50.546,95.643,0.19,7.0,-1.7,0.37,10.0,14000,702.0,712.0,707.0,,0.77
2011-01-01,51,578.6,,,78.936,149.357,0.19,7.0,-1.7,0.37,10.0,14000,702.0,712.0,707.0,,0.77
2011-02-01,51,592.2,,,66.751,119.786,0.19,7.0,-1.7,0.37,10.0,14000,702.0,712.0,707.0,,0.77
2011-03-01,51,585.1,,,58.354,104.69,0.19,7.0,-1.7,0.37,10.0,14000,702.0,712.0,707.0,,0.77
2011-04-01,51,574.9,,,52.34,262.643,0.19,7.0,-1.7,0.37,10.0,14000,702.0,712.0,707.0,,0.77
2011-05-01,51,589.1,,,77.722,394.286,0.19,7.0,-1.7,0.37,10.0,14000,702.0,712.0,707.0,,0.77
2011-06-01,51,578.1,,,75.303,387.952,0.19,7.0,-1.7,0.37,10.0,14000,702.0,712.0,707.0,,0.77
2011-07-01,51,584.7,,,59.118,301.738,0.19,7.0,-1.7,0.37,10.0,14000,702.0,712.0,707.0,,0.77
2011-08-01,51,578.9,,,79.361,471.024,0.19,7.0,-1.7,0.37,10.0,14000,702.0,712.0,707.0,,0.77
2011-09-01,51,575.7,,,38.531,215.786,0.19,7.0,-1.7,0.37,10.0,14000,702.0,712.0,707.0,,0.77
2011-10-01,51,588.2,,,78.441,449.095,0.19,7.0,-1.7,0.37,10.0,14000,702.0,712.0,707.0,,0.77
2011-11-01,51,581.8,,,74.383,256.81,0.19,7.0,-1.7,0.37,10.0,14000,702.0,712.0,707.0,,0.77
2011-12-01,51,574.4,,,78.447,270.857,0.19,7.0,-1.7,0.37,10.0,14000,702.0,712.0,707.0,,0.77
2012-01-01,51,572.5,,,76.661,215.952,0.19,7.0,-1.7,0.37,10.0,14000,702.0,712.0,707.0,,0.77
2012-02-01,51,560.3,,,70.278,197.976,0.19,7.0,-1.7,0.37,10.0,14000,702.0,712.0,707.0,,0.77
2012-03-01,51,571.7,,,52.423,167.833,0.19,7.0,-1.7,0.37,10.0,14000,702.0,712.0,707.0,,0.77
2012-04-01,51,568.7,,,71.086,318.262,0.19,7.0,-1.7,0.37,10.0,14000,702.0,712.0,707.0,,0.77
2012-05-01,51,564.7,,,74.662,311.667,0.19,7.0,-1.7,0.37,10.0,14000,702.0,712.0,707.0,,0.77
2012-06-01,51,566.3,,,68.09,282.143,0.19,7.0,-1.7,0.37,10.0,14000,702.0,712.0,707.0,,0.77
2012-07-01,51,565.8,,,59.433,269.024,0.19,7.0,-1.7,0.37,10.0,14000,702.0,712.0,707.0,,0.77
2012-08-01,51,563.4,,,54.609,227.262,0.19,7.0,-1.7,0.37,10.0,14000,702.0,712.0,707.0,,0.77
2012-09-01,51,567.3,,,30.422,52.881,0.19,7.0,-1.7,0.37,10.0,14000,702.0,712.0,707.0,,0.77
2012-10-01,51,566.5,,,67.218,344.0,0.19,7.0,-1.7,0.37,10.0,14000,702.0,712.0,707.0,,0.77
2012-11-01,51,557.6,,,61.837,346.429,0.19,7.0,-1.7,0.37,10.0,14000,702.0,712.0,707.0,,0.77
2012-12-01,51,577.4,,,35.702,186.0,0.19,7.0,-1.7,0.37,10.0,14000,702.0,712.0,707.0,,0.77
2013-01-01,51,571.4,,,24.369,118.262,0.19,7.0,-1.7,0.37,10.0,14000,702.0,712.0,707.0,,0.77
2013-02-01,51,568.8,,,35.354,155.643,0.19,7.0,-1.7,0.37,10.0,14000,702.0,712.0,707.0,,0.77
2013-03-01,51,564.8,,,54.16,214.619,0.19,7.0,-1.7,0.37,10.0,14000,702.0,712.0,707.0,,0.77
2013-04-01,51,583.2,,,41.26,162.905,0.19,7.0,-1.7,0.37,10.0,14000,702.0,712.0,707.0,,0.77
2013-05-01,51,572.5,,,34.535,124.524,0.19,7.0,-1.7,0.37,10.0,14000,702.0,712.0,707.0,,0.77
2013-06-01,51,567.5,,,43.703,162.333,0.19,7.0,-1.7,0.37,10.0,14000,702.0,712.0,707.0,,0.77
2013-07-01,51,558.6,,,52.748,195.905,0.19,7.0,-1.7,0.37,10.0,14000,702.0,712.0,707.0,,0.77
2013-08-01,51,556.1,,,46.016,189.69,0.19,7.0,-1.7,0.37,10.0,14000,702.0,712.0,707.0,,0.77
2013-09-01,51,541.1,,,36.307,149.31,0.19,7.0,-1.7,0.37,10.0,14000,702.0,712.0,707.0,,0.77
2013-10-01,51,545.0,,,14.157,17.0,0.19,7.0,-1.7,0.37,10.0,14000,702.0,712.0,707.0,,0.77
2013-11-01,51,547.5,,,46.739,73.048,0.19,7.0,-1.7,0.37,10.0,14000,702.0,712.0,707.0,,0.77
2013-12-01,51,548.9,,,71.146,111.19,0.19,7.0,-1.7,0.37,10.0,14000,702.0,712.0,707.0,,0.77
2014-01-01,51,549.7,,,54.611,85.357,0.19,7.0,-1.7,0.37,10.0,14000,702.0,712.0,707.0,,0.77
2014-02-01,51,555.1,,,46.303,72.357,0.19,7.0,-1.7,0.37,10.0,14000,702.0,712.0,707.0,,0.77
2014-03-01,51,547.5,,,45.733,489.643,0.19,7.0,-1.7,0.37,10.0,14000,702.0,712.0,707.0,,0.77
2014-04-01,51,557.8,,,23.275,199.405,0.19,7.0,-1.7,0.37,10.0,14000,702.0,712.0,707.0,,0.77
2014-05-01,51,536.9,,,48.694,449.5,0.19,7.0,-1.7,0.37,10.0,14000,702.0,712.0,707.0,,0.77
2014-06-01,51,541.3,,,56.117,600.952,0.19,7.0,-1.7,0.37,10.0,14000,702.0,712.0,707.0,,0.77
2014-07-01,51,535.5,,,54.769,586.524,0.19,7.0,-1.7,0.37,10.0,14000,702.0,712.0,707.0,,0.77
2014-08-01,51,540.4,,,46.368,496.5,0.19,7.0,-1.7,0.37,10.0,14000,702.0,712.0,707.0,,0.77
2014-09-01,51,536.7,,,36.742,393.452,0.19,7.0,-1.7,0.37,10.0,14000,702.0,712.0,707.0,,0.77
2014-10-01,51,541.7,,,51.617,552.738,0.19,7.0,-1.7,0.37,10.0,14000,702.0,712.0,707.0,,0.77
2014-11-01,51,527.0,,,35.215,377.119,0.19,7.0,-1.7,0.37,10.0,14000,702.0,712.0,707.0,,0.77
2014-12-01,51,521.0,,,44.543,477.0,0.19,7.0,-1.7,0.37,10.0,14000,702.0,712.0,707.0,,0.77
2015-01-01,51,526.4,,,55.022,589.167,0.19,7.0,-1.7,0.37,10.0,14000,702.0,712.0,707.0,,0.77
2015-02-01,51,524.4,,,63.33,678.167,0.19,7.0,-1.7,0.37,10.0,14000,702.0,712.0,707.0,,0.77
2015-03-01,51,501.3,,,44.621,477.833,0.19,7.0,-1.7,0.37,10.0,14000,702.0,712.0,707.0,,0.77
2015-04-01,51,520.7,,,54.747,586.286,0.19,7.0,-1.7,0.37,10.0,14000,702.0,712.0,707.0,,0.77
2015-05-01,51,533.0,,,41.648,445.929,0.19,7.0,-1.7,0.37,10.0,14000,702.0,712.0,707.0,,0.77
2015-06-01,51,521.9,,,40.733,436.214,0.19,7.0,-1.7,0.37,10.0,14000,702.0,712.0,707.0,,0.77
2015-07-01,51,520.5,,,59.94,641.857,0.19,7.0,-1.7,0.37,10.0,14000,702.0,712.0,707.0,,0.77
2015-08-01,51,522.5,48.0,31.0,58.686,631.929,0.19,7.0,-1.7,0.37,10.0,14000,702.0,712.0,707.0,,0.77
2015-09-01,51,515.1,48.0,30.0,46.551,496.69,0.19,7.0,-1.7,0.37,10.0,14000,702.0,712.0,707.0,,0.77
2015-10-01,51,497.7,48.0,31.0,48.652,518.929,0.19,7.0,-1.7,0.37,10.0,14000,702.0,712.0,707.0,,0.77
2015-11-01,51,513.0,48.0,30.0,43.939,468.762,0.19,7.0,-1.7,0.37,10.0,14000,702.0,712.0,707.0,,0.77
2015-12-01,51,500.6,48.0,31.0,68.21,729.833,0.19,7.0,-1.7,0.37,10.0,14000,702.0,712.0,707.0,,0.77
2016-01-01,51,487.7,48.0,31.0,65.028,695.952,0.19,7.0,-1.7,0.37,10.0,14000,702.0,712.0,707.0,,0.77
2016-02-01,51,491.7,48.0,29.0,72.205,772.643,0.19,7.0,-1.7,0.37,10.0,14000,702.0,712.0,707.0,,0.77
2016-03-01,51,498.2,48.0,31.0,76.596,819.667,0.19,7.0,-1.7,0.37,10.0,14000,702.0,712.0,707.0,,0.77
2016-04-01,51,482.0,48.0,30.0,74.593,798.595,0.19,7.0,-1.7,0.37,10.0,14000,702.0,712.0,707.0,,0.77
2016-05-01,51,478.3,48.0,31.0,76.905,823.214,0.19,7.0,-1.7,0.37,10.0,14000,702.0,712.0,707.0,,0.77
2016-06-01,51,472.9,48.0,30.0,75.027,811.357,0.19,7.0,-1.7,0.37,10.0,14000,702.0,712.0,707.0,,0.77
2016-07-01,51,447.7,48.0,24.0,64.31,688.548,0.19,7.0,-1.7,0.37,10.0,14000,702.0,712.0,707.0,,0.77
2016-08-01,51,475.6,48.0,31.0,76.745,821.691,0.19,7.0,-1.7,0.37,10.0,14000,702.0,712.0,707.0,,0.77
2016-09-01,51,471.0,48.0,30.0,74.643,799.191,0.19,7.0,-1.7,0.37,10.0,14000,702.0,712.0,707.0,,0.77
2016-10-01,51,484.8,48.0,31.0,72.201,772.857,0.19,7.0,-1.7,0.37,10.0,14000,702.0,712.0,707.0,,0.77
2016-11-01,51,468.7,48.0,30.0,74.183,611.81,0.19,7.0,-1.7,0.37,10.0,14000,702.0,712.0,707.0,,0.77
2016-12-01,51,447.2,48.0,31.0,82.314,771.929,0.19,7.0,-1.7,0.37,10.0,14000,702.0,712.0,707.0,,0.77
2017-01-01,51,447.2,48.0,31.0,74.378,697.595,0.19,7.0,-1.7,0.37,10.0,14000,702.0,712.0,707.0,,0.77
2017-02-01,51,450.2,48.0,28.0,73.533,698.024,0.19,7.0,-1.7,0.37,10.0,14000,702.0,712.0,707.0,,0.77
2017-03-01,51,448.4,48.0,31.0,80.168,760.857,0.19,7.0,-1.7,0.37,10.0,14000,702.0,712.0,707.0,,0.77
2017-04-01,51,443.9,48.0,29.0,74.046,702.857,0.19,7.0,-1.7,0.37,10.0,14000,702.0,712.0,707.0,,0.77
2017-05-01,51,478.9,48.0,29.0,72.228,685.69,0.19,7.0,-1.7,0.37,10.0,14000,702.0,712.0,707.0,,0.77
2017-06-01,51,444.7,48.0,30.0,74.691,721.881,0.19,7.0,-1.7,0.37,10.0,14000,702.0,712.0,707.0,,0.77
2017-07-01,51,447.7,48.0,31.0,77.16,745.571,0.19,7.0,-1.7,0.37,10.0,14000,702.0,712.0,707.0,,0.77
2017-08-01,51,440.7,48.0,31.0,78.801,843.452,0.19,7.0,-1.7,0.37,10.0,14000,702.0,712.0,707.0,,0.77
2017-09-01,51,445.4,48.0,30.0,73.504,786.81,0.19,7.0,-1.7,0.37,10.0,14000,702.0,712.0,707.0,,0.77
2017-10-01,51,466.0,48.0,24.0,51.36,549.786,0.19,7.0,-1.7,0.37,10.0,14000,702.0,712.0,707.0,,0.77
2017-11-01,51,454.7,48.0,26.0,63.057,675.476,0.19,7.0,-1.7,0.37,10.0,14000,702.0,712.0,707.0,,0.77
2017-12-01,51,438.8,48.0,31.0,77.631,831.667,0.19,7.0,-1.7,0.37,10.0,14000,702.0,712.0,707.0,,0.77
2018-01-01,51,430.7,48.0,31.0,80.744,865.024,0.19,7.0,-1.7,0.37,10.0,14000,702.0,712.0,707.0,,0.77
2018-02-01,51,439.9,48.0,28.0,70.376,753.976,0.19,7.0,-1.7,0.37,10.0,14000,702.0,712.0,707.0,,0.77
2018-03-01,51,427.1,48.0,31.0,75.007,803.5,0.19,7.0,-1.7,0.37,10.0,14000,702.0,712.0,707.0,,0.77
2018-04-01,51,417.7,48.0,30.0,75.734,811.286,0.19,7.0,-1.7,0.37,10.0,14000,702.0,712.0,707.0,,0.77
2018-05-01,51,437.6,48.0,31.0,78.512,1130.238,0.19,7.0,-1.7,0.37,10.0,14000,702.0,712.0,707.0,,0.77
2018-06-01,51,416.1,48.0,30.0,77.653,1117.81,0.19,7.0,-1.7,0.37,10.0,14000,702.0,712.0,707.0,,0.77
2018-07-01,51,409.5,48.0,31.0,78.101,1124.238,0.19,7.0,-1.7,0.37,10.0,14000,702.0,712.0,707.0,,0.77
2018-08-01,51,408.6,48.0,31.0,78.58,1131.095,0.19,7.0,-1.7,0.37,10.0,14000,702.0,712.0,707.0,,0.77
2018-09-01,51,404.5,48.0,30.0,75.233,1082.929,0.19,7.0,-1.7,0.37,10.0,14000,702.0,712.0,707.0,,0.77
2018-10-01,51,402.5,48.0,31.0,78.235,1133.048,0.19,7.0,-1.7,0.37,10.0,14000,702.0,712.0,707.0,,0.77
2018-11-01,51,393.0,48.0,25.0,68.0,981.191,0.19,7.0,-1.7,0.37,10.0,14000,702.0,712.0,707.0,,0.77
2018-12-01,51,399.5,48.0,31.0,79.928,1157.548,0.19,7.0,-1.7,0.37,10.0,14000,702.0,712.0,707.0,,0.77
2019-01-01,51,398.2,48.0,31.0,74.37,1077.095,0.19,7.0,-1.7,0.37,10.0,14000,702.0,712.0,707.0,,0.77
2019-02-01,51,407.5,48.0,28.0,69.61,1006.619,0.19,7.0,-1.7,0.37,10.0,14000,702.0,712.0,707.0,,0.77
2019-03-01,51,390.9,48.0,31.0,72.619,1048.143,0.19,7.0,-1.7,0.37,10.0,14000,702.0,712.0,707.0,,0.77
2019-04-01,51,401.5,48.0,24.0,58.607,835.191,0.19,7.0,-1.7,0.37,10.0,14000,702.0,712.0,707.0,,0.77
2019-05-01,51,,48.0,31.0,79.061,1138.214,0.19,7.0,-1.7,0.37,10.0,14000,702.0,712.0,707.0,,0.77
2019-06-01,51,382.6,48.0,30.0,77.945,1122.048,0.19,7.0,-1.7,0.37,10.0,14000,702.0,712.0,707.0,,0.77
2019-07-01,51,400.3,48.0,31.0,77.563,1116.357,0.19,7.0,-1.7,0.37,10.0,14000,702.0,712.0,707.0,,0.77
2019-08-01,51,387.2,48.0,31.0,77.795,1119.762,0.19,7.0,-1.7,0.37,10.0,14000,702.0,712.0,707.0,,0.77
2019-09-01,51,405.0,48.0,30.0,75.015,1079.786,0.19,7.0,-1.7,0.37,10.0,14000,702.0,712.0,707.0,,0.77
2019-10-01,51,407.2,48.0,31.0,70.656,1017.0,0.19,7.0,-1.7,0.37,10.0,14000,702.0,712.0,707.0,,0.77
2019-11-01,51,406.9,48.0,30.0,66.857,962.5,0.19,7.0,-1.7,0.37,10.0,14000,702.0,712.0,707.0,,0.77
2019-12-01,51,414.8,48.0,31.0,68.858,991.095,0.19,7.0,-1.7,0.37,10.0,14000,702.0,712.0,707.0,,0.77
2020-01-01,51,385.2,48.0,31.0,80.235,1154.881,0.19,7.0,-1.7,0.37,10.0,14000,702.0,712.0,707.0,,0.77
2020-02-01,51,380.8,48.0,29.0,69.705,1003.548,0.19,7.0,-1.7,0.37,10.0,14000,702.0,712.0,707.0,,0.77
2020-03-01,51,380.8,48.0,31.0,71.52,1029.524,0.19,7.0,-1.7,0.37,10.0,14000,702.0,712.0,707.0,,0.77
2020-06-01,51,,48.0,30.0,70.793,1018.881,0.19,7.0,-1.7,0.37,10.0,14000,702.0,712.0,707.0,,0.77
2020-07-01,51,378.9,48.0,31.0,79.331,1141.881,0.19,7.0,-1.7,0.37,10.0,14000,702.0,712.0,707.0,,0.77
2020-08-01,51,385.5,48.0,31.0,78.467,1129.452,0.19,7.0,-1.7,0.37,10.0,14000,702.0,712.0,707.0,,0.77
2020-09-01,51,361.6,48.0,30.0,75.084,1080.952,0.19,7.0,-1.7,0.37,10.0,14000,702.0,712.0,707.0,,0.77
2020-10-01,51,365.2,48.0,31.0,76.54,1101.881,0.19,7.0,-1.7,0.37,10.0,14000,702.0,712.0,707.0,,0.77
2020-11-01,51,390.2,48.0,30.0,67.883,977.095,0.19,7.0,-1.7,0.37,10.0,14000,702.0,712.0,707.0,,0.77
2020-12-01,51,359.9,48.0,28.0,64.256,925.071,0.19,7.0,-1.7,0.37,10.0,14000,702.0,712.0,707.0,,0.77
2021-01-01,51,355.3,48.0,31.0,80.325,1156.262,0.19,7.0,-1.7,0.37,10.0,14000,702.0,712.0,707.0,,0.77
2021-02-01,51,327.6,48.0,28.0,72.55,1044.119,0.19,7.0,-1.7,0.37,10.0,14000,702.0,712.0,707.0,,0.77
2021-03-01,51,357.0,48.0,31.0,76.237,1097.429,0.19,7.0,-1.7,0.37,10.0,14000,702.0,712.0,707.0,,0.77
2021-04-01,51,322.9,48.0,30.0,78.623,1131.786,0.19,7.0,-1.7,0.37,10.0,14000,702.0,712.0,707.0,,0.77
2021-05-01,51,357.9,48.0,31.0,83.577,1203.024,0.19,7.0,-1.7,0.37,10.0,14000,702.0,712.0,707.0,,0.77
2021-06-01,51,335.1,48.0,30.0,79.178,1504.405,0.19,7.0,-1.7,0.37,10.0,14000,702.0,712.0,707.0,,0.77
2021-07-01,51,311.3,48.0,31.0,82.813,1488.476,0.19,7.0,-1.7,0.37,10.0,14000,702.0,712.0,707.0,,0.77
2021-08-01,51,326.4,48.0,31.0,82.179,1437.738,0.19,7.0,-1.7,0.37,10.0,14000,702.0,712.0,707.0,,0.77
2021-09-01,51,320.5,48.0,30.0,76.93,1346.048,0.19,7.0,-1.7,0.37,10.0,14000,702.0,712.0,707.0,,0.77
2021-10-01,51,321.9,48.0,31.0,81.744,1430.191,0.19,7.0,-1.7,0.37,10.0,14000,702.0,712.0,707.0,,0.77
2021-11-01,51,305.0,48.0,30.0,75.606,1323.071,0.19,7.0,-1.7,0.37,10.0,14000,702.0,712.0,707.0,,0.77
2021-12-01,51,296.5,48.0,31.0,85.232,1490.857,0.19,7.0,-1.7,0.37,10.0,14000,702.0,712.0,707.0,,0.77
2022-01-01,51,250.4,64.0,31.0,88.802,1553.357,0.19,7.0,-1.7,0.37,10.0,14000,702.0,712.0,707.0,,0.77
2022-02-01,51,261.2,64.0,28.0,78.026,1365.286,0.19,7.0,-1.7,0.37,10.0,14000,702.0,712.0,707.0,,0.77
2022-03-01,51,249.4,48.0,31.0,88.545,1548.952,0.19,7.0,-1.7,0.37,10.0,14000,702.0,712.0,707.0,,0.77
2022-04-01,51,236.2,64.0,30.0,87.762,1535.31,0.19,7.0,-1.7,0.37,10.0,14000,702.0,712.0,707.0,,0.77
2022-05-01,51,235.0,64.0,31.0,90.11,1576.095,0.19,7.0,-1.7,0.37,10.0,14000,702.0,712.0,707.0,,0.77
2022-06-01,51,241.6,64.0,28.0,80.755,1412.667,0.19,7.0,-1.7,0.37,10.0,14000,702.0,712.0,707.0,,0.77
2022-07-01,51,283.9,64.0,29.0,78.691,1376.738,0.19,7.0,-1.7,0.37,10.0,14000,702.0,712.0,707.0,,0.77
2022-08-01,51,255.2,64.0,31.0,85.572,1496.976,0.19,7.0,-1.7,0.37,10.0,14000,702.0,712.0,707.0,,0.77
2022-09-01,51,255.9,64.0,30.0,81.467,1838.571,0.19,7.0,-1.7,0.37,10.0,14000,702.0,712.0,707.0,,0.77
2022-10-01,51,254.9,64.0,31.0,83.411,1882.81,0.19,7.0,-1.7,0.37,10.0,14000,702.0,712.0,707.0,,0.77
2022-11-01,51,258.0,64.0,30.0,76.621,1729.524,0.19,7.0,-1.7,0.37,10.0,14000,702.0,712.0,707.0,,0.77
2022-12-01,51,220.8,64.0,31.0,83.571,1886.071,0.19,7.0,-1.7,0.37,10.0,14000,702.0,712.0,707.0,,0.77
2023-01-01,51,235.1,64.0,31.0,86.149,1944.024,0.19,7.0,-1.7,0.37,10.0,14000,702.0,712.0,707.0,,0.77
2023-02-01,51,240.8,64.0,28.0,73.831,1666.5,0.19,7.0,-1.7,0.37,10.0,14000,702.0,712.0,707.0,,0.77
2023-03-01,51,248.5,64.0,26.0,66.0,1489.691,0.19,7.0,-1.7,0.37,10.0,14000,702.0,712.0,707.0,,0.77
2023-04-01,51,206.4,,,,,0.19,7.0,-1.7,0.37,10.0,14000,702.0,712.0,707.0,,0.77
2023-05-01,51,243.0,64.0,31.0,80.413,1814.643,0.19,7.0,-1.7,0.37,10.0,14000,702.0,712.0,707.0,,0.77
2023-06-01,51,203.5,64.0,30.0,81.364,1836.143,0.19,7.0,-1.7,0.37,10.0,14000,702.0,712.0,707.0,,0.77
2023-07-01,51,200.3,96.0,31.0,81.845,1847.071,0.19,7.0,-1.7,0.37,10.0,14000,702.0,712.0,707.0,,0.77
2023-08-01,51,200.6,96.0,31.0,82.262,1856.5,0.19,7.0,-1.7,0.37,10.0,14000,702.0,712.0,707.0,,0.77
2023-09-01,51,200.0,96.0,30.0,77.157,1731.548,0.19,7.0,-1.7,0.37,10.0,14000,702.0,712.0,707.0,,0.77
2023-10-01,51,267.8,96.0,31.0,75.782,1777.571,0.19,7.0,-1.7,0.37,10.0,14000,702.0,712.0,707.0,,0.77
2023-11-01,51,221.3,96.0,30.0,73.458,1637.262,0.19,7.0,-1.7,0.37,10.0,14000,702.0,712.0,707.0,,0.77
2023-12-01,51,204.7,96.0,31.0,77.602,1709.095,0.19,7.0,-1.7,0.37,10.0,14000,702.0,712.0,707.0,,0.77
2024-01-01,51,206.5,128.0,31.0,75.121,1654.452,0.19,7.0,-1.7,0.37,10.0,14000,702.0,712.0,707.0,,0.77
2024-02-01,51,204.0,128.0,29.0,70.866,1560.738,0.19,7.0,-1.7,0.37,10.0,14000,702.0,712.0,707.0,,0.77
2024-03-01,51,207.2,128.0,31.0,75.777,1668.905,0.19,7.0,-1.7,0.37,10.0,14000,702.0,712.0,707.0,,0.77
2024-04-01,51,216.1,128.0,22.0,54.152,1192.643,0.19,7.0,-1.7,0.37,10.0,14000,702.0,712.0,707.0,,0.77
2024-05-01,51,241.9,128.0,31.0,74.566,1642.238,0.19,7.0,-1.7,0.37,10.0,14000,702.0,712.0,707.0,,0.77
2024-06-01,51,201.9,128.0,30.0,75.568,1664.286,0.19,7.0,-1.7,0.37,10.0,14000,702.0,712.0,707.0,,0.77
2024-07-01,51,203.3,128.0,31.0,78.775,1734.929,0.19,7.0,-1.7,0.37,10.0,14000,702.0,712.0,707.0,,0.77
2024-08-01,51,196.1,128.0,31.0,76.553,1686.0,0.19,7.0,-1.7,0.37,10.0,14000,702.0,712.0,707.0,,0.77
2024-09-01,51,202.7,128.0,30.0,72.464,1595.929,0.19,7.0,-1.7,0.37,10.0,14000,702.0,712.0,707.0,,0.77
2024-10-01,51,206.1,128.0,31.0,72.939,1606.405,0.19,7.0,-1.7,0.37,10.0,14000,702.0,712.0,707.0,,0.77
2024-11-01,51,213.5,128.0,30.0,67.958,1496.691,0.19,7.0,-1.7,0.37,10.0,14000,702.0,712.0,707.0,,0.77
2024-12-01,51,209.3,128.0,31.0,70.785,1558.952,0.19,7.0,-1.7,0.37,10.0,14000,702.0,712.0,707.0,,0.77
2025-01-01,51,215.5,128.0,31.0,70.071,1543.238,0.19,7.0,-1.7,0.37,10.0,14000,702.0,712.0,707.0,,0.77
2025-02-01,51,208.4,128.0,28.0,65.045,1432.548,0.19,7.0,-1.7,0.37,10.0,14000,702.0,712.0,707.0,,0.77
2025-03-01,51,201.5,128.0,31.0,72.106,1588.048,0.19,7.0,-1.7,0.37,10.0,14000,702.0,712.0,707.0,,0.77
2025-04-01,51,201.0,128.0,30.0,67.224,1480.524,0.19,7.0,-1.7,0.37,10.0,14000,702.0,712.0,707.0,,0.77
2025-05-01,51,195.6,128.0,31.0,69.15,1522.952,0.19,7.0,-1.7,0.37,10.0,14000,702.0,712.0,707.0,,0.77
2025-06-01,51,191.5,128.0,30.0,74.107,1632.119,0.19,7.0,-1.7,0.37,10.0,14000,702.0,712.0,707.0,,0.77
1995-01-01,56,750.0,,,159.589,13.071,0.22,5.9,-2.0,0.3,10.200000000000045,23000,690.0,700.2,695.1,,0.72
1995-02-01,56,757.1,,,135.269,11.071,0.22,5.9,-2.0,0.3,10.200000000000045,23000,690.0,700.2,695.1,,0.72
1995-04-01,56,725.7,,,150.683,12.357,0.22,5.9,-2.0,0.3,10.200000000000045,23000,690.0,700.2,695.1,,0.72
1995-05-01,56,726.4,,,151.275,12.524,0.22,5.9,-2.0,0.3,10.200000000000045,23000,690.0,700.2,695.1,,0.72
1995-06-01,56,710.0,,,132.226,10.857,0.22,5.9,-2.0,0.3,10.200000000000045,23000,690.0,700.2,695.1,,0.72
1995-07-01,56,,,,117.629,9.571,0.22,5.9,-2.0,0.3,10.200000000000045,23000,690.0,700.2,695.1,,0.72
1995-08-01,56,747.0,,,132.728,14.667,0.22,5.9,-2.0,0.3,10.200000000000045,23000,690.0,700.2,695.1,,0.72
1995-09-01,56,745.0,,,117.079,12.976,0.22,5.9,-2.0,0.3,10.200000000000045,23000,690.0,700.2,695.1,,0.72
1995-10-01,56,745.8,,,92.237,10.262,0.22,5.9,-2.0,0.3,10.200000000000045,23000,690.0,700.2,695.1,,0.72
1995-11-01,56,738.2,,,108.13,18.976,0.22,5.9,-2.0,0.3,10.200000000000045,23000,690.0,700.2,695.1,,0.72
1995-12-01,56,746.6,,,118.229,22.167,0.22,5.9,-2.0,0.3,10.200000000000045,23000,690.0,700.2,695.1,,0.72
1996-01-01,56,743.5,,,107.493,20.071,0.22,5.9,-2.0,0.3,10.200000000000045,23000,690.0,700.2,695.1,,0.72
1996-02-01,56,745.2,,,115.936,22.952,0.22,5.9,-2.0,0.3,10.200000000000045,23000,690.0,700.2,695.1,,0.72
1996-04-01,56,735.6,,,110.21,24.548,0.22,5.9,-2.0,0.3,10.200000000000045,23000,690.0,700.2,695.1,,0.72
1996-05-01,56,742.0,,,112.034,24.548,0.22,5.9,-2.0,0.3,10.200000000000045,23000,690.0,700.2,695.1,,0.72
1996-06-01,56,741.4,,,105.494,27.19,0.22,5.9,-2.0,0.3,10.200000000000045,23000,690.0,700.2,695.1,,0.72
1996-07-01,56,737.7,,,91.581,17.905,0.22,5.9,-2.0,0.3,10.200000000000045,23000,690.0,700.2,695.1,,0.72
1996-08-01,56,765.5,,,52.104,10.167,0.22,5.9,-2.0,0.3,10.200000000000045,23000,690.0,700.2,695.1,,0.72
1996-09-01,56,749.3,,,92.42,18.119,0.22,5.9,-2.0,0.3,10.200000000000045,23000,690.0,700.2,695.1,,0.72
1996-10-01,56,749.4,,,96.907,19.119,0.22,5.9,-2.0,0.3,10.200000000000045,23000,690.0,700.2,695.1,,0.72
1996-11-01,56,750.0,,,98.916,19.19,0.22,5.9,-2.0,0.3,10.200000000000045,23000,690.0,700.2,695.1,,0.72
1996-12-01,56,763.0,,,105.314,20.452,0.22,5.9,-2.0,0.3,10.200000000000045,23000,690.0,700.2,695.1,,0.72
1998-07-01,56,722.5,,,134.741,18.643,0.22,5.9,-2.0,0.3,10.200000000000045,23000,690.0,700.2,695.1,,0.72
1999-02-01,56,703.9,,,107.942,41.714,0.22,5.9,-2.0,0.3,10.200000000000045,23000,690.0,700.2,695.1,,0.72
1999-07-01,56,696.5,,,129.393,105.167,0.22,5.9,-2.0,0.3,10.200000000000045,23000,690.0,700.2,695.1,,0.72
1999-08-01,56,697.0,,,118.405,99.048,0.22,5.9,-2.0,0.3,10.200000000000045,23000,690.0,700.2,695.1,,0.72
1999-10-01,56,694.2,,,121.16,87.238,0.22,5.9,-2.0,0.3,10.200000000000045,23000,690.0,700.2,695.1,,0.72
2000-05-01,56,697.9,,,111.14,47.048,0.22,5.9,-2.0,0.3,10.200000000000045,23000,690.0,700.2,695.1,,0.72
2000-06-01,56,689.1,,,105.599,79.31,0.22,5.9,-2.0,0.3,10.200000000000045,23000,690.0,700.2,695.1,,0.72
2000-08-01,56,685.2,,,114.113,111.976,0.22,5.9,-2.0,0.3,10.200000000000045,23000,690.0,700.2,695.1,,0.72
2000-11-01,56,690.1,,,103.373,62.762,0.22,5.9,-2.0,0.3,10.200000000000045,23000,690.0,700.2,695.1,,0.72
2001-01-01,56,684.7,,,99.919,79.69,0.22,5.9,-2.0,0.3,10.200000000000045,23000,690.0,700.2,695.1,,0.72
2001-02-01,56,709.6,,,89.561,80.571,0.22,5.9,-2.0,0.3,10.200000000000045,23000,690.0,700.2,695.1,,0.72
2001-03-01,56,693.2,,,96.955,69.452,0.22,5.9,-2.0,0.3,10.200000000000045,23000,690.0,700.2,695.1,,0.72
2001-05-01,56,684.3,,,104.771,57.452,0.22,5.9,-2.0,0.3,10.200000000000045,23000,690.0,700.2,695.1,,0.72
2001-06-01,56,685.9,,,99.313,52.119,0.22,5.9,-2.0,0.3,10.200000000000045,23000,690.0,700.2,695.1,,0.72
2001-07-01,56,682.2,,,93.221,57.643,0.22,5.9,-2.0,0.3,10.200000000000045,23000,690.0,700.2,695.1,,0.72
2001-08-01,56,683.8,,,94.554,47.119,0.22,5.9,-2.0,0.3,10.200000000000045,23000,690.0,700.2,695.1,,0.72
2001-09-01,56,684.4,,,82.236,76.571,0.22,5.9,-2.0,0.3,10.200000000000045,23000,690.0,700.2,695.1,,0.72
2001-10-01,56,677.9,,,96.731,93.881,0.22,5.9,-2.0,0.3,10.200000000000045,23000,690.0,700.2,695.1,,0.72
2001-11-01,56,675.2,,,90.564,101.31,0.22,5.9,-2.0,0.3,10.200000000000045,23000,690.0,700.2,695.1,,0.72
2001-12-01,56,673.2,,,98.126,186.619,0.22,5.9,-2.0,0.3,10.200000000000045,23000,690.0,700.2,695.1,,0.72
2002-01-01,56,,,,99.168,117.405,0.22,5.9,-2.0,0.3,10.200000000000045,23000,690.0,700.2,695.1,,0.72
2002-02-01,56,670.8,,,82.934,101.071,0.22,5.9,-2.0,0.3,10.200000000000045,23000,690.0,700.2,695.1,,0.72
2002-03-01,56,672.7,,,84.388,66.619,0.22,5.9,-2.0,0.3,10.200000000000045,23000,690.0,700.2,695.1,,0.72
2002-04-01,56,675.0,,,78.565,54.857,0.22,5.9,-2.0,0.3,10.200000000000045,23000,690.0,700.2,695.1,,0.72
2002-05-01,56,670.5,,,87.341,78.31,0.22,5.9,-2.0,0.3,10.200000000000045,23000,690.0,700.2,695.1,,0.72
2002-06-01,56,673.4,,,102.619,59.095,0.22,5.9,-2.0,0.3,10.200000000000045,23000,690.0,700.2,695.1,,0.72
2002-07-01,56,,,,102.966,80.643,0.22,5.9,-2.0,0.3,10.200000000000045,23000,690.0,700.2,695.1,,0.72
2002-08-01,56,656.8,,,103.564,87.048,0.22,5.9,-2.0,0.3,10.200000000000045,23000,690.0,700.2,695.1,,0.72
2002-09-01,56,,,,95.663,71.976,0.22,5.9,-2.0,0.3,10.200000000000045,23000,690.0,700.2,695.1,,0.72
2002-10-01,56,674.3,,,91.481,72.905,0.22,5.9,-2.0,0.3,10.200000000000045,23000,690.0,700.2,695.1,,0.72
2002-11-01,56,674.3,,,93.708,104.548,0.22,5.9,-2.0,0.3,10.200000000000045,23000,690.0,700.2,695.1,,0.72
2002-12-01,56,629.8,,,114.146,132.548,0.22,5.9,-2.0,0.3,10.200000000000045,23000,690.0,700.2,695.1,,0.72
2003-01-01,56,631.7,,,113.547,150.714,0.22,5.9,-2.0,0.3,10.200000000000045,23000,690.0,700.2,695.1,,0.72
2003-02-01,56,663.7,,,111.411,142.929,0.22,5.9,-2.0,0.3,10.200000000000045,23000,690.0,700.2,695.1,,0.72
2003-03-01,56,615.1,,,120.894,155.19,0.22,5.9,-2.0,0.3,10.200000000000045,23000,690.0,700.2,695.1,,0.72
2003-04-01,56,611.2,,,113.71,145.762,0.22,5.9,-2.0,0.3,10.200000000000045,23000,690.0,700.2,695.1,,0.72
2003-05-01,56,634.0,,,113.829,146.071,0.22,5.9,-2.0,0.3,10.200000000000045,23000,690.0,700.2,695.1,,0.72
2003-06-01,56,621.9,,,112.97,40.667,0.22,5.9,-2.0,0.3,10.200000000000045,23000,690.0,700.2,695.1,,0.72
2003-07-01,56,,,,110.729,160.5,0.22,5.9,-2.0,0.3,10.200000000000045,23000,690.0,700.2,695.1,,0.72
2003-08-01,56,637.8,,,89.017,100.0,0.22,5.9,-2.0,0.3,10.200000000000045,23000,690.0,700.2,695.1,,0.72
2003-09-01,56,,,,80.31,80.5,0.22,5.9,-2.0,0.3,10.200000000000045,23000,690.0,700.2,695.1,,0.72
2003-10-01,56,,,,80.891,66.643,0.22,5.9,-2.0,0.3,10.200000000000045,23000,690.0,700.2,695.1,,0.72
2003-11-01,56,,,,103.037,124.738,0.22,5.9,-2.0,0.3,10.200000000000045,23000,690.0,700.2,695.1,,0.72
2003-12-01,56,,,,138.407,161.381,0.22,5.9,-2.0,0.3,10.200000000000045,23000,690.0,700.2,695.1,,0.72
2004-01-01,56,660.5,,,129.757,55.048,0.22,5.9,-2.0,0.3,10.200000000000045,23000,690.0,700.2,695.1,,0.72
2004-02-01,56,658.3,,,113.796,55.381,0.22,5.9,-2.0,0.3,10.200000000000045,23000,690.0,700.2,695.1,,0.72
2004-03-01,56,663.4,,,89.57,43.452,0.22,5.9,-2.0,0.3,10.200000000000045,23000,690.0,700.2,695.1,,0.72
2004-04-01,56,672.1,,,85.567,41.5,0.22,5.9,-2.0,0.3,10.200000000000045,23000,690.0,700.2,695.1,,0.72
2004-05-01,56,667.5,,,94.405,43.881,0.22,5.9,-2.0,0.3,10.200000000000045,23000,690.0,700.2,695.1,,0.72
2004-06-01,56,650.0,,,84.891,42.024,0.22,5.9,-2.0,0.3,10.200000000000045,23000,690.0,700.2,695.1,,0.72
2004-07-01,56,638.4,,,84.239,50.119,0.22,5.9,-2.0,0.3,10.200000000000045,23000,690.0,700.2,695.1,,0.72
2004-08-01,56,656.8,,,78.477,38.381,0.22,5.9,-2.0,0.3,10.200000000000045,23000,690.0,700.2,695.1,,0.72
2004-09-01,56,651.6,,,70.834,51.976,0.22,5.9,-2.0,0.3,10.200000000000045,23000,690.0,700.2,695.1,,0.72
2004-10-01,56,648.2,,,76.508,51.952,0.22,5.9,-2.0,0.3,10.200000000000045,23000,690.0,700.2,695.1,,0.72
2004-11-01,56,642.5,,,70.255,44.476,0.22,5.9,-2.0,0.3,10.200000000000045,23000,690.0,700.2,695.1,,0.72
2004-12-01,56,645.5,,,72.336,62.595,0.22,5.9,-2.0,0.3,10.200000000000045,23000,690.0,700.2,695.1,,0.72
2005-01-01,56,645.0,,,65.796,56.119,0.22,5.9,-2.0,0.3,10.200000000000045,23000,690.0,700.2,695.1,,0.72
2005-02-01,56,646.3,,,58.935,50.048,0.22,5.9,-2.0,0.3,10.200000000000045,23000,690.0,700.2,695.1,,0.72
2005-03-01,56,641.6,,,70.599,54.762,0.22,5.9,-2.0,0.3,10.200000000000045,23000,690.0,700.2,695.1,,0.72
2005-04-01,56,648.0,,,71.23,44.786,0.22,5.9,-2.0,0.3,10.200000000000045,23000,690.0,700.2,695.1,,0.72
2005-05-01,56,652.6,,,91.787,39.786,0.22,5.9,-2.0,0.3,10.200000000000045,23000,690.0,700.2,695.1,,0.72
2005-06-01,56,642.2,,,79.988,34.833,0.22,5.9,-2.0,0.3,10.200000000000045,23000,690.0,700.2,695.1,,0.72
2005-07-01,56,638.5,,,88.649,64.857,0.22,5.9,-2.0,0.3,10.200000000000045,23000,690.0,700.2,695.1,,0.72
2005-08-01,56,637.0,,,80.401,50.214,0.22,5.9,-2.0,0.3,10.200000000000045,23000,690.0,700.2,695.1,,0.72
2005-09-01,56,635.8,,,74.146,50.119,0.22,5.9,-2.0,0.3,10.200000000000045,23000,690.0,700.2,695.1,,0.72
2005-10-01,56,629.5,,,77.845,60.976,0.22,5.9,-2.0,0.3,10.200000000000045,23000,690.0,700.2,695.1,,0.72
2005-11-01,56,624.6,,,74.341,49.81,0.22,5.9,-2.0,0.3,10.200000000000045,23000,690.0,700.2,695.1,,0.72
2005-12-01,56,631.7,,,79.163,53.024,0.22,5.9,-2.0,0.3,10.200000000000045,23000,690.0,700.2,695.1,,0.72
2006-01-01,56,633.8,,,67.803,49.619,0.22,5.9,-2.0,0.3,10.200000000000045,23000,690.0,700.2,695.1,,0.72
2006-02-01,56,631.1,,,71.377,46.071,0.22,5.9,-2.0,0.3,10.200000000000045,23000,690.0,700.2,695.1,,0.72
2006-03-01,56,630.2,,,77.958,64.667,0.22,5.9,-2.0,0.3,10.200000000000045,23000,690.0,700.2,695.1,,0.72
2006-04-01,56,628.0,,,74.174,61.667,0.22,5.9,-2.0,0.3,10.200000000000045,23000,690.0,700.2,695.1,,0.72
2006-05-01,56,628.6,,,66.82,55.262,0.22,5.9,-2.0,0.3,10.200000000000045,23000,690.0,700.2,695.1,,0.72
2006-06-01,56,621.2,,,70.618,58.405,0.22,5.9,-2.0,0.3,10.200000000000045,23000,690.0,700.2,695.1,,0.72
2006-07-01,56,623.8,,,83.465,65.881,0.22,5.9,-2.0,0.3,10.200000000000045,23000,690.0,700.2,695.1,,0.72
2006-08-01,56,620.5,,,84.791,46.333,0.22,5.9,-2.0,0.3,10.200000000000045,23000,690.0,700.2,695.1,,0.72
2006-09-01,56,622.0,,,75.728,49.024,0.22,5.9,-2.0,0.3,10.200000000000045,23000,690.0,700.2,695.1,,0.72
2006-10-01,56,621.6,,,91.383,57.095,0.22,5.9,-2.0,0.3,10.200000000000045,23000,690.0,700.2,695.1,,0.72
2006-11-01,56,615.9,,,84.688,53.667,0.22,5.9,-2.0,0.3,10.200000000000045,23000,690.0,700.2,695.1,,0.72
2006-12-01,56,616.9,,,88.996,68.143,0.22,5.9,-2.0,0.3,10.200000000000045,23000,690.0,700.2,695.1,,0.72
2007-01-01,56,613.1,,,88.429,66.667,0.22,5.9,-2.0,0.3,10.200000000000045,23000,690.0,700.2,695.1,,0.72
2007-02-01,56,612.4,,,81.267,68.0,0.22,5.9,-2.0,0.3,10.200000000000045,23000,690.0,700.2,695.1,,0.72
2007-03-01,56,607.8,,,88.062,64.405,0.22,5.9,-2.0,0.3,10.200000000000045,23000,690.0,700.2,695.1,,0.72
2007-04-01,56,609.4,,,88.697,64.024,0.22,5.9,-2.0,0.3,10.200000000000045,23000,690.0,700.2,695.1,,0.72
2007-05-01,56,596.5,,,94.234,96.643,0.22,5.9,-2.0,0.3,10.200000000000045,23000,690.0,700.2,695.1,,0.72
2007-06-01,56,618.5,,,90.665,90.0,0.22,5.9,-2.0,0.3,10.200000000000045,23000,690.0,700.2,695.1,,0.72
2007-07-01,56,602.7,,,90.861,77.929,0.22,5.9,-2.0,0.3,10.200000000000045,23000,690.0,700.2,695.1,,0.72
2007-08-01,56,610.5,,,87.056,76.452,0.22,5.9,-2.0,0.3,10.200000000000045,23000,690.0,700.2,695.1,,0.72
2007-09-01,56,598.9,,,85.696,85.024,0.22,5.9,-2.0,0.3,10.200000000000045,23000,690.0,700.2,695.1,,0.72
2007-10-01,56,596.2,,,86.369,91.857,0.22,5.9,-2.0,0.3,10.200000000000045,23000,690.0,700.2,695.1,,0.72
2007-11-01,56,597.9,,,87.927,99.571,0.22,5.9,-2.0,0.3,10.200000000000045,23000,690.0,700.2,695.1,,0.72
2007-12-01,56,594.6,,,91.76,107.548,0.22,5.9,-2.0,0.3,10.200000000000045,23000,690.0,700.2,695.1,,0.72
2008-01-01,56,589.8,,,96.099,101.929,0.22,5.9,-2.0,0.3,10.200000000000045,23000,690.0,700.2,695.1,,0.72
2008-02-01,56,580.4,,,87.495,111.762,0.22,5.9,-2.0,0.3,10.200000000000045,23000,690.0,700.2,695.1,,0.72
2008-03-01,56,588.2,,,87.209,109.69,0.22,5.9,-2.0,0.3,10.200000000000045,23000,690.0,700.2,695.1,,0.72
2008-04-01,56,595.3,,,82.649,102.119,0.22,5.9,-2.0,0.3,10.200000000000045,23000,690.0,700.2,695.1,,0.72
2008-05-01,56,606.1,,,76.148,97.095,0.22,5.9,-2.0,0.3,10.200000000000045,23000,690.0,700.2,695.1,,0.72
2008-06-01,56,588.9,,,85.478,91.714,0.22,5.9,-2.0,0.3,10.200000000000045,23000,690.0,700.2,695.1,,0.72
2008-07-01,56,588.1,,,89.97,120.405,0.22,5.9,-2.0,0.3,10.200000000000045,23000,690.0,700.2,695.1,,0.72
2008-08-01,56,584.6,,,87.36,121.643,0.22,5.9,-2.0,0.3,10.200000000000045,23000,690.0,700.2,695.1,,0.72
2008-09-01,56,583.9,,,85.708,127.405,0.22,5.9,-2.0,0.3,10.200000000000045,23000,690.0,700.2,695.1,,0.72
2008-10-01,56,583.5,,,88.52,134.833,0.22,5.9,-2.0,0.3,10.200000000000045,23000,690.0,700.2,695.1,,0.72
2008-11-01,56,579.4,,,87.695,115.929,0.22,5.9,-2.0,0.3,10.200000000000045,23000,690.0,700.2,695.1,,0.72
2008-12-01,56,578.7,,,73.344,99.643,0.22,5.9,-2.0,0.3,10.200000000000045,23000,690.0,700.2,695.1,,0.72
2009-01-01,56,579.6,,,89.992,110.405,0.22,5.9,-2.0,0.3,10.200000000000045,23000,690.0,700.2,695.1,,0.72
2009-02-01,56,592.2,,,80.058,73.952,0.22,5.9,-2.0,0.3,10.200000000000045,23000,690.0,700.2,695.1,,0.72
2009-03-01,56,590.8,,,78.977,45.595,0.22,5.9,-2.0,0.3,10.200000000000045,23000,690.0,700.2,695.1,,0.72
2009-04-01,56,516.6,,,77.517,21.762,0.22,5.9,-2.0,0.3,10.200000000000045,23000,690.0,700.2,695.1,,0.72
2009-05-01,56,590.5,,,101.197,29.643,0.22,5.9,-2.0,0.3,10.200000000000045,23000,690.0,700.2,695.1,,0.72
2009-06-01,56,560.6,,,99.994,107.762,0.22,5.9,-2.0,0.3,10.200000000000045,23000,690.0,700.2,695.1,,0.72
2009-07-01,56,554.6,,,103.583,110.119,0.22,5.9,-2.0,0.3,10.200000000000045,23000,690.0,700.2,695.1,,0.72
2009-08-01,56,554.8,,,102.09,103.643,0.22,5.9,-2.0,0.3,10.200000000000045,23000,690.0,700.2,695.1,,0.72
2009-09-01,56,549.9,,,98.15,103.643,0.22,5.9,-2.0,0.3,10.200000000000045,23000,690.0,700.2,695.1,,0.72
2009-10-01,56,540.9,,,109.126,130.19,0.22,5.9,-2.0,0.3,10.200000000000045,23000,690.0,700.2,695.1,,0.72
2009-11-01,56,538.2,,,104.955,129.738,0.22,5.9,-2.0,0.3,10.200000000000045,23000,690.0,700.2,695.1,,0.72
2009-12-01,56,564.5,,,83.217,66.69,0.22,5.9,-2.0,0.3,10.200000000000045,23000,690.0,700.2,695.1,,0.72
2010-01-01,56,570.3,,,77.431,57.238,0.22,5.9,-2.0,0.3,10.200000000000045,23000,690.0,700.2,695.1,725.0,0.72
2010-02-01,56,576.9,,,71.636,47.81,0.22,5.9,-2.0,0.3,10.200000000000045,23000,690.0,700.2,695.1,,0.72
2010-03-01,56,560.2,,,84.646,18.69,0.22,5.9,-2.0,0.3,10.200000000000045,23000,690.0,700.2,695.1,,0.72
2010-04-01,56,565.5,,,79.27,53.238,0.22,5.9,-2.0,0.3,10.200000000000045,23000,690.0,700.2,695.1,,0.72
2010-05-01,56,573.1,,,80.619,56.262,0.22,5.9,-2.0,0.3,10.200000000000045,23000,690.0,700.2,695.1,,0.72
2010-06-01,56,575.0,,,78.383,53.929,0.22,5.9,-2.0,0.3,10.200000000000045,23000,690.0,700.2,695.1,,0.72
2010-07-01,56,558.3,,,84.536,76.167,0.22,5.9,-2.0,0.3,10.200000000000045,23000,690.0,700.2,695.1,,0.72
2010-08-01,56,564.2,,,83.611,66.238,0.22,5.9,-2.0,0.3,10.200000000000045,23000,690.0,700.2,695.1,,0.72
2010-09-01,56,561.8,,,76.538,67.881,0.22,5.9,-2.0,0.3,10.200000000000045,23000,690.0,700.2,695.1,,0.72
2010-10-01,56,561.3,,,71.519,63.762,0.22,5.9,-2.0,0.3,10.200000000000045,23000,690.0,700.2,695.1,,0.72
2010-11-01,56,556.0,,,81.947,77.524,0.22,5.9,-2.0,0.3,10.200000000000045,23000,690.0,700.2,695.1,,0.72
2010-12-01,56,552.2,,,84.833,81.119,0.22,5.9,-2.0,0.3,10.200000000000045,23000,690.0,700.2,695.1,,0.72
2011-01-01,56,546.3,,,87.763,81.667,0.22,5.9,-2.0,0.3,10.200000000000045,23000,690.0,700.2,695.1,,0.72
2011-02-01,56,552.2,,,78.292,76.262,0.22,5.9,-2.0,0.3,10.200000000000045,23000,690.0,700.2,695.1,,0.72
2011-03-01,56,560.3,,,79.625,63.619,0.22,5.9,-2.0,0.3,10.200000000000045,23000,690.0,700.2,695.1,,0.72
2011-04-01,56,550.3,,,84.005,75.238,0.22,5.9,-2.0,0.3,10.200000000000045,23000,690.0,700.2,695.1,,0.72
2011-05-01,56,560.1,,,79.857,71.476,0.22,5.9,-2.0,0.3,10.200000000000045,23000,690.0,700.2,695.1,,0.72
2011-06-01,56,556.2,,,71.938,48.214,0.22,5.9,-2.0,0.3,10.200000000000045,23000,690.0,700.2,695.1,,0.72
2011-07-01,56,553.5,,,83.563,63.095,0.22,5.9,-2.0,0.3,10.200000000000045,23000,690.0,700.2,695.1,,0.72
2011-08-01,56,553.2,,,84.129,67.714,0.22,5.9,-2.0,0.3,10.200000000000045,23000,690.0,700.2,695.1,,0.72
2011-09-01,56,549.2,,,77.741,59.643,0.22,5.9,-2.0,0.3,10.200000000000045,23000,690.0,700.2,695.1,,0.72
2011-10-01,56,553.2,,,80.288,56.69,0.22,5.9,-2.0,0.3,10.200000000000045,23000,690.0,700.2,695.1,,0.72
2011-11-01,56,536.7,,,81.427,60.714,0.22,5.9,-2.0,0.3,10.200000000000045,23000,690.0,700.2,695.1,,0.72
2011-12-01,56,536.3,,,88.735,66.167,0.22,5.9,-2.0,0.3,10.200000000000045,23000,690.0,700.2,695.1,,0.72
2012-01-01,56,533.0,,,89.594,66.81,0.22,5.9,-2.0,0.3,10.200000000000045,23000,690.0,700.2,695.1,,0.72
2012-02-01,56,532.5,,,85.01,92.452,0.22,5.9,-2.0,0.3,10.200000000000045,23000,690.0,700.2,695.1,,0.72
2012-03-01,56,530.2,,,86.025,84.095,0.22,5.9,-2.0,0.3,10.200000000000045,23000,690.0,700.2,695.1,,0.72
2012-04-01,56,536.4,,,84.988,87.048,0.22,5.9,-2.0,0.3,10.200000000000045,23000,690.0,700.2,695.1,,0.72
2012-05-01,56,524.7,,,91.042,104.286,0.22,5.9,-2.0,0.3,10.200000000000045,23000,690.0,700.2,695.1,,0.72
2012-06-01,56,528.4,,,87.989,109.476,0.22,5.9,-2.0,0.3,10.200000000000045,23000,690.0,700.2,695.1,,0.72
2012-07-01,56,526.4,,,83.916,118.69,0.22,5.9,-2.0,0.3,10.200000000000045,23000,690.0,700.2,695.1,,0.72
2012-08-01,56,530.6,,,86.798,103.357,0.22,5.9,-2.0,0.3,10.200000000000045,23000,690.0,700.2,695.1,,0.72
2012-09-01,56,577.1,,,77.045,95.69,0.22,5.9,-2.0,0.3,10.200000000000045,23000,690.0,700.2,695.1,,0.72
2012-10-01,56,529.1,,,82.403,122.143,0.22,5.9,-2.0,0.3,10.200000000000045,23000,690.0,700.2,695.1,,0.72
2012-11-01,56,518.7,,,85.402,142.714,0.22,5.9,-2.0,0.3,10.200000000000045,23000,690.0,700.2,695.1,,0.72
2012-12-01,56,539.8,,,72.948,99.095,0.22,5.9,-2.0,0.3,10.200000000000045,23000,690.0,700.2,695.1,,0.72
2013-01-01,56,546.1,,,74.418,87.429,0.22,5.9,-2.0,0.3,10.200000000000045,23000,690.0,700.2,695.1,,0.72
2013-02-01,56,534.5,,,70.639,89.333,0.22,5.9,-2.0,0.3,10.200000000000045,23000,690.0,700.2,695.1,,0.72
2013-03-01,56,533.2,,,78.972,101.357,0.22,5.9,-2.0,0.3,10.200000000000045,23000,690.0,700.2,695.1,,0.72
2013-04-01,56,556.5,,,71.738,77.429,0.22,5.9,-2.0,0.3,10.200000000000045,23000,690.0,700.2,695.1,,0.72
2013-05-01,56,526.7,,,79.448,85.762,0.22,5.9,-2.0,0.3,10.200000000000045,23000,690.0,700.2,695.1,,0.72
2013-06-01,56,533.5,,,75.007,82.976,0.22,5.9,-2.0,0.3,10.200000000000045,23000,690.0,700.2,695.1,,0.72
2013-07-01,56,520.9,,,83.211,130.143,0.22,5.9,-2.0,0.3,10.200000000000045,23000,690.0,700.2,695.1,,0.72
2013-08-01,56,518.4,,,85.047,133.833,0.22,5.9,-2.0,0.3,10.200000000000045,23000,690.0,700.2,695.1,,0.72
2013-09-01,56,517.5,,,78.403,124.571,0.22,5.9,-2.0,0.3,10.200000000000045,23000,690.0,700.2,695.1,,0.72
2013-10-01,56,511.3,,,87.071,150.524,0.22,5.9,-2.0,0.3,10.200000000000045,23000,690.0,700.2,695.1,,0.72
2013-11-01,56,515.2,,,83.39,142.31,0.22,5.9,-2.0,0.3,10.200000000000045,23000,690.0,700.2,695.1,,0.72
2013-12-01,56,507.4,,,87.905,104.238,0.22,5.9,-2.0,0.3,10.200000000000045,23000,690.0,700.2,695.1,,0.72
2014-01-01,56,508.1,,,87.622,112.976,0.22,5.9,-2.0,0.3,10.200000000000045,23000,690.0,700.2,695.1,,0.72
2014-02-01,56,506.6,,,78.392,89.405,0.22,5.9,-2.0,0.3,10.200000000000045,23000,690.0,700.2,695.1,,0.72
2014-03-01,56,500.6,,,82.399,89.762,0.22,5.9,-2.0,0.3,10.200000000000045,23000,690.0,700.2,695.1,,0.72
2014-04-01,56,531.8,,,73.982,82.976,0.22,5.9,-2.0,0.3,10.200000000000045,23000,690.0,700.2,695.1,,0.72
2014-05-01,56,516.0,,,82.074,86.476,0.22,5.9,-2.0,0.3,10.200000000000045,23000,690.0,700.2,695.1,,0.72
2014-06-01,56,520.2,,,83.791,96.619,0.22,5.9,-2.0,0.3,10.200000000000045,23000,690.0,700.2,695.1,,0.72
2014-07-01,56,490.6,,,84.889,99.0,0.22,5.9,-2.0,0.3,10.200000000000045,23000,690.0,700.2,695.1,,0.72
2014-08-01,56,494.6,,,90.641,105.143,0.22,5.9,-2.0,0.3,10.200000000000045,23000,690.0,700.2,695.1,,0.72
2014-09-01,56,516.9,,,80.07,89.881,0.22,5.9,-2.0,0.3,10.200000000000045,23000,690.0,700.2,695.1,,0.72
2014-10-01,56,489.1,,,86.247,97.881,0.22,5.9,-2.0,0.3,10.200000000000045,23000,690.0,700.2,695.1,,0.72
2014-11-01,56,492.5,,,84.637,80.262,0.22,5.9,-2.0,0.3,10.200000000000045,23000,690.0,700.2,695.1,,0.72
2014-12-01,56,483.2,,,88.606,84.024,0.22,5.9,-2.0,0.3,10.200000000000045,23000,690.0,700.2,695.1,,0.72
2015-01-01,56,477.2,,,92.277,87.5,0.22,5.9,-2.0,0.3,10.200000000000045,23000,690.0,700.2,695.1,,0.72
2015-02-01,56,484.4,,,82.787,78.5,0.22,5.9,-2.0,0.3,10.200000000000045,23000,690.0,700.2,695.1,,0.72
2015-03-01,56,476.2,,,85.899,81.452,0.22,5.9,-2.0,0.3,10.200000000000045,23000,690.0,700.2,695.1,,0.72
2015-04-01,56,502.0,,,85.002,79.452,0.22,5.9,-2.0,0.3,10.200000000000045,23000,690.0,700.2,695.1,,0.72
2015-05-01,56,496.4,,,81.077,72.405,0.22,5.9,-2.0,0.3,10.200000000000045,23000,690.0,700.2,695.1,,0.72
2015-06-01,56,472.6,,,87.236,77.905,0.22,5.9,-2.0,0.3,10.200000000000045,23000,690.0,700.2,695.1,,0.72
2015-07-01,56,473.4,,,89.188,79.643,0.22,5.9,-2.0,0.3,10.200000000000045,23000,690.0,700.2,695.1,,0.72
2015-08-01,56,468.8,64.0,31.0,83.176,74.69,0.22,5.9,-2.0,0.3,10.200000000000045,23000,690.0,700.2,695.1,,0.72
2015-09-01,56,465.7,64.0,30.0,89.852,79.952,0.22,5.9,-2.0,0.3,10.200000000000045,23000,690.0,700.2,695.1,,0.72
2015-10-01,56,460.1,64.0,31.0,86.968,77.357,0.22,5.9,-2.0,0.3,10.200000000000045,23000,690.0,700.2,695.1,,0.72
2015-11-01,56,474.2,64.0,30.0,80.528,71.643,0.22,5.9,-2.0,0.3,10.200000000000045,23000,690.0,700.2,695.1,,0.72
2015-12-01,56,455.3,64.0,31.0,94.322,84.167,0.22,5.9,-2.0,0.3,10.200000000000045,23000,690.0,700.2,695.1,,0.72
2016-01-01,56,453.6,64.0,31.0,97.438,86.952,0.22,5.9,-2.0,0.3,10.200000000000045,23000,690.0,700.2,695.1,,0.72
2016-02-01,56,427.3,64.0,29.0,102.208,91.214,0.22,5.9,-2.0,0.3,10.200000000000045,23000,690.0,700.2,695.1,,0.72
2016-03-01,56,423.0,64.0,31.0,106.893,95.381,0.22,5.9,-2.0,0.3,10.200000000000045,23000,690.0,700.2,695.1,,0.72
2016-04-01,56,420.1,64.0,30.0,103.083,92.024,0.22,5.9,-2.0,0.3,10.200000000000045,23000,690.0,700.2,695.1,,0.72
2016-05-01,56,435.0,64.0,31.0,104.704,93.476,0.22,5.9,-2.0,0.3,10.200000000000045,23000,690.0,700.2,695.1,,0.72
2016-06-01,56,410.0,64.0,30.0,106.294,94.881,0.22,5.9,-2.0,0.3,10.200000000000045,23000,690.0,700.2,695.1,,0.72
2016-07-01,56,367.5,64.0,31.0,108.995,97.31,0.22,5.9,-2.0,0.3,10.200000000000045,23000,690.0,700.2,695.1,,0.72
2016-08-01,56,403.9,64.0,31.0,110.492,98.643,0.22,5.9,-2.0,0.3,10.200000000000045,23000,690.0,700.2,695.1,,0.72
2016-09-01,56,404.2,64.0,30.0,106.911,95.452,0.22,5.9,-2.0,0.3,10.200000000000045,23000,690.0,700.2,695.1,,0.72
2016-10-01,56,425.0,64.0,28.0,92.192,82.286,0.22,5.9,-2.0,0.3,10.200000000000045,23000,690.0,700.2,695.1,,0.72
2016-11-01,56,393.1,64.0,30.0,109.884,98.095,0.22,5.9,-2.0,0.3,10.200000000000045,23000,690.0,700.2,695.1,,0.72
2016-12-01,56,404.4,64.0,31.0,108.054,96.452,0.22,5.9,-2.0,0.3,10.200000000000045,23000,690.0,700.2,695.1,,0.72
2017-01-01,56,404.5,64.0,31.0,100.594,89.81,0.22,5.9,-2.0,0.3,10.200000000000045,23000,690.0,700.2,695.1,,0.72
2017-02-01,56,401.2,64.0,28.0,93.499,83.452,0.22,5.9,-2.0,0.3,10.200000000000045,23000,690.0,700.2,695.1,,0.72
2017-03-01,56,403.0,64.0,31.0,106.901,95.405,0.22,5.9,-2.0,0.3,10.200000000000045,23000,690.0,700.2,695.1,,0.72
2017-04-01,56,385.2,64.0,29.0,101.117,90.262,0.22,5.9,-2.0,0.3,10.200000000000045,23000,690.0,700.2,695.1,,0.72
2017-05-01,56,387.4,64.0,31.0,109.273,97.548,0.22,5.9,-2.0,0.3,10.200000000000045,23000,690.0,700.2,695.1,,0.72
2017-06-01,56,374.4,64.0,30.0,113.099,121.452,0.22,5.9,-2.0,0.3,10.200000000000045,23000,690.0,700.2,695.1,,0.72
2017-07-01,56,367.5,64.0,31.0,117.216,125.857,0.22,5.9,-2.0,0.3,10.200000000000045,23000,690.0,700.2,695.1,,0.72
2017-08-01,56,403.2,64.0,31.0,117.317,414.0,0.22,5.9,-2.0,0.3,10.200000000000045,23000,690.0,700.2,695.1,,0.72
2017-09-01,56,374.0,64.0,30.0,107.097,403.357,0.22,5.9,-2.0,0.3,10.200000000000045,23000,690.0,700.2,695.1,,0.72
2017-10-01,56,386.0,64.0,31.0,98.499,307.81,0.22,5.9,-2.0,0.3,10.200000000000045,23000,690.0,700.2,695.1,,0.72
2017-11-01,56,398.0,64.0,30.0,106.361,356.976,0.22,5.9,-2.0,0.3,10.200000000000045,23000,690.0,700.2,695.1,,0.72
2017-12-01,56,360.2,64.0,31.0,118.293,396.571,0.22,5.9,-2.0,0.3,10.200000000000045,23000,690.0,700.2,695.1,,0.72
2018-01-01,56,347.9,64.0,31.0,125.467,416.0,0.22,5.9,-2.0,0.3,10.200000000000045,23000,690.0,700.2,695.1,,0.72
2018-02-01,56,336.0,64.0,28.0,110.991,398.286,0.22,5.9,-2.0,0.3,10.200000000000045,23000,690.0,700.2,695.1,,0.72
2018-03-01,56,333.7,64.0,31.0,119.507,456.5,0.22,5.9,-2.0,0.3,10.200000000000045,23000,690.0,700.2,695.1,,0.72
2018-04-01,56,328.4,64.0,30.0,125.394,487.548,0.22,5.9,-2.0,0.3,10.200000000000045,23000,690.0,700.2,695.1,,0.72
2018-05-01,56,325.7,64.0,31.0,120.838,464.048,0.22,5.9,-2.0,0.3,10.200000000000045,23000,690.0,700.2,695.1,,0.72
2018-06-01,56,322.5,64.0,30.0,127.65,906.119,0.22,5.9,-2.0,0.3,10.200000000000045,23000,690.0,700.2,695.1,,0.72
2018-07-01,56,337.8,64.0,31.0,128.27,910.524,0.22,5.9,-2.0,0.3,10.200000000000045,23000,690.0,700.2,695.1,,0.72
2018-08-01,56,313.5,64.0,31.0,134.351,953.643,0.22,5.9,-2.0,0.3,10.200000000000045,23000,690.0,700.2,695.1,,0.72
2018-09-01,56,310.7,64.0,30.0,131.29,931.929,0.22,5.9,-2.0,0.3,10.200000000000045,23000,690.0,700.2,695.1,,0.72
2018-10-01,56,315.7,64.0,31.0,130.383,925.476,0.22,5.9,-2.0,0.3,10.200000000000045,23000,690.0,700.2,695.1,,0.72
2018-11-01,56,304.0,64.0,30.0,123.0,871.524,0.22,5.9,-2.0,0.3,10.200000000000045,23000,690.0,700.2,695.1,,0.72
2018-12-01,56,349.5,64.0,31.0,128.688,913.429,0.22,5.9,-2.0,0.3,10.200000000000045,23000,690.0,700.2,695.1,,0.72
2019-01-01,56,334.6,64.0,28.0,102.067,724.5,0.22,5.9,-2.0,0.3,10.200000000000045,23000,690.0,700.2,695.1,,0.72
2019-02-01,56,342.7,64.0,28.0,104.948,745.095,0.22,5.9,-2.0,0.3,10.200000000000045,23000,690.0,700.2,695.1,,0.72
2019-03-01,56,343.7,64.0,31.0,112.397,797.905,0.22,5.9,-2.0,0.3,10.200000000000045,23000,690.0,700.2,695.1,,0.72
2019-04-01,56,337.7,64.0,30.0,105.623,749.833,0.22,5.9,-2.0,0.3,10.200000000000045,23000,690.0,700.2,695.1,,0.72
2019-05-01,56,,64.0,31.0,120.986,858.929,0.22,5.9,-2.0,0.3,10.200000000000045,23000,690.0,700.2,695.1,,0.72
2019-06-01,56,311.2,64.0,30.0,121.803,864.643,0.22,5.9,-2.0,0.3,10.200000000000045,23000,690.0,700.2,695.1,,0.72
2019-07-01,56,341.0,64.0,31.0,112.834,800.833,0.22,5.9,-2.0,0.3,10.200000000000045,23000,690.0,700.2,695.1,,0.72
2019-08-01,56,319.9,64.0,27.0,103.586,735.238,0.22,5.9,-2.0,0.3,10.200000000000045,23000,690.0,700.2,695.1,,0.72
2019-09-01,56,310.8,64.0,24.0,92.598,657.262,0.22,5.9,-2.0,0.3,10.200000000000045,23000,690.0,700.2,695.1,,0.72
2019-10-01,56,359.8,64.0,31.0,104.886,744.476,0.22,5.9,-2.0,0.3,10.200000000000045,23000,690.0,700.2,695.1,,0.72
2019-11-01,56,356.2,64.0,30.0,92.455,656.357,0.22,5.9,-2.0,0.3,10.200000000000045,23000,690.0,700.2,695.1,,0.72
2019-12-01,56,353.9,64.0,31.0,102.878,730.214,0.22,5.9,-2.0,0.3,10.200000000000045,23000,690.0,700.2,695.1,,0.72
2020-01-01,56,300.5,64.0,31.0,121.946,865.548,0.22,5.9,-2.0,0.3,10.200000000000045,23000,690.0,700.2,695.1,,0.72
2020-02-01,56,304.7,64.0,29.0,98.596,699.976,0.22,5.9,-2.0,0.3,10.200000000000045,23000,690.0,700.2,695.1,,0.72
2020-03-01,56,304.7,64.0,31.0,100.567,713.857,0.22,5.9,-2.0,0.3,10.200000000000045,23000,690.0,700.2,695.1,,0.72
2020-06-01,56,,64.0,30.0,95.468,677.571,0.22,5.9,-2.0,0.3,10.200000000000045,23000,690.0,700.2,695.1,,0.72
2020-07-01,56,296.7,64.0,31.0,118.045,837.881,0.22,5.9,-2.0,0.3,10.200000000000045,23000,690.0,700.2,695.1,,0.72
2020-08-01,56,295.7,64.0,31.0,114.779,814.691,0.22,5.9,-2.0,0.3,10.200000000000045,23000,690.0,700.2,695.1,,0.72
2020-09-01,56,270.4,64.0,30.0,109.993,780.857,0.22,5.9,-2.0,0.3,10.200000000000045,23000,690.0,700.2,695.1,,0.72
2020-10-01,56,288.0,64.0,31.0,107.621,764.0,0.22,5.9,-2.0,0.3,10.200000000000045,23000,690.0,700.2,695.1,,0.72
2020-11-01,56,337.4,64.0,30.0,90.041,622.643,0.22,5.9,-2.0,0.3,10.200000000000045,23000,690.0,700.2,695.1,,0.72
2020-12-01,56,294.0,64.0,31.0,116.329,804.571,0.22,5.9,-2.0,0.3,10.200000000000045,23000,690.0,700.2,695.1,,0.72
2021-01-01,56,273.9,64.0,31.0,119.233,846.357,0.22,5.9,-2.0,0.3,10.200000000000045,23000,690.0,700.2,695.1,,0.72
2021-02-01,56,272.5,64.0,28.0,91.961,652.619,0.22,5.9,-2.0,0.3,10.200000000000045,23000,690.0,700.2,695.1,,0.72
2021-03-01,56,334.6,64.0,31.0,94.071,667.762,0.22,5.9,-2.0,0.3,10.200000000000045,23000,690.0,700.2,695.1,,0.72
2021-04-01,56,279.4,64.0,30.0,105.944,752.048,0.22,5.9,-2.0,0.3,10.200000000000045,23000,690.0,700.2,695.1,,0.72
2021-05-01,56,317.3,64.0,31.0,111.89,794.214,0.22,5.9,-2.0,0.3,10.200000000000045,23000,690.0,700.2,695.1,,0.72
2021-06-01,56,260.8,64.0,30.0,105.898,751.667,0.22,5.9,-2.0,0.3,10.200000000000045,23000,690.0,700.2,695.1,,0.72
2021-07-01,56,272.1,64.0,31.0,114.535,798.143,0.22,5.9,-2.0,0.3,10.200000000000045,23000,690.0,700.2,695.1,,0.72
2021-08-01,56,267.4,64.0,31.0,115.945,807.952,0.22,5.9,-2.0,0.3,10.200000000000045,23000,690.0,700.2,695.1,,0.72
2021-09-01,56,267.4,64.0,30.0,103.58,721.857,0.22,5.9,-2.0,0.3,10.200000000000045,23000,690.0,700.2,695.1,,0.72
2021-10-01,56,248.9,64.0,31.0,115.587,805.5,0.22,5.9,-2.0,0.3,10.200000000000045,23000,690.0,700.2,695.1,,0.72
2021-11-01,56,265.2,64.0,30.0,106.515,742.405,0.22,5.9,-2.0,0.3,10.200000000000045,23000,690.0,700.2,695.1,,0.72
2021-12-01,56,238.9,64.0,30.0,116.337,810.524,0.22,5.9,-2.0,0.3,10.200000000000045,23000,690.0,700.2,695.1,,0.72
2022-01-01,56,239.4,64.0,31.0,116.556,812.071,0.22,5.9,-2.0,0.3,10.200000000000045,23000,690.0,700.2,695.1,,0.72
2022-02-01,56,258.2,64.0,28.0,101.305,706.048,0.22,5.9,-2.0,0.3,10.200000000000045,23000,690.0,700.2,695.1,,0.72
2022-03-01,56,247.0,64.0,31.0,118.564,826.095,0.22,5.9,-2.0,0.3,10.200000000000045,23000,690.0,700.2,695.1,,0.72
2022-04-01,56,219.0,64.0,30.0,115.718,806.31,0.22,5.9,-2.0,0.3,10.200000000000045,23000,690.0,700.2,695.1,,0.72
2022-05-01,56,213.1,64.0,31.0,121.245,844.667,0.22,5.9,-2.0,0.3,10.200000000000045,23000,690.0,700.2,695.1,,0.72
2022-06-01,56,231.5,64.0,30.0,113.276,815.643,0.22,5.9,-2.0,0.3,10.200000000000045,23000,690.0,700.2,695.1,,0.72
2022-07-01,56,262.5,64.0,31.0,102.744,736.929,0.22,5.9,-2.0,0.3,10.200000000000045,23000,690.0,700.2,695.1,,0.72
2022-08-01,56,212.7,64.0,31.0,115.817,806.976,0.22,5.9,-2.0,0.3,10.200000000000045,23000,690.0,700.2,695.1,,0.72
2022-09-01,56,215.5,64.0,28.0,103.312,719.857,0.22,5.9,-2.0,0.3,10.200000000000045,23000,690.0,700.2,695.1,,0.72
2022-10-01,56,240.2,64.0,31.0,103.993,920.881,0.22,5.9,-2.0,0.3,10.200000000000045,23000,690.0,700.2,695.1,,0.72
2022-11-01,56,254.7,64.0,30.0,96.994,858.905,0.22,5.9,-2.0,0.3,10.200000000000045,23000,690.0,700.2,695.1,,0.72
2022-12-01,56,224.1,64.0,31.0,115.677,1024.167,0.22,5.9,-2.0,0.3,10.200000000000045,23000,690.0,700.2,695.1,,0.72
2023-01-01,56,226.9,64.0,31.0,115.774,1024.905,0.22,5.9,-2.0,0.3,10.200000000000045,23000,690.0,700.2,695.1,,0.72
2023-02-01,56,204.7,64.0,28.0,101.061,894.881,0.22,5.9,-2.0,0.3,10.200000000000045,23000,690.0,700.2,695.1,,0.72
2023-03-01,56,226.6,64.0,26.0,91.896,813.714,0.22,5.9,-2.0,0.3,10.200000000000045,23000,690.0,700.2,695.1,,0.72
2023-04-01,56,213.3,,,,,0.22,5.9,-2.0,0.3,10.200000000000045,23000,690.0,700.2,695.1,,0.72
2023-05-01,56,224.7,64.0,31.0,99.272,878.857,0.22,5.9,-2.0,0.3,10.200000000000045,23000,690.0,700.2,695.1,,0.72
2023-06-01,56,206.2,64.0,30.0,108.444,960.071,0.22,5.9,-2.0,0.3,10.200000000000045,23000,690.0,700.2,695.1,,0.72
2023-07-01,56,202.6,64.0,31.0,111.048,983.143,0.22,5.9,-2.0,0.3,10.200000000000045,23000,690.0,700.2,695.1,,0.72
2023-08-01,56,202.4,64.0,31.0,109.188,966.714,0.22,5.9,-2.0,0.3,10.200000000000045,23000,690.0,700.2,695.1,,0.72
2023-09-01,56,201.5,64.0,30.0,102.095,898.833,0.22,5.9,-2.0,0.3,10.200000000000045,23000,690.0,700.2,695.1,,0.72
2023-10-01,56,211.5,64.0,22.0,74.74,661.548,0.22,5.9,-2.0,0.3,10.200000000000045,23000,690.0,700.2,695.1,,0.72
2023-11-01,56,223.9,64.0,30.0,98.041,1174.571,0.22,5.9,-2.0,0.3,10.200000000000045,23000,690.0,700.2,695.1,,0.72
2023-12-01,56,227.3,64.0,31.0,101.031,1196.024,0.22,5.9,-2.0,0.3,10.200000000000045,23000,690.0,700.2,695.1,,0.72
2024-01-01,56,209.1,64.0,31.0,103.223,1221.952,0.22,5.9,-2.0,0.3,10.200000000000045,23000,690.0,700.2,695.1,,0.72
2024-02-01,56,205.5,64.0,29.0,97.499,1154.214,0.22,5.9,-2.0,0.3,10.200000000000045,23000,690.0,700.2,695.1,,0.72
2024-03-01,56,219.5,64.0,31.0,101.025,1195.952,0.22,5.9,-2.0,0.3,10.200000000000045,23000,690.0,700.2,695.1,,0.72
2024-04-01,56,211.8,64.0,30.0,98.565,1166.833,0.22,5.9,-2.0,0.3,10.200000000000045,23000,690.0,700.2,695.1,,0.72
2024-05-01,56,236.0,64.0,19.0,54.428,644.333,0.22,5.9,-2.0,0.3,10.200000000000045,23000,690.0,700.2,695.1,,0.72
2024-06-01,56,432.6,64.0,16.0,57.622,682.143,0.22,5.9,-2.0,0.3,10.200000000000045,23000,690.0,700.2,695.1,,0.72
2024-07-01,56,215.1,64.0,31.0,102.732,1216.143,0.22,5.9,-2.0,0.3,10.200000000000045,23000,690.0,700.2,695.1,,0.72
2024-08-01,56,216.7,64.0,31.0,98.88,1170.548,0.22,5.9,-2.0,0.3,10.200000000000045,23000,690.0,700.2,695.1,,0.72
2024-09-01,56,206.3,64.0,30.0,88.747,1050.595,0.22,5.9,-2.0,0.3,10.200000000000045,23000,690.0,700.2,695.1,,0.72
2024-10-01,56,194.7,64.0,31.0,91.598,1084.357,0.22,5.9,-2.0,0.3,10.200000000000045,23000,690.0,700.2,695.1,,0.72
2024-11-01,56,206.0,64.0,30.0,90.408,1070.262,0.22,5.9,-2.0,0.3,10.200000000000045,23000,690.0,700.2,695.1,,0.72
2024-12-01,56,209.3,64.0,31.0,93.913,1111.762,0.22,5.9,-2.0,0.3,10.200000000000045,23000,690.0,700.2,695.1,,0.72
2025-01-01,56,207.8,64.0,31.0,96.117,1137.833,0.22,5.9,-2.0,0.3,10.200000000000045,23000,690.0,700.2,695.1,,0.72
2025-02-01,56,216.5,64.0,28.0,81.662,966.714,0.22,5.9,-2.0,0.3,10.200000000000045,23000,690.0,700.2,695.1,,0.72
2025-03-01,56,192.9,64.0,31.0,95.089,1125.667,0.22,5.9,-2.0,0.3,10.200000000000045,23000,690.0,700.2,695.1,,0.72
2025-04-01,56,193.0,64.0,30.0,89.32,1057.381,0.22,5.9,-2.0,0.3,10.200000000000045,23000,690.0,700.2,695.1,,0.72
2025-05-01,56,198.1,64.0,31.0,94.923,1123.714,0.22,5.9,-2.0,0.3,10.200000000000045,23000,690.0,700.2,695.1,,0.72
2025-06-01,56,199.8,64.0,30.0,90.273,1068.667,0.22,5.9,-2.0,0.3,10.200000000000045,23000,690.0,700.2,695.1,,0.72
1995-01-01,57,773.8,,,157.931,,0.22,8.6,-2.5,0.28,11.344799999999964,18000,690.0,701.3448,695.6723999999999,,0.75
1995-02-01,57,772.5,,,162.547,,0.22,8.6,-2.5,0.28,11.344799999999964,18000,690.0,701.3448,695.6723999999999,,0.75
1995-04-01,57,754.5,,,191.251,,0.22,8.6,-2.5,0.28,11.344799999999964,18000,690.0,701.3448,695.6723999999999,,0.75
1995-05-01,57,734.8,,,213.123,,0.22,8.6,-2.5,0.28,11.344799999999964,18000,690.0,701.3448,695.6723999999999,,0.75
1995-06-01,57,741.2,,,132.714,,0.22,8.6,-2.5,0.28,11.344799999999964,18000,690.0,701.3448,695.6723999999999,,0.75
1995-07-01,57,764.7,,,39.786,,0.22,8.6,-2.5,0.28,11.344799999999964,18000,690.0,701.3448,695.6723999999999,,0.75
1995-08-01,57,750.0,,,129.26,,0.22,8.6,-2.5,0.28,11.344799999999964,18000,690.0,701.3448,695.6723999999999,,0.75
1995-09-01,57,764.2,,,177.22,,0.22,8.6,-2.5,0.28,11.344799999999964,18000,690.0,701.3448,695.6723999999999,,0.75
1995-10-01,57,764.2,,,135.129,,0.22,8.6,-2.5,0.28,11.344799999999964,18000,690.0,701.3448,695.6723999999999,,0.75
1995-11-01,57,786.0,,,143.136,,0.22,8.6,-2.5,0.28,11.344799999999964,18000,690.0,701.3448,695.6723999999999,,0.75
1995-12-01,57,762.7,,,163.971,,0.22,8.6,-2.5,0.28,11.344799999999964,18000,690.0,701.3448,695.6723999999999,,0.75
1996-01-01,57,757.5,,,151.827,,0.22,8.6,-2.5,0.28,11.344799999999964,18000,690.0,701.3448,695.6723999999999,,0.75
1996-02-01,57,746.4,,,161.778,,0.22,8.6,-2.5,0.28,11.344799999999964,18000,690.0,701.3448,695.6723999999999,,0.75
1996-04-01,57,780.1,,,133.363,,0.22,8.6,-2.5,0.28,11.344799999999964,18000,690.0,701.3448,695.6723999999999,,0.75
1996-05-01,57,780.0,,,135.289,,0.22,8.6,-2.5,0.28,11.344799999999964,18000,690.0,701.3448,695.6723999999999,,0.75
1996-06-01,57,791.5,,,121.659,,0.22,8.6,-2.5,0.28,11.344799999999964,18000,690.0,701.3448,695.6723999999999,,0.75
1996-07-01,57,792.2,,,124.289,,0.22,8.6,-2.5,0.28,11.344799999999964,18000,690.0,701.3448,695.6723999999999,,0.75
1996-08-01,57,784.0,,,111.756,,0.22,8.6,-2.5,0.28,11.344799999999964,18000,690.0,701.3448,695.6723999999999,,0.75
1996-09-01,57,763.2,,,104.469,,0.22,8.6,-2.5,0.28,11.344799999999964,18000,690.0,701.3448,695.6723999999999,,0.75
1996-10-01,57,776.5,,,101.956,,0.22,8.6,-2.5,0.28,11.344799999999964,18000,690.0,701.3448,695.6723999999999,,0.75
1996-11-01,57,776.8,,,99.901,,0.22,8.6,-2.5,0.28,11.344799999999964,18000,690.0,701.3448,695.6723999999999,,0.75
1996-12-01,57,752.6,,,100.465,,0.22,8.6,-2.5,0.28,11.344799999999964,18000,690.0,701.3448,695.6723999999999,,0.75
1998-07-01,57,727.3,,,172.492,,0.22,8.6,-2.5,0.28,11.344799999999964,18000,690.0,701.3448,695.6723999999999,,0.75
1999-02-01,57,726.2,,,133.15,,0.22,8.6,-2.5,0.28,11.344799999999964,18000,690.0,701.3448,695.6723999999999,,0.75
1999-07-01,57,732.0,,,100.27,,0.22,8.6,-2.5,0.28,11.344799999999964,18000,690.0,701.3448,695.6723999999999,,0.75
1999-08-01,57,721.3,,,107.042,,0.22,8.6,-2.5,0.28,11.344799999999964,18000,690.0,701.3448,695.6723999999999,,0.75
1999-10-01,57,722.5,,,98.37,,0.22,8.6,-2.5,0.28,11.344799999999964,18000,690.0,701.3448,695.6723999999999,,0.75
2000-05-01,57,704.0,,,104.145,,0.22,8.6,-2.5,0.28,11.344799999999964,18000,690.0,701.3448,695.6723999999999,,0.75
2000-06-01,57,692.4,,,105.638,,0.22,8.6,-2.5,0.28,11.344799999999964,18000,690.0,701.3448,695.6723999999999,,0.75
2000-08-01,57,692.1,,,108.452,,0.22,8.6,-2.5,0.28,11.344799999999964,18000,690.0,701.3448,695.6723999999999,,0.75
2000-11-01,57,698.7,,,91.711,,0.22,8.6,-2.5,0.28,11.344799999999964,18000,690.0,701.3448,695.6723999999999,,0.75
2001-01-01,57,689.4,,,100.606,,0.22,8.6,-2.5,0.28,11.344799999999964,18000,690.0,701.3448,695.6723999999999,,0.75
2001-02-01,57,708.7,,,91.094,,0.22,8.6,-2.5,0.28,11.344799999999964,18000,690.0,701.3448,695.6723999999999,,0.75
2001-03-01,57,700.0,,,100.203,,0.22,8.6,-2.5,0.28,11.344799999999964,18000,690.0,701.3448,695.6723999999999,,0.75
2001-05-01,57,697.5,,,100.584,,0.22,8.6,-2.5,0.28,11.344799999999964,18000,690.0,701.3448,695.6723999999999,,0.75
2001-06-01,57,689.9,,,98.244,,0.22,8.6,-2.5,0.28,11.344799999999964,18000,690.0,701.3448,695.6723999999999,,0.75
2001-07-01,57,691.6,,,96.947,,0.22,8.6,-2.5,0.28,11.344799999999964,18000,690.0,701.3448,695.6723999999999,,0.75
2001-08-01,57,689.0,,,98.354,,0.22,8.6,-2.5,0.28,11.344799999999964,18000,690.0,701.3448,695.6723999999999,,0.75
2001-09-01,57,689.0,,,91.489,,0.22,8.6,-2.5,0.28,11.344799999999964,18000,690.0,701.3448,695.6723999999999,,0.75
2001-10-01,57,706.6,,,93.658,,0.22,8.6,-2.5,0.28,11.344799999999964,18000,690.0,701.3448,695.6723999999999,,0.75
2001-11-01,57,691.6,,,94.84,,0.22,8.6,-2.5,0.28,11.344799999999964,18000,690.0,701.3448,695.6723999999999,,0.75
2001-12-01,57,678.8,,,89.069,,0.22,8.6,-2.5,0.28,11.344799999999964,18000,690.0,701.3448,695.6723999999999,,0.75
2002-01-01,57,,,,95.707,,0.22,8.6,-2.5,0.28,11.344799999999964,18000,690.0,701.3448,695.6723999999999,,0.75
2002-02-01,57,675.3,,,94.443,,0.22,8.6,-2.5,0.28,11.344799999999964,18000,690.0,701.3448,695.6723999999999,,0.75
2002-03-01,57,694.5,,,68.093,,0.22,8.6,-2.5,0.28,11.344799999999964,18000,690.0,701.3448,695.6723999999999,,0.75
2002-04-01,57,678.5,,,96.156,,0.22,8.6,-2.5,0.28,11.344799999999964,18000,690.0,701.3448,695.6723999999999,,0.75
2002-05-01,57,675.5,,,102.046,,0.22,8.6,-2.5,0.28,11.344799999999964,18000,690.0,701.3448,695.6723999999999,,0.75
2002-06-01,57,673.4,,,95.161,,0.22,8.6,-2.5,0.28,11.344799999999964,18000,690.0,701.3448,695.6723999999999,,0.75
2002-07-01,57,,,,96.027,,0.22,8.6,-2.5,0.28,11.344799999999964,18000,690.0,701.3448,695.6723999999999,,0.75
2002-08-01,57,693.7,,,95.118,,0.22,8.6,-2.5,0.28,11.344799999999964,18000,690.0,701.3448,695.6723999999999,,0.75
2002-09-01,57,,,,91.494,,0.22,8.6,-2.5,0.28,11.344799999999964,18000,690.0,701.3448,695.6723999999999,,0.75
2002-10-01,57,679.2,,,93.584,,0.22,8.6,-2.5,0.28,11.344799999999964,18000,690.0,701.3448,695.6723999999999,,0.75
2002-11-01,57,670.8,,,87.105,,0.22,8.6,-2.5,0.28,11.344799999999964,18000,690.0,701.3448,695.6723999999999,,0.75
2002-12-01,57,669.1,,,95.476,,0.22,8.6,-2.5,0.28,11.344799999999964,18000,690.0,701.3448,695.6723999999999,,0.75
2003-01-01,57,664.6,,,97.741,,0.22,8.6,-2.5,0.28,11.344799999999964,18000,690.0,701.3448,695.6723999999999,,0.75
2003-02-01,57,666.3,,,87.823,,0.22,8.6,-2.5,0.28,11.344799999999964,18000,690.0,701.3448,695.6723999999999,,0.75
2003-03-01,57,672.2,,,93.622,,0.22,8.6,-2.5,0.28,11.344799999999964,18000,690.0,701.3448,695.6723999999999,,0.75
2003-04-01,57,672.2,,,90.487,,0.22,8.6,-2.5,0.28,11.344799999999964,18000,690.0,701.3448,695.6723999999999,,0.75
2003-05-01,57,669.5,,,95.865,,0.22,8.6,-2.5,0.28,11.344799999999964,18000,690.0,701.3448,695.6723999999999,,0.75
2003-06-01,57,668.6,,,86.121,,0.22,8.6,-2.5,0.28,11.344799999999964,18000,690.0,701.3448,695.6723999999999,,0.75
2003-07-01,57,,,,90.602,,0.22,8.6,-2.5,0.28,11.344799999999964,18000,690.0,701.3448,695.6723999999999,,0.75
2003-08-01,57,669.8,,,87.136,,0.22,8.6,-2.5,0.28,11.344799999999964,18000,690.0,701.3448,695.6723999999999,,0.75
2003-09-01,57,,,,80.977,,0.22,8.6,-2.5,0.28,11.344799999999964,18000,690.0,701.3448,695.6723999999999,,0.75
2003-10-01,57,,,,83.984,,0.22,8.6,-2.5,0.28,11.344799999999964,18000,690.0,701.3448,695.6723999999999,,0.75
2003-11-01,57,,,,74.512,,0.22,8.6,-2.5,0.28,11.344799999999964,18000,690.0,701.3448,695.6723999999999,,0.75
2003-12-01,57,,,,77.573,,0.22,8.6,-2.5,0.28,11.344799999999964,18000,690.0,701.3448,695.6723999999999,,0.75
2004-01-01,57,668.1,,,79.219,,0.22,8.6,-2.5,0.28,11.344799999999964,18000,690.0,701.3448,695.6723999999999,,0.75
2004-02-01,57,664.7,,,73.048,,0.22,8.6,-2.5,0.28,11.344799999999964,18000,690.0,701.3448,695.6723999999999,,0.75
2004-03-01,57,677.2,,,76.898,,0.22,8.6,-2.5,0.28,11.344799999999964,18000,690.0,701.3448,695.6723999999999,,0.75
2004-04-01,57,675.3,,,70.837,,0.22,8.6,-2.5,0.28,11.344799999999964,18000,690.0,701.3448,695.6723999999999,,0.75
2004-05-01,57,674.9,,,81.208,,0.22,8.6,-2.5,0.28,11.344799999999964,18000,690.0,701.3448,695.6723999999999,,0.75
2004-06-01,57,670.1,,,74.379,,0.22,8.6,-2.5,0.28,11.344799999999964,18000,690.0,701.3448,695.6723999999999,,0.75
2004-07-01,57,666.8,,,78.862,,0.22,8.6,-2.5,0.28,11.344799999999964,18000,690.0,701.3448,695.6723999999999,,0.75
2004-08-01,57,650.7,,,85.571,,0.22,8.6,-2.5,0.28,11.344799999999964,18000,690.0,701.3448,695.6723999999999,,0.75
2004-09-01,57,655.8,,,81.899,,0.22,8.6,-2.5,0.28,11.344799999999964,18000,690.0,701.3448,695.6723999999999,,0.75
2004-10-01,57,647.1,,,83.321,,0.22,8.6,-2.5,0.28,11.344799999999964,18000,690.0,701.3448,695.6723999999999,,0.75
2004-11-01,57,656.0,,,74.817,,0.22,8.6,-2.5,0.28,11.344799999999964,18000,690.0,701.3448,695.6723999999999,,0.75
2004-12-01,57,652.7,,,79.071,,0.22,8.6,-2.5,0.28,11.344799999999964,18000,690.0,701.3448,695.6723999999999,,0.75
2005-01-01,57,656.0,,,76.325,,0.22,8.6,-2.5,0.28,11.344799999999964,18000,690.0,701.3448,695.6723999999999,,0.75
2005-02-01,57,656.5,,,69.662,,0.22,8.6,-2.5,0.28,11.344799999999964,18000,690.0,701.3448,695.6723999999999,,0.75
2005-03-01,57,650.5,,,78.293,,0.22,8.6,-2.5,0.28,11.344799999999964,18000,690.0,701.3448,695.6723999999999,,0.75
2005-04-01,57,652.9,,,74.911,,0.22,8.6,-2.5,0.28,11.344799999999964,18000,690.0,701.3448,695.6723999999999,,0.75
2005-05-01,57,642.3,,,79.559,,0.22,8.6,-2.5,0.28,11.344799999999964,18000,690.0,701.3448,695.6723999999999,,0.75
2005-06-01,57,652.2,,,75.648,,0.22,8.6,-2.5,0.28,11.344799999999964,18000,690.0,701.3448,695.6723999999999,,0.75
2005-07-01,57,647.7,,,79.741,,0.22,8.6,-2.5,0.28,11.344799999999964,18000,690.0,701.3448,695.6723999999999,,0.75
2005-08-01,57,645.5,,,78.127,,0.22,8.6,-2.5,0.28,11.344799999999964,18000,690.0,701.3448,695.6723999999999,,0.75
2005-09-01,57,645.5,,,71.054,,0.22,8.6,-2.5,0.28,11.344799999999964,18000,690.0,701.3448,695.6723999999999,,0.75
2005-10-01,57,639.5,,,73.325,,0.22,8.6,-2.5,0.28,11.344799999999964,18000,690.0,701.3448,695.6723999999999,,0.75
2005-11-01,57,642.6,,,68.841,,0.22,8.6,-2.5,0.28,11.344799999999964,18000,690.0,701.3448,695.6723999999999,,0.75
2005-12-01,57,642.8,,,72.39,,0.22,8.6,-2.5,0.28,11.344799999999964,18000,690.0,701.3448,695.6723999999999,,0.75
2006-01-01,57,636.6,,,74.548,,0.22,8.6,-2.5,0.28,11.344799999999964,18000,690.0,701.3448,695.6723999999999,795.0,0.75
2006-02-01,57,636.2,,,65.15,,0.22,8.6,-2.5,0.28,11.344799999999964,18000,690.0,701.3448,695.6723999999999,,0.75
2006-03-01,57,643.8,,,74.982,,0.22,8.6,-2.5,0.28,11.344799999999964,18000,690.0,701.3448,695.6723999999999,,0.75
2006-04-01,57,636.9,,,71.949,,0.22,8.6,-2.5,0.28,11.344799999999964,18000,690.0,701.3448,695.6723999999999,,0.75
2006-05-01,57,631.7,,,77.697,,0.22,8.6,-2.5,0.28,11.344799999999964,18000,690.0,701.3448,695.6723999999999,,0.75
2006-06-01,57,621.2,,,78.386,,0.22,8.6,-2.5,0.28,11.344799999999964,18000,690.0,701.3448,695.6723999999999,,0.75
2006-07-01,57,626.0,,,84.197,,0.22,8.6,-2.5,0.28,11.344799999999964,18000,690.0,701.3448,695.6723999999999,,0.75
2006-08-01,57,625.5,,,82.92,,0.22,8.6,-2.5,0.28,11.344799999999964,18000,690.0,701.3448,695.6723999999999,,0.75
2006-09-01,57,628.6,,,79.191,,0.22,8.6,-2.5,0.28,11.344799999999964,18000,690.0,701.3448,695.6723999999999,,0.75
2006-10-01,57,619.4,,,82.244,,0.22,8.6,-2.5,0.28,11.344799999999964,18000,690.0,701.3448,695.6723999999999,,0.75
2006-11-01,57,618.9,,,72.627,,0.22,8.6,-2.5,0.28,11.344799999999964,18000,690.0,701.3448,695.6723999999999,,0.75
2006-12-01,57,618.8,,,75.447,,0.22,8.6,-2.5,0.28,11.344799999999964,18000,690.0,701.3448,695.6723999999999,,0.75
2007-01-01,57,613.5,,,78.597,,0.22,8.6,-2.5,0.28,11.344799999999964,18000,690.0,701.3448,695.6723999999999,,0.75
2007-02-01,57,611.8,,,67.5,,0.22,8.6,-2.5,0.28,11.344799999999964,18000,690.0,701.3448,695.6723999999999,,0.75
2007-03-01,57,614.8,,,75.618,,0.22,8.6,-2.5,0.28,11.344799999999964,18000,690.0,701.3448,695.6723999999999,,0.75
2007-04-01,57,616.1,,,76.186,,0.22,8.6,-2.5,0.28,11.344799999999964,18000,690.0,701.3448,695.6723999999999,,0.75
2007-05-01,57,603.3,,,83.54,,0.22,8.6,-2.5,0.28,11.344799999999964,18000,690.0,701.3448,695.6723999999999,,0.75
2007-06-01,57,602.9,,,72.211,,0.22,8.6,-2.5,0.28,11.344799999999964,18000,690.0,701.3448,695.6723999999999,,0.75
2007-07-01,57,614.7,,,70.736,,0.22,8.6,-2.5,0.28,11.344799999999964,18000,690.0,701.3448,695.6723999999999,,0.75
2007-08-01,57,613.2,,,74.731,,0.22,8.6,-2.5,0.28,11.344799999999964,18000,690.0,701.3448,695.6723999999999,,0.75
2007-09-01,57,611.5,,,71.0,,0.22,8.6,-2.5,0.28,11.344799999999964,18000,690.0,701.3448,695.6723999999999,,0.75
2007-10-01,57,608.8,,,71.502,,0.22,8.6,-2.5,0.28,11.344799999999964,18000,690.0,701.3448,695.6723999999999,,0.75
2007-11-01,57,609.3,,,71.3,,0.22,8.6,-2.5,0.28,11.344799999999964,18000,690.0,701.3448,695.6723999999999,,0.75
2007-12-01,57,616.6,,,78.389,,0.22,8.6,-2.5,0.28,11.344799999999964,18000,690.0,701.3448,695.6723999999999,,0.75
2008-01-01,57,602.9,,,75.723,,0.22,8.6,-2.5,0.28,11.344799999999964,18000,690.0,701.3448,695.6723999999999,,0.75
2008-02-01,57,603.5,,,72.253,,0.22,8.6,-2.5,0.28,11.344799999999964,18000,690.0,701.3448,695.6723999999999,,0.75
2008-03-01,57,601.4,,,73.362,,0.22,8.6,-2.5,0.28,11.344799999999964,18000,690.0,701.3448,695.6723999999999,,0.75
2008-04-01,57,596.7,,,76.534,,0.22,8.6,-2.5,0.28,11.344799999999964,18000,690.0,701.3448,695.6723999999999,,0.75
2008-05-01,57,604.8,,,73.036,,0.22,8.6,-2.5,0.28,11.344799999999964,18000,690.0,701.3448,695.6723999999999,,0.75
2008-06-01,57,579.1,,,76.319,,0.22,8.6,-2.5,0.28,11.344799999999964,18000,690.0,701.3448,695.6723999999999,,0.75
2008-07-01,57,608.4,,,75.936,,0.22,8.6,-2.5,0.28,11.344799999999964,18000,690.0,701.3448,695.6723999999999,,0.75
2008-08-01,57,580.1,,,81.349,,0.22,8.6,-2.5,0.28,11.344799999999964,18000,690.0,701.3448,695.6723999999999,,0.75
2008-09-01,57,586.3,,,76.749,,0.22,8.6,-2.5,0.28,11.344799999999964,18000,690.0,701.3448,695.6723999999999,,0.75
2008-10-01,57,583.6,,,81.116,,0.22,8.6,-2.5,0.28,11.344799999999964,18000,690.0,701.3448,695.6723999999999,,0.75
2008-11-01,57,578.6,,,80.037,,0.22,8.6,-2.5,0.28,11.344799999999964,18000,690.0,701.3448,695.6723999999999,,0.75
2008-12-01,57,586.0,,,80.026,,0.22,8.6,-2.5,0.28,11.344799999999964,18000,690.0,701.3448,695.6723999999999,,0.75
2009-01-01,57,582.9,,,79.942,,0.22,8.6,-2.5,0.28,11.344799999999964,18000,690.0,701.3448,695.6723999999999,,0.75
2009-02-01,57,593.0,,,68.365,,0.22,8.6,-2.5,0.28,11.344799999999964,18000,690.0,701.3448,695.6723999999999,,0.75
2009-03-01,57,591.6,,,69.404,,0.22,8.6,-2.5,0.28,11.344799999999964,18000,690.0,701.3448,695.6723999999999,,0.75
2009-04-01,57,608.4,,,60.789,,0.22,8.6,-2.5,0.28,11.344799999999964,18000,690.0,701.3448,695.6723999999999,,0.75
2009-05-01,57,605.9,,,73.182,,0.22,8.6,-2.5,0.28,11.344799999999964,18000,690.0,701.3448,695.6723999999999,,0.75
2009-06-01,57,574.1,,,81.604,,0.22,8.6,-2.5,0.28,11.344799999999964,18000,690.0,701.3448,695.6723999999999,,0.75
2009-07-01,57,574.7,,,78.213,,0.22,8.6,-2.5,0.28,11.344799999999964,18000,690.0,701.3448,695.6723999999999,,0.75
2009-08-01,57,572.0,,,74.422,,0.22,8.6,-2.5,0.28,11.344799999999964,18000,690.0,701.3448,695.6723999999999,,0.75
2009-09-01,57,569.4,,,74.375,,0.22,8.6,-2.5,0.28,11.344799999999964,18000,690.0,701.3448,695.6723999999999,,0.75
2009-10-01,57,563.7,,,84.416,,0.22,8.6,-2.5,0.28,11.344799999999964,18000,690.0,701.3448,695.6723999999999,,0.75
2009-11-01,57,559.7,,,80.199,,0.22,8.6,-2.5,0.28,11.344799999999964,18000,690.0,701.3448,695.6723999999999,,0.75
2009-12-01,57,571.2,,,70.158,,0.22,8.6,-2.5,0.28,11.344799999999964,18000,690.0,701.3448,695.6723999999999,,0.75
2010-01-01,57,573.0,,,66.222,,0.22,8.6,-2.5,0.28,11.344799999999964,18000,690.0,701.3448,695.6723999999999,734.0,0.75
2010-02-01,57,583.5,,,59.044,,0.22,8.6,-2.5,0.28,11.344799999999964,18000,690.0,701.3448,695.6723999999999,,0.75
2010-03-01,57,573.5,,,72.236,,0.22,8.6,-2.5,0.28,11.344799999999964,18000,690.0,701.3448,695.6723999999999,,0.75
2010-04-01,57,573.8,,,69.977,,0.22,8.6,-2.5,0.28,11.344799999999964,18000,690.0,701.3448,695.6723999999999,,0.75
2010-05-01,57,614.5,,,72.479,,0.22,8.6,-2.5,0.28,11.344799999999964,18000,690.0,701.3448,695.6723999999999,,0.75
2010-06-01,57,576.7,,,58.839,,0.22,8.6,-2.5,0.28,11.344799999999964,18000,690.0,701.3448,695.6723999999999,,0.75
2010-07-01,57,564.8,,,72.393,,0.22,8.6,-2.5,0.28,11.344799999999964,18000,690.0,701.3448,695.6723999999999,,0.75
2010-08-01,57,563.1,,,66.739,,0.22,8.6,-2.5,0.28,11.344799999999964,18000,690.0,701.3448,695.6723999999999,,0.75
2010-09-01,57,562.3,,,69.0,,0.22,8.6,-2.5,0.28,11.344799999999964,18000,690.0,701.3448,695.6723999999999,,0.75
2010-10-01,57,564.0,,,69.554,,0.22,8.6,-2.5,0.28,11.344799999999964,18000,690.0,701.3448,695.6723999999999,,0.75
2010-11-01,57,552.9,,,70.867,,0.22,8.6,-2.5,0.28,11.344799999999964,18000,690.0,701.3448,695.6723999999999,,0.75
2010-12-01,57,544.6,,,75.881,,0.22,8.6,-2.5,0.28,11.344799999999964,18000,690.0,701.3448,695.6723999999999,,0.75
2011-01-01,57,553.7,,,72.062,,0.22,8.6,-2.5,0.28,11.344799999999964,18000,690.0,701.3448,695.6723999999999,,0.75
2011-02-01,57,569.9,,,64.355,,0.22,8.6,-2.5,0.28,11.344799999999964,18000,690.0,701.3448,695.6723999999999,,0.75
2011-03-01,57,555.3,,,64.698,,0.22,8.6,-2.5,0.28,11.344799999999964,18000,690.0,701.3448,695.6723999999999,,0.75
2011-04-01,57,561.0,,,63.041,,0.22,8.6,-2.5,0.28,11.344799999999964,18000,690.0,701.3448,695.6723999999999,,0.75
2011-05-01,57,555.3,,,72.236,,0.22,8.6,-2.5,0.28,11.344799999999964,18000,690.0,701.3448,695.6723999999999,,0.75
2011-06-01,57,549.9,,,67.666,,0.22,8.6,-2.5,0.28,11.344799999999964,18000,690.0,701.3448,695.6723999999999,,0.75
2011-07-01,57,547.1,,,71.273,,0.22,8.6,-2.5,0.28,11.344799999999964,18000,690.0,701.3448,695.6723999999999,,0.75
2011-08-01,57,545.4,,,71.554,,0.22,8.6,-2.5,0.28,11.344799999999964,18000,690.0,701.3448,695.6723999999999,,0.75
2011-09-01,57,544.0,,,67.449,,0.22,8.6,-2.5,0.28,11.344799999999964,18000,690.0,701.3448,695.6723999999999,,0.75
2011-10-01,57,546.2,,,71.021,,0.22,8.6,-2.5,0.28,11.344799999999964,18000,690.0,701.3448,695.6723999999999,,0.75
2011-11-01,57,535.2,,,69.913,,0.22,8.6,-2.5,0.28,11.344799999999964,18000,690.0,701.3448,695.6723999999999,,0.75
2011-12-01,57,537.5,,,76.284,,0.22,8.6,-2.5,0.28,11.344799999999964,18000,690.0,701.3448,695.6723999999999,,0.75
2012-01-01,57,533.1,,,73.254,,0.22,8.6,-2.5,0.28,11.344799999999964,18000,690.0,701.3448,695.6723999999999,,0.75
2012-02-01,57,542.2,,,68.446,,0.22,8.6,-2.5,0.28,11.344799999999964,18000,690.0,701.3448,695.6723999999999,,0.75
2012-03-01,57,532.7,,,71.616,,0.22,8.6,-2.5,0.28,11.344799999999964,18000,690.0,701.3448,695.6723999999999,,0.75
2012-04-01,57,536.7,,,73.536,,0.22,8.6,-2.5,0.28,11.344799999999964,18000,690.0,701.3448,695.6723999999999,,0.75
2012-05-01,57,531.9,,,76.921,,0.22,8.6,-2.5,0.28,11.344799999999964,18000,690.0,701.3448,695.6723999999999,,0.75
2012-06-01,57,545.7,,,73.784,,0.22,8.6,-2.5,0.28,11.344799999999964,18000,690.0,701.3448,695.6723999999999,,0.75
2012-07-01,57,526.8,,,75.258,,0.22,8.6,-2.5,0.28,11.344799999999964,18000,690.0,701.3448,695.6723999999999,,0.75
2012-08-01,57,545.5,,,70.14,,0.22,8.6,-2.5,0.28,11.344799999999964,18000,690.0,701.3448,695.6723999999999,,0.75
2012-09-01,57,529.1,,,67.089,,0.22,8.6,-2.5,0.28,11.344799999999964,18000,690.0,701.3448,695.6723999999999,,0.75
2012-10-01,57,519.8,,,72.584,,0.22,8.6,-2.5,0.28,11.344799999999964,18000,690.0,701.3448,695.6723999999999,,0.75
2012-11-01,57,525.1,,,66.534,,0.22,8.6,-2.5,0.28,11.344799999999964,18000,690.0,701.3448,695.6723999999999,,0.75
2012-12-01,57,528.1,,,65.576,,0.22,8.6,-2.5,0.28,11.344799999999964,18000,690.0,701.3448,695.6723999999999,,0.75
2013-01-01,57,528.6,,,64.692,,0.22,8.6,-2.5,0.28,11.344799999999964,18000,690.0,701.3448,695.6723999999999,,0.75
2013-02-01,57,529.3,,,59.175,,0.22,8.6,-2.5,0.28,11.344799999999964,18000,690.0,701.3448,695.6723999999999,,0.75
2013-03-01,57,541.8,,,65.038,,0.22,8.6,-2.5,0.28,11.344799999999964,18000,690.0,701.3448,695.6723999999999,,0.75
2013-04-01,57,551.8,,,62.68,,0.22,8.6,-2.5,0.28,11.344799999999964,18000,690.0,701.3448,695.6723999999999,,0.75
2013-05-01,57,521.8,,,74.212,,0.22,8.6,-2.5,0.28,11.344799999999964,18000,690.0,701.3448,695.6723999999999,,0.75
2013-06-01,57,527.5,,,67.913,,0.22,8.6,-2.5,0.28,11.344799999999964,18000,690.0,701.3448,695.6723999999999,,0.75
2013-07-01,57,519.4,,,71.042,,0.22,8.6,-2.5,0.28,11.344799999999964,18000,690.0,701.3448,695.6723999999999,,0.75
2013-08-01,57,510.3,,,71.019,,0.22,8.6,-2.5,0.28,11.344799999999964,18000,690.0,701.3448,695.6723999999999,,0.75
2013-09-01,57,513.5,,,68.467,,0.22,8.6,-2.5,0.28,11.344799999999964,18000,690.0,701.3448,695.6723999999999,,0.75
2013-10-01,57,506.2,,,72.468,,0.22,8.6,-2.5,0.28,11.344799999999964,18000,690.0,701.3448,695.6723999999999,,0.75
2013-11-01,57,507.1,,,63.547,,0.22,8.6,-2.5,0.28,11.344799999999964,18000,690.0,701.3448,695.6723999999999,,0.75
2013-12-01,57,500.0,,,72.301,,0.22,8.6,-2.5,0.28,11.344799999999964,18000,690.0,701.3448,695.6723999999999,,0.75
2014-01-01,57,500.8,,,71.841,,0.22,8.6,-2.5,0.28,11.344799999999964,18000,690.0,701.3448,695.6723999999999,,0.75
2014-02-01,57,509.1,,,64.608,,0.22,8.6,-2.5,0.28,11.344799999999964,18000,690.0,701.3448,695.6723999999999,,0.75
2014-03-01,57,516.1,,,65.914,,0.22,8.6,-2.5,0.28,11.344799999999964,18000,690.0,701.3448,695.6723999999999,,0.75
2014-04-01,57,522.9,,,60.708,,0.22,8.6,-2.5,0.28,11.344799999999964,18000,690.0,701.3448,695.6723999999999,,0.75
2014-05-01,57,530.4,,,72.46,,0.22,8.6,-2.5,0.28,11.344799999999964,18000,690.0,701.3448,695.6723999999999,,0.75
2014-06-01,57,510.1,,,74.522,,0.22,8.6,-2.5,0.28,11.344799999999964,18000,690.0,701.3448,695.6723999999999,,0.75
2014-07-01,57,484.4,,,78.867,,0.22,8.6,-2.5,0.28,11.344799999999964,18000,690.0,701.3448,695.6723999999999,,0.75
2014-08-01,57,486.4,,,76.489,,0.22,8.6,-2.5,0.28,11.344799999999964,18000,690.0,701.3448,695.6723999999999,,0.75
2014-09-01,57,498.5,,,66.724,,0.22,8.6,-2.5,0.28,11.344799999999964,18000,690.0,701.3448,695.6723999999999,,0.75
2014-10-01,57,479.4,,,72.149,,0.22,8.6,-2.5,0.28,11.344799999999964,18000,690.0,701.3448,695.6723999999999,,0.75
2014-11-01,57,477.2,,,71.854,,0.22,8.6,-2.5,0.28,11.344799999999964,18000,690.0,701.3448,695.6723999999999,,0.75
2014-12-01,57,475.5,,,74.393,,0.22,8.6,-2.5,0.28,11.344799999999964,18000,690.0,701.3448,695.6723999999999,,0.75
2015-01-01,57,472.6,,,76.391,,0.22,8.6,-2.5,0.28,11.344799999999964,18000,690.0,701.3448,695.6723999999999,,0.75
2015-02-01,57,476.3,,,67.304,,0.22,8.6,-2.5,0.28,11.344799999999964,18000,690.0,701.3448,695.6723999999999,,0.75
2015-03-01,57,470.4,,,76.106,,0.22,8.6,-2.5,0.28,11.344799999999964,18000,690.0,701.3448,695.6723999999999,,0.75
2015-04-01,57,489.4,,,72.755,,0.22,8.6,-2.5,0.28,11.344799999999964,18000,690.0,701.3448,695.6723999999999,,0.75
2015-05-01,57,466.7,,,70.001,,0.22,8.6,-2.5,0.28,11.344799999999964,18000,690.0,701.3448,695.6723999999999,,0.75
2015-06-01,57,459.8,,,75.145,,0.22,8.6,-2.5,0.28,11.344799999999964,18000,690.0,701.3448,695.6723999999999,,0.75
2015-07-01,57,461.4,,,69.911,,0.22,8.6,-2.5,0.28,11.344799999999964,18000,690.0,701.3448,695.6723999999999,,0.75
2015-08-01,57,452.4,96.0,31.0,71.92,,0.22,8.6,-2.5,0.28,11.344799999999964,18000,690.0,701.3448,695.6723999999999,,0.75
2015-09-01,57,452.8,96.0,30.0,77.834,,0.22,8.6,-2.5,0.28,11.344799999999964,18000,690.0,701.3448,695.6723999999999,,0.75
2015-10-01,57,454.2,96.0,31.0,74.215,,0.22,8.6,-2.5,0.28,11.344799999999964,18000,690.0,701.3448,695.6723999999999,,0.75
2015-11-01,57,480.4,96.0,30.0,65.372,,0.22,8.6,-2.5,0.28,11.344799999999964,18000,690.0,701.3448,695.6723999999999,,0.75
2015-12-01,57,451.2,96.0,31.0,78.942,,0.22,8.6,-2.5,0.28,11.344799999999964,18000,690.0,701.3448,695.6723999999999,,0.75
2016-01-01,57,446.6,96.0,31.0,80.043,,0.22,8.6,-2.5,0.28,11.344799999999964,18000,690.0,701.3448,695.6723999999999,,0.75
2016-02-01,57,437.2,96.0,26.0,67.726,,0.22,8.6,-2.5,0.28,11.344799999999964,18000,690.0,701.3448,695.6723999999999,,0.75
2016-03-01,57,449.1,96.0,31.0,76.858,,0.22,8.6,-2.5,0.28,11.344799999999964,18000,690.0,701.3448,695.6723999999999,,0.75
2016-04-01,57,440.1,96.0,30.0,74.428,,0.22,8.6,-2.5,0.28,11.344799999999964,18000,690.0,701.3448,695.6723999999999,,0.75
2016-05-01,57,439.6,96.0,31.0,76.826,,0.22,8.6,-2.5,0.28,11.344799999999964,18000,690.0,701.3448,695.6723999999999,,0.75
2016-06-01,57,432.8,96.0,30.0,73.985,,0.22,8.6,-2.5,0.28,11.344799999999964,18000,690.0,701.3448,695.6723999999999,,0.75
2016-07-01,57,397.8,96.0,31.0,79.93,,0.22,8.6,-2.5,0.28,11.344799999999964,18000,690.0,701.3448,695.6723999999999,,0.75
2016-08-01,57,428.0,96.0,31.0,82.03,,0.22,8.6,-2.5,0.28,11.344799999999964,18000,690.0,701.3448,695.6723999999999,,0.75
2016-09-01,57,425.0,96.0,30.0,77.935,,0.22,8.6,-2.5,0.28,11.344799999999964,18000,690.0,701.3448,695.6723999999999,,0.75
2016-10-01,57,442.2,96.0,31.0,74.366,,0.22,8.6,-2.5,0.28,11.344799999999964,18000,690.0,701.3448,695.6723999999999,,0.75
2016-11-01,57,422.0,96.0,30.0,73.734,,0.22,8.6,-2.5,0.28,11.344799999999964,18000,690.0,701.3448,695.6723999999999,,0.75
2016-12-01,57,412.5,96.0,31.0,76.875,,0.22,8.6,-2.5,0.28,11.344799999999964,18000,690.0,701.3448,695.6723999999999,,0.75
2017-01-01,57,408.9,96.0,31.0,74.541,,0.22,8.6,-2.5,0.28,11.344799999999964,18000,690.0,701.3448,695.6723999999999,,0.75
2017-02-01,57,414.3,96.0,28.0,66.248,,0.22,8.6,-2.5,0.28,11.344799999999964,18000,690.0,701.3448,695.6723999999999,,0.75
2017-03-01,57,410.2,96.0,31.0,77.254,,0.22,8.6,-2.5,0.28,11.344799999999964,18000,690.0,701.3448,695.6723999999999,,0.75
2017-04-01,57,394.0,96.0,29.0,73.694,,0.22,8.6,-2.5,0.28,11.344799999999964,18000,690.0,701.3448,695.6723999999999,,0.75
2017-05-01,57,403.1,96.0,31.0,81.164,,0.22,8.6,-2.5,0.28,11.344799999999964,18000,690.0,701.3448,695.6723999999999,,0.75
2017-06-01,57,411.5,96.0,30.0,78.572,,0.22,8.6,-2.5,0.28,11.344799999999964,18000,690.0,701.3448,695.6723999999999,,0.75
2017-07-01,57,397.8,96.0,31.0,83.886,,0.22,8.6,-2.5,0.28,11.344799999999964,18000,690.0,701.3448,695.6723999999999,,0.75
2017-08-01,57,395.2,96.0,31.0,83.874,,0.22,8.6,-2.5,0.28,11.344799999999964,18000,690.0,701.3448,695.6723999999999,,0.75
2017-09-01,57,402.5,96.0,30.0,74.501,,0.22,8.6,-2.5,0.28,11.344799999999964,18000,690.0,701.3448,695.6723999999999,,0.75
2017-10-01,57,427.3,96.0,31.0,71.329,,0.22,8.6,-2.5,0.28,11.344799999999964,18000,690.0,701.3448,695.6723999999999,,0.75
2017-11-01,57,390.0,96.0,27.0,70.262,,0.22,8.6,-2.5,0.28,11.344799999999964,18000,690.0,701.3448,695.6723999999999,,0.75
2017-12-01,57,395.7,96.0,31.0,84.083,,0.22,8.6,-2.5,0.28,11.344799999999964,18000,690.0,701.3448,695.6723999999999,,0.75
2018-01-01,57,369.7,96.0,31.0,90.897,,0.22,8.6,-2.5,0.28,11.344799999999964,18000,690.0,701.3448,695.6723999999999,,0.75
2018-02-01,57,366.2,96.0,28.0,77.042,,0.22,8.6,-2.5,0.28,11.344799999999964,18000,690.0,701.3448,695.6723999999999,,0.75
2018-03-01,57,364.2,96.0,31.0,84.157,,0.22,8.6,-2.5,0.28,11.344799999999964,18000,690.0,701.3448,695.6723999999999,,0.75
2018-04-01,57,384.5,96.0,30.0,86.021,,0.22,8.6,-2.5,0.28,11.344799999999964,18000,690.0,701.3448,695.6723999999999,,0.75
2018-05-01,57,353.5,96.0,31.0,85.363,,0.22,8.6,-2.5,0.28,11.344799999999964,18000,690.0,701.3448,695.6723999999999,,0.75
2018-06-01,57,359.0,96.0,30.0,90.624,,0.22,8.6,-2.5,0.28,11.344799999999964,18000,690.0,701.3448,695.6723999999999,,0.75
2018-07-01,57,347.3,96.0,31.0,90.281,,0.22,8.6,-2.5,0.28,11.344799999999964,18000,690.0,701.3448,695.6723999999999,,0.75
2018-08-01,57,348.2,96.0,31.0,92.094,,0.22,8.6,-2.5,0.28,11.344799999999964,18000,690.0,701.3448,695.6723999999999,,0.75
2018-09-01,57,340.7,96.0,30.0,86.136,,0.22,8.6,-2.5,0.28,11.344799999999964,18000,690.0,701.3448,695.6723999999999,,0.75
2018-10-01,57,342.7,96.0,31.0,92.028,,0.22,8.6,-2.5,0.28,11.344799999999964,18000,690.0,701.3448,695.6723999999999,,0.75
2018-11-01,57,350.0,96.0,30.0,86.0,,0.22,8.6,-2.5,0.28,11.344799999999964,18000,690.0,701.3448,695.6723999999999,,0.75
2018-12-01,57,354.0,96.0,31.0,86.676,,0.22,8.6,-2.5,0.28,11.344799999999964,18000,690.0,701.3448,695.6723999999999,,0.75
2019-01-01,57,349.9,96.0,31.0,84.926,,0.22,8.6,-2.5,0.28,11.344799999999964,18000,690.0,701.3448,695.6723999999999,,0.75
2019-02-01,57,391.2,96.0,28.0,75.697,,0.22,8.6,-2.5,0.28,11.344799999999964,18000,690.0,701.3448,695.6723999999999,,0.75
2019-03-01,57,357.0,96.0,31.0,77.234,,0.22,8.6,-2.5,0.28,11.344799999999964,18000,690.0,701.3448,695.6723999999999,,0.75
2019-04-01,57,359.2,96.0,30.0,77.562,,0.22,8.6,-2.5,0.28,11.344799999999964,18000,690.0,701.3448,695.6723999999999,,0.75
2019-05-01,57,,96.0,31.0,87.242,,0.22,8.6,-2.5,0.28,11.344799999999964,18000,690.0,701.3448,695.6723999999999,,0.75
2019-06-01,57,339.9,96.0,30.0,83.765,,0.22,8.6,-2.5,0.28,11.344799999999964,18000,690.0,701.3448,695.6723999999999,,0.75
2019-07-01,57,366.7,96.0,31.0,77.914,,0.22,8.6,-2.5,0.28,11.344799999999964,18000,690.0,701.3448,695.6723999999999,,0.75
2019-08-01,57,349.2,96.0,31.0,78.396,,0.22,8.6,-2.5,0.28,11.344799999999964,18000,690.0,701.3448,695.6723999999999,,0.75
2019-09-01,57,370.8,96.0,24.0,59.489,,0.22,8.6,-2.5,0.28,11.344799999999964,18000,690.0,701.3448,695.6723999999999,,0.75
2019-10-01,57,348.1,96.0,31.0,70.416,,0.22,8.6,-2.5,0.28,11.344799999999964,18000,690.0,701.3448,695.6723999999999,,0.75
2019-11-01,57,359.0,96.0,30.0,59.445,,0.22,8.6,-2.5,0.28,11.344799999999964,18000,690.0,701.3448,695.6723999999999,,0.75
2019-12-01,57,372.0,96.0,31.0,62.929,,0.22,8.6,-2.5,0.28,11.344799999999964,18000,690.0,701.3448,695.6723999999999,,0.75
2020-01-01,57,341.7,96.0,31.0,81.489,,0.22,8.6,-2.5,0.28,11.344799999999964,18000,690.0,701.3448,695.6723999999999,,0.75
2020-02-01,57,337.4,96.0,29.0,64.388,,0.22,8.6,-2.5,0.28,11.344799999999964,18000,690.0,701.3448,695.6723999999999,,0.75
2020-03-01,57,337.4,96.0,31.0,67.744,,0.22,8.6,-2.5,0.28,11.344799999999964,18000,690.0,701.3448,695.6723999999999,,0.75
2020-06-01,57,,96.0,30.0,65.511,,0.22,8.6,-2.5,0.28,11.344799999999964,18000,690.0,701.3448,695.6723999999999,,0.75
2020-07-01,57,328.7,96.0,31.0,76.588,,0.22,8.6,-2.5,0.28,11.344799999999964,18000,690.0,701.3448,695.6723999999999,,0.75
2020-08-01,57,365.0,96.0,31.0,72.45,,0.22,8.6,-2.5,0.28,11.344799999999964,18000,690.0,701.3448,695.6723999999999,,0.75
2020-09-01,57,342.7,96.0,30.0,71.648,,0.22,8.6,-2.5,0.28,11.344799999999964,18000,690.0,701.3448,695.6723999999999,,0.75
2020-10-01,57,337.5,96.0,31.0,68.502,,0.22,8.6,-2.5,0.28,11.344799999999964,18000,690.0,701.3448,695.6723999999999,,0.75
2020-11-01,57,344.4,96.0,30.0,49.419,,0.22,8.6,-2.5,0.28,11.344799999999964,18000,690.0,701.3448,695.6723999999999,,0.75
2020-12-01,57,303.8,96.0,31.0,66.851,,0.22,8.6,-2.5,0.28,11.344799999999964,18000,690.0,701.3448,695.6723999999999,,0.75
2021-01-01,57,297.3,96.0,31.0,77.792,,0.22,8.6,-2.5,0.28,11.344799999999964,18000,690.0,701.3448,695.6723999999999,,0.75
2021-02-01,57,306.0,96.0,28.0,61.99,,0.22,8.6,-2.5,0.28,11.344799999999964,18000,690.0,701.3448,695.6723999999999,,0.75
2021-03-01,57,314.9,96.0,31.0,59.855,,0.22,8.6,-2.5,0.28,11.344799999999964,18000,690.0,701.3448,695.6723999999999,,0.75
2021-04-01,57,319.2,96.0,30.0,66.508,,0.22,8.6,-2.5,0.28,11.344799999999964,18000,690.0,701.3448,695.6723999999999,,0.75
2021-05-01,57,268.7,96.0,31.0,80.179,,0.22,8.6,-2.5,0.28,11.344799999999964,18000,690.0,701.3448,695.6723999999999,,0.75
2021-06-01,57,287.6,96.0,30.0,74.517,,0.22,8.6,-2.5,0.28,11.344799999999964,18000,690.0,701.3448,695.6723999999999,,0.75
2021-07-01,57,265.5,96.0,31.0,85.986,,0.22,8.6,-2.5,0.28,11.344799999999964,18000,690.0,701.3448,695.6723999999999,,0.75
2021-08-01,57,253.9,96.0,31.0,87.154,,0.22,8.6,-2.5,0.28,11.344799999999964,18000,690.0,701.3448,695.6723999999999,,0.75
2021-09-01,57,281.5,96.0,30.0,75.324,,0.22,8.6,-2.5,0.28,11.344799999999964,18000,690.0,701.3448,695.6723999999999,,0.75
2021-10-01,57,251.5,96.0,31.0,87.625,,0.22,8.6,-2.5,0.28,11.344799999999964,18000,690.0,701.3448,695.6723999999999,,0.75
2021-11-01,57,257.4,96.0,30.0,80.006,,0.22,8.6,-2.5,0.28,11.344799999999964,18000,690.0,701.3448,695.6723999999999,,0.75
2021-12-01,57,250.0,96.0,29.0,84.975,,0.22,8.6,-2.5,0.28,11.344799999999964,18000,690.0,701.3448,695.6723999999999,,0.75
2022-01-01,57,246.8,96.0,31.0,87.929,,0.22,8.6,-2.5,0.28,11.344799999999964,18000,690.0,701.3448,695.6723999999999,,0.75
2022-02-01,57,261.8,96.0,28.0,75.442,,0.22,8.6,-2.5,0.28,11.344799999999964,18000,690.0,701.3448,695.6723999999999,,0.75
2022-03-01,57,229.7,96.0,31.0,85.718,,0.22,8.6,-2.5,0.28,11.344799999999964,18000,690.0,701.3448,695.6723999999999,,0.75
2022-04-01,57,236.5,96.0,30.0,85.772,,0.22,8.6,-2.5,0.28,11.344799999999964,18000,690.0,701.3448,695.6723999999999,,0.75
2022-05-01,57,231.9,96.0,31.0,88.916,,0.22,8.6,-2.5,0.28,11.344799999999964,18000,690.0,701.3448,695.6723999999999,,0.75
2022-06-01,57,226.5,96.0,30.0,84.097,,0.22,8.6,-2.5,0.28,11.344799999999964,18000,690.0,701.3448,695.6723999999999,,0.75
2022-07-01,57,239.7,96.0,31.0,75.911,,0.22,8.6,-2.5,0.28,11.344799999999964,18000,690.0,701.3448,695.6723999999999,,0.75
2022-08-01,57,252.1,96.0,31.0,85.002,,0.22,8.6,-2.5,0.28,11.344799999999964,18000,690.0,701.3448,695.6723999999999,,0.75
2022-09-01,57,221.6,96.0,30.0,81.03,,0.22,8.6,-2.5,0.28,11.344799999999964,18000,690.0,701.3448,695.6723999999999,,0.75
2022-10-01,57,242.6,96.0,31.0,79.071,,0.22,8.6,-2.5,0.28,11.344799999999964,18000,690.0,701.3448,695.6723999999999,,0.75
2022-11-01,57,241.7,96.0,30.0,72.734,,0.22,8.6,-2.5,0.28,11.344799999999964,18000,690.0,701.3448,695.6723999999999,,0.75
2022-12-01,57,215.5,96.0,28.0,74.415,,0.22,8.6,-2.5,0.28,11.344799999999964,18000,690.0,701.3448,695.6723999999999,,0.75
2023-01-01,57,232.3,96.0,31.0,80.208,,0.22,8.6,-2.5,0.28,11.344799999999964,18000,690.0,701.3448,695.6723999999999,,0.75
2023-02-01,57,246.9,96.0,28.0,70.199,,0.22,8.6,-2.5,0.28,11.344799999999964,18000,690.0,701.3448,695.6723999999999,,0.75
2023-03-01,57,214.6,96.0,31.0,73.21,,0.22,8.6,-2.5,0.28,11.344799999999964,18000,690.0,701.3448,695.6723999999999,,0.75
2023-04-01,57,209.5,,,,,0.22,8.6,-2.5,0.28,11.344799999999964,18000,690.0,701.3448,695.6723999999999,,0.75
2023-05-01,57,209.5,96.0,11.0,26.244,,0.22,8.6,-2.5,0.28,11.344799999999964,18000,690.0,701.3448,695.6723999999999,,0.75
2023-06-01,57,223.8,96.0,30.0,77.547,,0.22,8.6,-2.5,0.28,11.344799999999964,18000,690.0,701.3448,695.6723999999999,,0.75
2023-07-01,57,220.6,96.0,31.0,75.487,,0.22,8.6,-2.5,0.28,11.344799999999964,18000,690.0,701.3448,695.6723999999999,,0.75
2023-08-01,57,215.5,96.0,31.0,76.213,,0.22,8.6,-2.5,0.28,11.344799999999964,18000,690.0,701.3448,695.6723999999999,,0.75
2023-09-01,57,213.1,96.0,30.0,72.011,,0.22,8.6,-2.5,0.28,11.344799999999964,18000,690.0,701.3448,695.6723999999999,,0.75
2023-10-01,57,220.4,96.0,31.0,70.618,,0.22,8.6,-2.5,0.28,11.344799999999964,18000,690.0,701.3448,695.6723999999999,,0.75
2023-11-01,57,226.9,96.0,30.0,69.81,,0.22,8.6,-2.5,0.28,11.344799999999964,18000,690.0,701.3448,695.6723999999999,,0.75
2023-12-01,57,210.4,96.0,31.0,69.935,,0.22,8.6,-2.5,0.28,11.344799999999964,18000,690.0,701.3448,695.6723999999999,,0.75
2024-01-01,57,216.8,96.0,31.0,70.974,,0.22,8.6,-2.5,0.28,11.344799999999964,18000,690.0,701.3448,695.6723999999999,,0.75
2024-02-01,57,213.0,96.0,29.0,69.4,,0.22,8.6,-2.5,0.28,11.344799999999964,18000,690.0,701.3448,695.6723999999999,,0.75
2024-03-01,57,204.9,96.0,31.0,69.556,,0.22,8.6,-2.5,0.28,11.344799999999964,18000,690.0,701.3448,695.6723999999999,,0.75
2024-04-01,57,232.4,96.0,30.0,65.374,,0.22,8.6,-2.5,0.28,11.344799999999964,18000,690.0,701.3448,695.6723999999999,,0.75
2024-05-01,57,246.2,96.0,31.0,60.297,,0.22,8.6,-2.5,0.28,11.344799999999964,18000,690.0,701.3448,695.6723999999999,,0.75
2024-06-01,57,244.0,96.0,30.0,64.235,,0.22,8.6,-2.5,0.28,11.344799999999964,18000,690.0,701.3448,695.6723999999999,,0.75
2024-07-01,57,223.1,96.0,31.0,69.489,,0.22,8.6,-2.5,0.28,11.344799999999964,18000,690.0,701.3448,695.6723999999999,,0.75
2024-08-01,57,204.5,96.0,31.0,67.998,,0.22,8.6,-2.5,0.28,11.344799999999964,18000,690.0,701.3448,695.6723999999999,,0.75
2024-09-01,57,206.8,96.0,30.0,65.187,,0.22,8.6,-2.5,0.28,11.344799999999964,18000,690.0,701.3448,695.6723999999999,,0.75
2024-10-01,57,201.4,96.0,31.0,66.233,,0.22,8.6,-2.5,0.28,11.344799999999964,18000,690.0,701.3448,695.6723999999999,,0.75
2024-11-01,57,210.7,96.0,30.0,62.719,,0.22,8.6,-2.5,0.28,11.344799999999964,18000,690.0,701.3448,695.6723999999999,,0.75
2024-12-01,57,209.5,96.0,31.0,64.05,,0.22,8.6,-2.5,0.28,11.344799999999964,18000,690.0,701.3448,695.6723999999999,,0.75
2025-01-01,57,209.1,96.0,31.0,63.88,,0.22,8.6,-2.5,0.28,11.344799999999964,18000,690.0,701.3448,695.6723999999999,,0.75
2025-02-01,57,214.6,96.0,28.0,58.596,,0.22,8.6,-2.5,0.28,11.344799999999964,18000,690.0,701.3448,695.6723999999999,,0.75
2025-03-01,57,205.0,96.0,31.0,63.548,,0.22,8.6,-2.5,0.28,11.344799999999964,18000,690.0,701.3448,695.6723999999999,,0.75
2025-04-01,57,205.0,96.0,30.0,62.682,,0.22,8.6,-2.5,0.28,11.344799999999964,18000,690.0,701.3448,695.6723999999999,,0.75
2025-05-01,57,201.2,96.0,31.0,63.663,,0.22,8.6,-2.5,0.28,11.344799999999964,18000,690.0,701.3448,695.6723999999999,,0.75
2025-06-01,57,199.4,96.0,30.0,62.353,,0.22,8.6,-2.5,0.28,11.344799999999964,18000,690.0,701.3448,695.6723999999999,,0.75
1995-01-01,58,751.7,,,112.033,31.452,0.21,3.8,-1.9,0.36,10.5,14000,697.3,707.8,702.55,,0.76
1995-02-01,58,760.5,,,96.372,27.071,0.21,3.8,-1.9,0.36,10.5,14000,697.3,707.8,702.55,,0.76
1995-04-01,58,728.8,,,122.411,34.429,0.21,3.8,-1.9,0.36,10.5,14000,697.3,707.8,702.55,,0.76
1995-05-01,58,,,,112.372,213.929,0.21,3.8,-1.9,0.36,10.5,14000,697.3,707.8,702.55,,0.76
1995-06-01,58,,,,106.982,50.262,0.21,3.8,-1.9,0.36,10.5,14000,697.3,707.8,702.55,,0.76
1995-07-01,58,,,,96.778,181.143,0.21,3.8,-1.9,0.36,10.5,14000,697.3,707.8,702.55,,0.76
1995-08-01,58,767.6,,,123.541,204.452,0.21,3.8,-1.9,0.36,10.5,14000,697.3,707.8,702.55,,0.76
1995-09-01,58,753.2,,,140.135,232.643,0.21,3.8,-1.9,0.36,10.5,14000,697.3,707.8,702.55,,0.76
1995-10-01,58,840.0,,,149.563,390.952,0.21,3.8,-1.9,0.36,10.5,14000,697.3,707.8,702.55,,0.76
1995-11-01,58,745.7,,,153.413,194.833,0.21,3.8,-1.9,0.36,10.5,14000,697.3,707.8,702.55,,0.76
1995-12-01,58,762.7,,,159.055,158.643,0.21,3.8,-1.9,0.36,10.5,14000,697.3,707.8,702.55,,0.76
1996-01-01,58,757.7,,,150.328,149.262,0.21,3.8,-1.9,0.36,10.5,14000,697.3,707.8,702.55,,0.76
1996-02-01,58,751.7,,,142.259,133.738,0.21,3.8,-1.9,0.36,10.5,14000,697.3,707.8,702.55,,0.76
1996-04-01,58,744.5,,,140.965,115.262,0.21,3.8,-1.9,0.36,10.5,14000,697.3,707.8,702.55,,0.76
1996-05-01,58,746.7,,,104.123,115.262,0.21,3.8,-1.9,0.36,10.5,14000,697.3,707.8,702.55,,0.76
1996-06-01,58,748.3,,,97.672,110.905,0.21,3.8,-1.9,0.36,10.5,14000,697.3,707.8,702.55,,0.76
1996-07-01,58,743.5,,,97.932,112.643,0.21,3.8,-1.9,0.36,10.5,14000,697.3,707.8,702.55,,0.76
1996-08-01,58,773.0,,,82.087,94.143,0.21,3.8,-1.9,0.36,10.5,14000,697.3,707.8,702.55,,0.76
1996-09-01,58,756.6,,,89.927,103.762,0.21,3.8,-1.9,0.36,10.5,14000,697.3,707.8,702.55,,0.76
1996-10-01,58,743.8,,,94.491,109.667,0.21,3.8,-1.9,0.36,10.5,14000,697.3,707.8,702.55,,0.76
1996-11-01,58,745.0,,,66.589,76.0,0.21,3.8,-1.9,0.36,10.5,14000,697.3,707.8,702.55,,0.76
1996-12-01,58,794.9,,,83.881,95.81,0.21,3.8,-1.9,0.36,10.5,14000,697.3,707.8,702.55,,0.76
1998-07-01,58,728.6,,,113.222,216.476,0.21,3.8,-1.9,0.36,10.5,14000,697.3,707.8,702.55,,0.76
1999-02-01,58,708.0,,,88.144,183.69,0.21,3.8,-1.9,0.36,10.5,14000,697.3,707.8,702.55,,0.76
1999-07-01,58,700.0,,,109.402,356.833,0.21,3.8,-1.9,0.36,10.5,14000,697.3,707.8,702.55,,0.76
1999-08-01,58,705.7,,,95.36,352.238,0.21,3.8,-1.9,0.36,10.5,14000,697.3,707.8,702.55,,0.76
1999-10-01,58,703.6,,,87.291,364.429,0.21,3.8,-1.9,0.36,10.5,14000,697.3,707.8,702.55,,0.76
2000-05-01,58,703.0,,,103.307,453.833,0.21,3.8,-1.9,0.36,10.5,14000,697.3,707.8,702.55,,0.76
2000-06-01,58,698.8,,,108.781,397.286,0.21,3.8,-1.9,0.36,10.5,14000,697.3,707.8,702.55,,0.76
2000-08-01,58,693.6,,,112.864,375.976,0.21,3.8,-1.9,0.36,10.5,14000,697.3,707.8,702.55,,0.76
2000-11-01,58,695.6,,,107.782,610.762,0.21,3.8,-1.9,0.36,10.5,14000,697.3,707.8,702.55,,0.76
2001-01-01,58,693.0,,,98.237,664.738,0.21,3.8,-1.9,0.36,10.5,14000,697.3,707.8,702.55,,0.76
2001-02-01,58,711.4,,,91.092,784.857,0.21,3.8,-1.9,0.36,10.5,14000,697.3,707.8,702.55,,0.76
2001-03-01,58,698.2,,,99.821,842.214,0.21,3.8,-1.9,0.36,10.5,14000,697.3,707.8,702.55,,0.76
2001-05-01,58,691.0,,,100.403,857.524,0.21,3.8,-1.9,0.36,10.5,14000,697.3,707.8,702.55,,0.76
2001-06-01,58,692.6,,,92.777,587.357,0.21,3.8,-1.9,0.36,10.5,14000,697.3,707.8,702.55,,0.76
2001-07-01,58,688.6,,,90.565,557.643,0.21,3.8,-1.9,0.36,10.5,14000,697.3,707.8,702.55,,0.76
2001-08-01,58,691.6,,,91.102,507.929,0.21,3.8,-1.9,0.36,10.5,14000,697.3,707.8,702.55,,0.76
2001-09-01,58,690.8,,,83.967,533.738,0.21,3.8,-1.9,0.36,10.5,14000,697.3,707.8,702.55,,0.76
2001-10-01,58,679.6,,,99.235,373.833,0.21,3.8,-1.9,0.36,10.5,14000,697.3,707.8,702.55,,0.76
2001-11-01,58,684.2,,,96.597,325.048,0.21,3.8,-1.9,0.36,10.5,14000,697.3,707.8,702.55,,0.76
2001-12-01,58,679.4,,,118.191,353.357,0.21,3.8,-1.9,0.36,10.5,14000,697.3,707.8,702.55,,0.76
2002-01-01,58,,,,119.772,411.262,0.21,3.8,-1.9,0.36,10.5,14000,697.3,707.8,702.55,,0.76
2002-02-01,58,671.7,,,91.541,395.571,0.21,3.8,-1.9,0.36,10.5,14000,697.3,707.8,702.55,,0.76
2002-03-01,58,680.6,,,98.959,400.405,0.21,3.8,-1.9,0.36,10.5,14000,697.3,707.8,702.55,,0.76
2002-04-01,58,680.8,,,96.831,374.786,0.21,3.8,-1.9,0.36,10.5,14000,697.3,707.8,702.55,,0.76
2002-05-01,58,673.2,,,102.672,214.667,0.21,3.8,-1.9,0.36,10.5,14000,697.3,707.8,702.55,,0.76
2002-06-01,58,678.3,,,106.459,307.143,0.21,3.8,-1.9,0.36,10.5,14000,697.3,707.8,702.55,,0.76
2002-07-01,58,,,,103.555,391.31,0.21,3.8,-1.9,0.36,10.5,14000,697.3,707.8,702.55,,0.76
2002-08-01,58,668.6,,,92.02,374.19,0.21,3.8,-1.9,0.36,10.5,14000,697.3,707.8,702.55,,0.76
2002-09-01,58,,,,84.605,386.0,0.21,3.8,-1.9,0.36,10.5,14000,697.3,707.8,702.55,,0.76
2002-10-01,58,680.7,,,101.685,416.857,0.21,3.8,-1.9,0.36,10.5,14000,697.3,707.8,702.55,,0.76
2002-11-01,58,680.7,,,96.75,423.667,0.21,3.8,-1.9,0.36,10.5,14000,697.3,707.8,702.55,,0.76
2002-12-01,58,643.4,,,115.867,460.071,0.21,3.8,-1.9,0.36,10.5,14000,697.3,707.8,702.55,,0.76
2003-01-01,58,635.1,,,114.518,541.357,0.21,3.8,-1.9,0.36,10.5,14000,697.3,707.8,702.55,,0.76
2003-02-01,58,665.8,,,99.544,420.024,0.21,3.8,-1.9,0.36,10.5,14000,697.3,707.8,702.55,,0.76
2003-03-01,58,621.2,,,122.675,410.595,0.21,3.8,-1.9,0.36,10.5,14000,697.3,707.8,702.55,,0.76
2003-04-01,58,617.0,,,118.904,456.429,0.21,3.8,-1.9,0.36,10.5,14000,697.3,707.8,702.55,,0.76
2003-05-01,58,643.0,,,116.947,477.262,0.21,3.8,-1.9,0.36,10.5,14000,697.3,707.8,702.55,,0.76
2003-06-01,58,629.0,,,111.854,361.952,0.21,3.8,-1.9,0.36,10.5,14000,697.3,707.8,702.55,,0.76
2003-07-01,58,,,,105.757,348.214,0.21,3.8,-1.9,0.36,10.5,14000,697.3,707.8,702.55,,0.76
2003-08-01,58,647.9,,,98.216,247.952,0.21,3.8,-1.9,0.36,10.5,14000,697.3,707.8,702.55,,0.76
2003-09-01,58,,,,82.297,326.857,0.21,3.8,-1.9,0.36,10.5,14000,697.3,707.8,702.55,,0.76
2003-10-01,58,,,,93.518,279.048,0.21,3.8,-1.9,0.36,10.5,14000,697.3,707.8,702.55,,0.76
2003-11-01,58,,,,95.27,348.643,0.21,3.8,-1.9,0.36,10.5,14000,697.3,707.8,702.55,,0.76
2003-12-01,58,,,,103.258,364.357,0.21,3.8,-1.9,0.36,10.5,14000,697.3,707.8,702.55,,0.76
2004-01-01,58,670.0,,,90.273,242.357,0.21,3.8,-1.9,0.36,10.5,14000,697.3,707.8,702.55,,0.76
2004-02-01,58,669.3,,,83.402,289.952,0.21,3.8,-1.9,0.36,10.5,14000,697.3,707.8,702.55,,0.76
2004-03-01,58,672.1,,,92.102,298.071,0.21,3.8,-1.9,0.36,10.5,14000,697.3,707.8,702.55,,0.76
2004-04-01,58,676.2,,,79.488,257.286,0.21,3.8,-1.9,0.36,10.5,14000,697.3,707.8,702.55,,0.76
2004-05-01,58,672.1,,,87.439,221.238,0.21,3.8,-1.9,0.36,10.5,14000,697.3,707.8,702.55,,0.76
2004-06-01,58,662.2,,,96.833,289.238,0.21,3.8,-1.9,0.36,10.5,14000,697.3,707.8,702.55,,0.76
2004-07-01,58,640.9,,,98.733,262.31,0.21,3.8,-1.9,0.36,10.5,14000,697.3,707.8,702.55,,0.76
2004-08-01,58,666.7,,,91.395,240.357,0.21,3.8,-1.9,0.36,10.5,14000,697.3,707.8,702.55,,0.76
2004-09-01,58,663.5,,,94.931,415.762,0.21,3.8,-1.9,0.36,10.5,14000,697.3,707.8,702.55,,0.76
2004-10-01,58,657.2,,,94.614,330.0,0.21,3.8,-1.9,0.36,10.5,14000,697.3,707.8,702.55,,0.76
2004-11-01,58,655.9,,,85.199,323.286,0.21,3.8,-1.9,0.36,10.5,14000,697.3,707.8,702.55,,0.76
2004-12-01,58,652.1,,,91.87,338.714,0.21,3.8,-1.9,0.36,10.5,14000,697.3,707.8,702.55,,0.76
2005-01-01,58,654.0,,,89.312,326.119,0.21,3.8,-1.9,0.36,10.5,14000,697.3,707.8,702.55,,0.76
2005-02-01,58,655.2,,,82.974,258.333,0.21,3.8,-1.9,0.36,10.5,14000,697.3,707.8,702.55,,0.76
2005-03-01,58,650.8,,,96.742,216.714,0.21,3.8,-1.9,0.36,10.5,14000,697.3,707.8,702.55,,0.76
2005-04-01,58,648.0,,,88.464,194.524,0.21,3.8,-1.9,0.36,10.5,14000,697.3,707.8,702.55,,0.76
2005-05-01,58,668.1,,,79.267,177.071,0.21,3.8,-1.9,0.36,10.5,14000,697.3,707.8,702.55,,0.76
2005-06-01,58,652.7,,,90.993,232.667,0.21,3.8,-1.9,0.36,10.5,14000,697.3,707.8,702.55,,0.76
2005-07-01,58,648.5,,,93.468,341.5,0.21,3.8,-1.9,0.36,10.5,14000,697.3,707.8,702.55,,0.76
2005-08-01,58,645.3,,,97.143,355.81,0.21,3.8,-1.9,0.36,10.5,14000,697.3,707.8,702.55,,0.76
2005-09-01,58,651.8,,,94.307,346.595,0.21,3.8,-1.9,0.36,10.5,14000,697.3,707.8,702.55,,0.76
2005-10-01,58,645.7,,,98.552,367.024,0.21,3.8,-1.9,0.36,10.5,14000,697.3,707.8,702.55,,0.76
2005-11-01,58,639.4,,,84.482,341.762,0.21,3.8,-1.9,0.36,10.5,14000,697.3,707.8,702.55,,0.76
2005-12-01,58,641.5,,,93.404,348.429,0.21,3.8,-1.9,0.36,10.5,14000,697.3,707.8,702.55,,0.76
2006-01-01,58,655.6,,,84.254,358.929,0.21,3.8,-1.9,0.36,10.5,14000,697.3,707.8,702.55,864.0,0.76
2006-02-01,58,648.4,,,77.898,345.119,0.21,3.8,-1.9,0.36,10.5,14000,697.3,707.8,702.55,,0.76
2006-03-01,58,647.8,,,93.491,415.738,0.21,3.8,-1.9,0.36,10.5,14000,697.3,707.8,702.55,,0.76
2006-04-01,58,646.2,,,85.399,316.548,0.21,3.8,-1.9,0.36,10.5,14000,697.3,707.8,702.55,,0.76
2006-05-01,58,646.2,,,85.907,306.333,0.21,3.8,-1.9,0.36,10.5,14000,697.3,707.8,702.55,,0.76
2006-06-01,58,642.0,,,84.742,266.905,0.21,3.8,-1.9,0.36,10.5,14000,697.3,707.8,702.55,,0.76
2006-07-01,58,643.1,,,86.156,323.952,0.21,3.8,-1.9,0.36,10.5,14000,697.3,707.8,702.55,,0.76
2006-08-01,58,640.1,,,85.401,333.976,0.21,3.8,-1.9,0.36,10.5,14000,697.3,707.8,702.55,,0.76
2006-09-01,58,640.1,,,88.158,334.833,0.21,3.8,-1.9,0.36,10.5,14000,697.3,707.8,702.55,,0.76
2006-10-01,58,625.7,,,90.085,329.905,0.21,3.8,-1.9,0.36,10.5,14000,697.3,707.8,702.55,,0.76
2006-11-01,58,633.7,,,87.988,306.786,0.21,3.8,-1.9,0.36,10.5,14000,697.3,707.8,702.55,,0.76
2006-12-01,58,633.9,,,89.471,323.119,0.21,3.8,-1.9,0.36,10.5,14000,697.3,707.8,702.55,,0.76
2007-01-01,58,632.2,,,86.65,329.262,0.21,3.8,-1.9,0.36,10.5,14000,697.3,707.8,702.55,,0.76
2007-02-01,58,627.6,,,79.676,280.024,0.21,3.8,-1.9,0.36,10.5,14000,697.3,707.8,702.55,,0.76
2007-03-01,58,624.4,,,87.786,344.357,0.21,3.8,-1.9,0.36,10.5,14000,697.3,707.8,702.55,,0.76
2007-04-01,58,626.6,,,88.74,352.31,0.21,3.8,-1.9,0.36,10.5,14000,697.3,707.8,702.55,,0.76
2007-05-01,58,616.5,,,92.455,361.714,0.21,3.8,-1.9,0.36,10.5,14000,697.3,707.8,702.55,,0.76
2007-06-01,58,632.6,,,88.228,362.643,0.21,3.8,-1.9,0.36,10.5,14000,697.3,707.8,702.55,,0.76
2007-07-01,58,617.7,,,90.827,385.69,0.21,3.8,-1.9,0.36,10.5,14000,697.3,707.8,702.55,,0.76
2007-08-01,58,610.5,,,93.83,404.976,0.21,3.8,-1.9,0.36,10.5,14000,697.3,707.8,702.55,,0.76
2007-09-01,58,618.9,,,90.642,399.024,0.21,3.8,-1.9,0.36,10.5,14000,697.3,707.8,702.55,,0.76
2007-10-01,58,618.7,,,93.073,413.524,0.21,3.8,-1.9,0.36,10.5,14000,697.3,707.8,702.55,,0.76
2007-11-01,58,614.0,,,81.469,387.762,0.21,3.8,-1.9,0.36,10.5,14000,697.3,707.8,702.55,,0.76
2007-12-01,58,613.4,,,90.539,475.833,0.21,3.8,-1.9,0.36,10.5,14000,697.3,707.8,702.55,,0.76
2008-01-01,58,609.8,,,90.532,446.381,0.21,3.8,-1.9,0.36,10.5,14000,697.3,707.8,702.55,,0.76
2008-02-01,58,601.3,,,80.203,346.452,0.21,3.8,-1.9,0.36,10.5,14000,697.3,707.8,702.55,,0.76
2008-03-01,58,607.4,,,92.925,287.476,0.21,3.8,-1.9,0.36,10.5,14000,697.3,707.8,702.55,,0.76
2008-04-01,58,617.2,,,84.304,247.786,0.21,3.8,-1.9,0.36,10.5,14000,697.3,707.8,702.55,,0.76
2008-05-01,58,629.3,,,78.851,275.714,0.21,3.8,-1.9,0.36,10.5,14000,697.3,707.8,702.55,,0.76
2008-06-01,58,609.8,,,87.149,318.071,0.21,3.8,-1.9,0.36,10.5,14000,697.3,707.8,702.55,,0.76
2008-07-01,58,608.3,,,89.719,324.548,0.21,3.8,-1.9,0.36,10.5,14000,697.3,707.8,702.55,,0.76
2008-08-01,58,603.9,,,95.591,367.143,0.21,3.8,-1.9,0.36,10.5,14000,697.3,707.8,702.55,,0.76
2008-09-01,58,603.4,,,91.023,349.595,0.21,3.8,-1.9,0.36,10.5,14000,697.3,707.8,702.55,,0.76
2008-10-01,58,607.4,,,93.285,345.738,0.21,3.8,-1.9,0.36,10.5,14000,697.3,707.8,702.55,,0.76
2008-11-01,58,601.0,,,92.734,307.976,0.21,3.8,-1.9,0.36,10.5,14000,697.3,707.8,702.55,,0.76
2008-12-01,58,600.6,,,93.847,503.0,0.21,3.8,-1.9,0.36,10.5,14000,697.3,707.8,702.55,,0.76
2009-01-01,58,598.5,,,93.773,531.333,0.21,3.8,-1.9,0.36,10.5,14000,697.3,707.8,702.55,,0.76
2009-02-01,58,600.2,,,80.801,383.214,0.21,3.8,-1.9,0.36,10.5,14000,697.3,707.8,702.55,,0.76
2009-03-01,58,609.5,,,78.748,319.048,0.21,3.8,-1.9,0.36,10.5,14000,697.3,707.8,702.55,,0.76
2009-04-01,58,618.4,,,68.968,197.357,0.21,3.8,-1.9,0.36,10.5,14000,697.3,707.8,702.55,,0.76
2009-05-01,58,591.4,,,87.959,246.119,0.21,3.8,-1.9,0.36,10.5,14000,697.3,707.8,702.55,,0.76
2009-06-01,58,571.4,,,95.873,268.19,0.21,3.8,-1.9,0.36,10.5,14000,697.3,707.8,702.55,,0.76
2009-07-01,58,574.9,,,100.168,283.548,0.21,3.8,-1.9,0.36,10.5,14000,697.3,707.8,702.55,,0.76
2009-08-01,58,571.4,,,101.05,286.071,0.21,3.8,-1.9,0.36,10.5,14000,697.3,707.8,702.55,,0.76
2009-09-01,58,567.4,,,96.962,274.476,0.21,3.8,-1.9,0.36,10.5,14000,697.3,707.8,702.55,,0.76
2009-10-01,58,557.6,,,105.006,297.405,0.21,3.8,-1.9,0.36,10.5,14000,697.3,707.8,702.55,,0.76
2009-11-01,58,554.4,,,99.382,607.357,0.21,3.8,-1.9,0.36,10.5,14000,697.3,707.8,702.55,,0.76
2009-12-01,58,590.4,,,80.403,484.405,0.21,3.8,-1.9,0.36,10.5,14000,697.3,707.8,702.55,,0.76
2010-01-01,58,590.1,,,76.171,456.357,0.21,3.8,-1.9,0.36,10.5,14000,697.3,707.8,702.55,803.0,0.76
2010-02-01,58,596.9,,,73.656,272.881,0.21,3.8,-1.9,0.36,10.5,14000,697.3,707.8,702.55,,0.76
2010-03-01,58,583.2,,,82.796,304.786,0.21,3.8,-1.9,0.36,10.5,14000,697.3,707.8,702.55,,0.76
2010-04-01,58,589.2,,,78.712,195.786,0.21,3.8,-1.9,0.36,10.5,14000,697.3,707.8,702.55,,0.76
2010-05-01,58,593.2,,,80.482,128.524,0.21,3.8,-1.9,0.36,10.5,14000,697.3,707.8,702.55,,0.76
2010-06-01,58,591.3,,,80.793,129.0,0.21,3.8,-1.9,0.36,10.5,14000,697.3,707.8,702.55,,0.76
2010-07-01,58,572.9,,,84.779,135.405,0.21,3.8,-1.9,0.36,10.5,14000,697.3,707.8,702.55,,0.76
2010-08-01,58,579.4,,,79.397,507.214,0.21,3.8,-1.9,0.36,10.5,14000,697.3,707.8,702.55,,0.76
2010-09-01,58,578.8,,,80.436,597.095,0.21,3.8,-1.9,0.36,10.5,14000,697.3,707.8,702.55,,0.76
2010-10-01,58,581.8,,,78.549,570.69,0.21,3.8,-1.9,0.36,10.5,14000,697.3,707.8,702.55,,0.76
2010-11-01,58,572.8,,,74.638,326.214,0.21,3.8,-1.9,0.36,10.5,14000,697.3,707.8,702.55,,0.76
2010-12-01,58,570.7,,,74.293,303.738,0.21,3.8,-1.9,0.36,10.5,14000,697.3,707.8,702.55,,0.76
2011-01-01,58,569.5,,,87.102,327.429,0.21,3.8,-1.9,0.36,10.5,14000,697.3,707.8,702.55,,0.76
2011-02-01,58,570.1,,,78.564,271.786,0.21,3.8,-1.9,0.36,10.5,14000,697.3,707.8,702.55,,0.76
2011-03-01,58,570.8,,,82.089,310.381,0.21,3.8,-1.9,0.36,10.5,14000,697.3,707.8,702.55,,0.76
2011-04-01,58,567.2,,,81.284,303.167,0.21,3.8,-1.9,0.36,10.5,14000,697.3,707.8,702.55,,0.76
2011-05-01,58,576.5,,,81.415,317.833,0.21,3.8,-1.9,0.36,10.5,14000,697.3,707.8,702.55,,0.76
2011-06-01,58,566.9,,,77.631,325.548,0.21,3.8,-1.9,0.36,10.5,14000,697.3,707.8,702.55,,0.76
2011-07-01,58,570.4,,,76.193,319.524,0.21,3.8,-1.9,0.36,10.5,14000,697.3,707.8,702.55,,0.76
2011-08-01,58,567.7,,,80.108,351.071,0.21,3.8,-1.9,0.36,10.5,14000,697.3,707.8,702.55,,0.76
2011-09-01,58,581.5,,,75.885,332.5,0.21,3.8,-1.9,0.36,10.5,14000,697.3,707.8,702.55,,0.76
2011-10-01,58,569.5,,,79.532,448.5,0.21,3.8,-1.9,0.36,10.5,14000,697.3,707.8,702.55,,0.76
2011-11-01,58,558.6,,,79.96,505.143,0.21,3.8,-1.9,0.36,10.5,14000,697.3,707.8,702.55,,0.76
2011-12-01,58,549.6,,,87.42,552.286,0.21,3.8,-1.9,0.36,10.5,14000,697.3,707.8,702.55,,0.76
2012-01-01,58,544.8,,,85.615,507.667,0.21,3.8,-1.9,0.36,10.5,14000,697.3,707.8,702.55,765.0,0.76
2012-02-01,58,540.1,,,84.933,415.19,0.21,3.8,-1.9,0.36,10.5,14000,697.3,707.8,702.55,,0.76
2012-03-01,58,549.5,,,82.31,414.929,0.21,3.8,-1.9,0.36,10.5,14000,697.3,707.8,702.55,,0.76
2012-04-01,58,544.1,,,82.939,399.048,0.21,3.8,-1.9,0.36,10.5,14000,697.3,707.8,702.55,,0.76
2012-05-01,58,543.8,,,81.626,448.119,0.21,3.8,-1.9,0.36,10.5,14000,697.3,707.8,702.55,,0.76
2012-06-01,58,544.2,,,86.629,472.214,0.21,3.8,-1.9,0.36,10.5,14000,697.3,707.8,702.55,,0.76
2012-07-01,58,555.8,,,85.853,462.262,0.21,3.8,-1.9,0.36,10.5,14000,697.3,707.8,702.55,,0.76
2012-08-01,58,539.1,,,81.7,380.595,0.21,3.8,-1.9,0.36,10.5,14000,697.3,707.8,702.55,,0.76
2012-09-01,58,547.6,,,77.182,393.452,0.21,3.8,-1.9,0.36,10.5,14000,697.3,707.8,702.55,,0.76
2012-10-01,58,541.1,,,80.754,439.905,0.21,3.8,-1.9,0.36,10.5,14000,697.3,707.8,702.55,,0.76
2012-11-01,58,532.3,,,82.915,432.5,0.21,3.8,-1.9,0.36,10.5,14000,697.3,707.8,702.55,,0.76
2012-12-01,58,555.9,,,72.992,341.714,0.21,3.8,-1.9,0.36,10.5,14000,697.3,707.8,702.55,,0.76
2013-01-01,58,557.6,,,74.151,365.19,0.21,3.8,-1.9,0.36,10.5,14000,697.3,707.8,702.55,,0.76
2013-02-01,58,547.1,,,69.46,354.833,0.21,3.8,-1.9,0.36,10.5,14000,697.3,707.8,702.55,,0.76
2013-03-01,58,554.1,,,72.08,292.571,0.21,3.8,-1.9,0.36,10.5,14000,697.3,707.8,702.55,,0.76
2013-04-01,58,567.4,,,67.809,277.452,0.21,3.8,-1.9,0.36,10.5,14000,697.3,707.8,702.55,,0.76
2013-05-01,58,540.7,,,76.328,322.238,0.21,3.8,-1.9,0.36,10.5,14000,697.3,707.8,702.55,,0.76
2013-06-01,58,549.5,,,72.414,255.952,0.21,3.8,-1.9,0.36,10.5,14000,697.3,707.8,702.55,,0.76
2013-07-01,58,536.2,,,80.532,338.667,0.21,3.8,-1.9,0.36,10.5,14000,697.3,707.8,702.55,,0.76
2013-08-01,58,535.2,,,78.879,315.643,0.21,3.8,-1.9,0.36,10.5,14000,697.3,707.8,702.55,,0.76
2013-09-01,58,531.9,,,81.223,360.69,0.21,3.8,-1.9,0.36,10.5,14000,697.3,707.8,702.55,,0.76
2013-10-01,58,526.8,,,87.358,413.381,0.21,3.8,-1.9,0.36,10.5,14000,697.3,707.8,702.55,,0.76
2013-11-01,58,530.0,,,86.395,412.095,0.21,3.8,-1.9,0.36,10.5,14000,697.3,707.8,702.55,,0.76
2013-12-01,58,522.2,,,86.314,414.619,0.21,3.8,-1.9,0.36,10.5,14000,697.3,707.8,702.55,,0.76
2014-01-01,58,524.4,,,86.99,456.048,0.21,3.8,-1.9,0.36,10.5,14000,697.3,707.8,702.55,,0.76
2014-02-01,58,521.8,,,76.548,370.833,0.21,3.8,-1.9,0.36,10.5,14000,697.3,707.8,702.55,,0.76
2014-03-01,58,517.5,,,82.899,408.238,0.21,3.8,-1.9,0.36,10.5,14000,697.3,707.8,702.55,,0.76
2014-04-01,58,542.1,,,71.866,295.381,0.21,3.8,-1.9,0.36,10.5,14000,697.3,707.8,702.55,,0.76
2014-05-01,58,530.9,,,76.592,347.238,0.21,3.8,-1.9,0.36,10.5,14000,697.3,707.8,702.55,,0.76
2014-06-01,58,535.5,,,81.072,253.619,0.21,3.8,-1.9,0.36,10.5,14000,697.3,707.8,702.55,,0.76
2014-07-01,58,505.2,,,85.911,259.548,0.21,3.8,-1.9,0.36,10.5,14000,697.3,707.8,702.55,,0.76
2014-08-01,58,509.5,,,86.753,263.333,0.21,3.8,-1.9,0.36,10.5,14000,697.3,707.8,702.55,,0.76
2014-09-01,58,534.8,,,78.829,232.405,0.21,3.8,-1.9,0.36,10.5,14000,697.3,707.8,702.55,,0.76
2014-10-01,58,505.6,,,86.359,275.571,0.21,3.8,-1.9,0.36,10.5,14000,697.3,707.8,702.55,,0.76
2014-11-01,58,507.8,,,83.001,264.881,0.21,3.8,-1.9,0.36,10.5,14000,697.3,707.8,702.55,,0.76
2014-12-01,58,496.4,,,86.542,276.167,0.21,3.8,-1.9,0.36,10.5,14000,697.3,707.8,702.55,,0.76
2015-01-01,58,479.6,,,82.103,261.976,0.21,3.8,-1.9,0.36,10.5,14000,697.3,707.8,702.55,,0.76
2015-02-01,58,500.1,,,79.19,252.69,0.21,3.8,-1.9,0.36,10.5,14000,697.3,707.8,702.55,,0.76
2015-03-01,58,494.1,,,88.918,303.119,0.21,3.8,-1.9,0.36,10.5,14000,697.3,707.8,702.55,,0.76
2015-04-01,58,513.4,,,86.757,295.762,0.21,3.8,-1.9,0.36,10.5,14000,697.3,707.8,702.55,,0.76
2015-05-01,58,513.9,,,79.64,271.476,0.21,3.8,-1.9,0.36,10.5,14000,697.3,707.8,702.55,,0.76
2015-06-01,58,487.8,,,82.861,272.119,0.21,3.8,-1.9,0.36,10.5,14000,697.3,707.8,702.55,,0.76
2015-07-01,58,486.8,,,85.721,281.5,0.21,3.8,-1.9,0.36,10.5,14000,697.3,707.8,702.55,,0.76
2015-08-01,58,486.7,48.0,31.0,86.143,284.452,0.21,3.8,-1.9,0.36,10.5,14000,697.3,707.8,702.55,,0.76
2015-09-01,58,483.9,48.0,30.0,85.684,280.357,0.21,3.8,-1.9,0.36,10.5,14000,697.3,707.8,702.55,,0.76
2015-10-01,58,477.5,48.0,31.0,89.273,292.0,0.21,3.8,-1.9,0.36,10.5,14000,697.3,707.8,702.55,,0.76
2015-11-01,58,485.4,48.0,30.0,81.907,267.976,0.21,3.8,-1.9,0.36,10.5,14000,697.3,707.8,702.55,,0.76
2015-12-01,58,465.7,48.0,31.0,88.948,291.857,0.21,3.8,-1.9,0.36,10.5,14000,697.3,707.8,702.55,,0.76
2016-01-01,58,471.5,48.0,31.0,92.687,304.214,0.21,3.8,-1.9,0.36,10.5,14000,697.3,707.8,702.55,,0.76
2016-02-01,58,444.5,48.0,29.0,94.689,310.714,0.21,3.8,-1.9,0.36,10.5,14000,697.3,707.8,702.55,,0.76
2016-03-01,58,441.3,48.0,31.0,99.627,326.952,0.21,3.8,-1.9,0.36,10.5,14000,697.3,707.8,702.55,,0.76
2016-04-01,58,442.2,48.0,30.0,96.863,318.024,0.21,3.8,-1.9,0.36,10.5,14000,697.3,707.8,702.55,,0.76
2016-05-01,58,447.5,48.0,31.0,99.465,326.5,0.21,3.8,-1.9,0.36,10.5,14000,697.3,707.8,702.55,,0.76
2016-06-01,58,427.0,48.0,30.0,100.908,331.238,0.21,3.8,-1.9,0.36,10.5,14000,697.3,707.8,702.55,,0.76
2016-07-01,58,394.5,48.0,31.0,103.877,341.048,0.21,3.8,-1.9,0.36,10.5,14000,697.3,707.8,702.55,,0.76
2016-08-01,58,423.5,48.0,31.0,105.681,347.0,0.21,3.8,-1.9,0.36,10.5,14000,697.3,707.8,702.55,,0.76
2016-09-01,58,422.7,48.0,27.0,92.547,303.881,0.21,3.8,-1.9,0.36,10.5,14000,697.3,707.8,702.55,,0.76
2016-10-01,58,442.4,48.0,31.0,98.905,324.667,0.21,3.8,-1.9,0.36,10.5,14000,697.3,707.8,702.55,,0.76
2016-11-01,58,411.5,48.0,30.0,102.777,337.405,0.21,3.8,-1.9,0.36,10.5,14000,697.3,707.8,702.55,,0.76
2016-12-01,58,413.5,48.0,31.0,104.553,343.167,0.21,3.8,-1.9,0.36,10.5,14000,697.3,707.8,702.55,,0.76
2017-01-01,58,410.9,48.0,31.0,97.776,320.976,0.21,3.8,-1.9,0.36,10.5,14000,697.3,707.8,702.55,,0.76
2017-02-01,58,409.1,48.0,28.0,91.858,329.333,0.21,3.8,-1.9,0.36,10.5,14000,697.3,707.8,702.55,,0.76
2017-03-01,58,411.5,48.0,31.0,102.021,365.69,0.21,3.8,-1.9,0.36,10.5,14000,697.3,707.8,702.55,,0.76
2017-04-01,58,393.0,48.0,29.0,96.928,347.5,0.21,3.8,-1.9,0.36,10.5,14000,697.3,707.8,702.55,,0.76
2017-05-01,58,396.2,48.0,31.0,103.624,371.548,0.21,3.8,-1.9,0.36,10.5,14000,697.3,707.8,702.55,,0.76
2017-06-01,58,394.5,48.0,30.0,103.531,387.881,0.21,3.8,-1.9,0.36,10.5,14000,697.3,707.8,702.55,,0.76
2017-07-01,58,394.5,48.0,31.0,104.922,393.024,0.21,3.8,-1.9,0.36,10.5,14000,697.3,707.8,702.55,,0.76
2017-08-01,58,403.7,48.0,31.0,104.751,1198.048,0.21,3.8,-1.9,0.36,10.5,14000,697.3,707.8,702.55,,0.76
2017-09-01,58,393.5,48.0,30.0,99.754,1140.143,0.21,3.8,-1.9,0.36,10.5,14000,697.3,707.8,702.55,,0.76
2017-10-01,58,403.7,48.0,31.0,97.303,1112.167,0.21,3.8,-1.9,0.36,10.5,14000,697.3,707.8,702.55,,0.76
2017-11-01,58,378.5,48.0,30.0,97.907,1122.357,0.21,3.8,-1.9,0.36,10.5,14000,697.3,707.8,702.55,,0.76
2017-12-01,58,378.3,48.0,31.0,103.837,1190.429,0.21,3.8,-1.9,0.36,10.5,14000,697.3,707.8,702.55,,0.76
2018-01-01,58,371.5,48.0,31.0,108.531,1244.286,0.21,3.8,-1.9,0.36,10.5,14000,697.3,707.8,702.55,,0.76
2018-02-01,58,357.6,48.0,28.0,95.472,1094.571,0.21,3.8,-1.9,0.36,10.5,14000,697.3,707.8,702.55,,0.76
2018-03-01,58,355.8,48.0,31.0,105.755,1212.381,0.21,3.8,-1.9,0.36,10.5,14000,697.3,707.8,702.55,,0.76
2018-04-01,58,350.9,48.0,30.0,107.09,1227.667,0.21,3.8,-1.9,0.36,10.5,14000,697.3,707.8,702.55,,0.76
2018-05-01,58,351.3,48.0,23.0,83.294,955.024,0.21,3.8,-1.9,0.36,10.5,14000,697.3,707.8,702.55,,0.76
2018-06-01,58,339.2,48.0,30.0,110.113,1370.167,0.21,3.8,-1.9,0.36,10.5,14000,697.3,707.8,702.55,,0.76
2018-07-01,58,356.2,48.0,31.0,109.054,1362.214,0.21,3.8,-1.9,0.36,10.5,14000,697.3,707.8,702.55,,0.76
2018-08-01,58,335.1,48.0,31.0,111.867,1328.357,0.21,3.8,-1.9,0.36,10.5,14000,697.3,707.8,702.55,,0.76
2018-09-01,58,334.5,48.0,26.0,95.693,1099.905,0.21,3.8,-1.9,0.36,10.5,14000,697.3,707.8,702.55,,0.76
2018-10-01,58,332.0,48.0,31.0,110.993,1315.31,0.21,3.8,-1.9,0.36,10.5,14000,697.3,707.8,702.55,,0.76
2018-11-01,58,332.0,48.0,30.0,105.0,1164.31,0.21,3.8,-1.9,0.36,10.5,14000,697.3,707.8,702.55,,0.76
2018-12-01,58,367.2,48.0,31.0,106.362,1199.952,0.21,3.8,-1.9,0.36,10.5,14000,697.3,707.8,702.55,,0.76
2019-01-01,58,355.4,48.0,31.0,101.864,1116.19,0.21,3.8,-1.9,0.36,10.5,14000,697.3,707.8,702.55,,0.76
2019-02-01,58,361.2,48.0,28.0,90.995,1005.167,0.21,3.8,-1.9,0.36,10.5,14000,697.3,707.8,702.55,,0.76
2019-03-01,58,362.2,48.0,31.0,99.339,1100.238,0.21,3.8,-1.9,0.36,10.5,14000,697.3,707.8,702.55,,0.76
2019-04-01,58,357.0,48.0,30.0,95.624,1111.357,0.21,3.8,-1.9,0.36,10.5,14000,697.3,707.8,702.55,,0.76
2019-05-01,58,,48.0,31.0,96.41,1105.476,0.21,3.8,-1.9,0.36,10.5,14000,697.3,707.8,702.55,,0.76
2019-06-01,58,331.7,48.0,30.0,94.698,1085.738,0.21,3.8,-1.9,0.36,10.5,14000,697.3,707.8,702.55,,0.76
2019-07-01,58,361.3,48.0,31.0,95.868,1098.952,0.21,3.8,-1.9,0.36,10.5,14000,697.3,707.8,702.55,,0.76
2019-08-01,58,343.3,48.0,31.0,101.694,1165.81,0.21,3.8,-1.9,0.36,10.5,14000,697.3,707.8,702.55,,0.76
2019-09-01,58,333.5,48.0,30.0,97.096,1113.143,0.21,3.8,-1.9,0.36,10.5,14000,697.3,707.8,702.55,,0.76
2019-10-01,58,375.0,48.0,31.0,95.064,1089.81,0.21,3.8,-1.9,0.36,10.5,14000,697.3,707.8,702.55,,0.76
2019-11-01,58,368.7,48.0,30.0,86.752,994.714,0.21,3.8,-1.9,0.36,10.5,14000,697.3,707.8,702.55,,0.76
2019-12-01,58,367.0,48.0,31.0,97.293,1134.786,0.21,3.8,-1.9,0.36,10.5,14000,697.3,707.8,702.55,,0.76
2020-01-01,58,323.7,48.0,31.0,104.575,1198.833,0.21,3.8,-1.9,0.36,10.5,14000,697.3,707.8,702.55,,0.76
2020-02-01,58,330.5,48.0,29.0,90.69,1084.048,0.21,3.8,-1.9,0.36,10.5,14000,697.3,707.8,702.55,,0.76
2020-03-01,58,330.5,48.0,31.0,95.667,1117.857,0.21,3.8,-1.9,0.36,10.5,14000,697.3,707.8,702.55,,0.76
2020-06-01,58,,48.0,30.0,92.151,1056.333,0.21,3.8,-1.9,0.36,10.5,14000,697.3,707.8,702.55,,0.76
2020-07-01,58,318.5,48.0,31.0,100.582,1153.095,0.21,3.8,-1.9,0.36,10.5,14000,697.3,707.8,702.55,,0.76
2020-08-01,58,318.5,48.0,31.0,99.774,1143.81,0.21,3.8,-1.9,0.36,10.5,14000,697.3,707.8,702.55,,0.76
2020-09-01,58,302.1,48.0,30.0,96.624,1107.905,0.21,3.8,-1.9,0.36,10.5,14000,697.3,707.8,702.55,,0.76
2020-10-01,58,313.5,48.0,31.0,97.886,1122.333,0.21,3.8,-1.9,0.36,10.5,14000,697.3,707.8,702.55,,0.76
2020-11-01,58,352.3,48.0,30.0,89.464,1025.619,0.21,3.8,-1.9,0.36,10.5,14000,697.3,707.8,702.55,,0.76
2020-12-01,58,291.9,48.0,30.0,96.446,1105.857,0.21,3.8,-1.9,0.36,10.5,14000,697.3,707.8,702.55,,0.76
2021-01-01,58,289.1,48.0,31.0,104.339,1196.214,0.21,3.8,-1.9,0.36,10.5,14000,697.3,707.8,702.55,,0.76
2021-02-01,58,279.3,48.0,28.0,89.002,1020.167,0.21,3.8,-1.9,0.36,10.5,14000,697.3,707.8,702.55,,0.76
2021-03-01,58,340.1,48.0,31.0,93.545,1072.476,0.21,3.8,-1.9,0.36,10.5,14000,697.3,707.8,702.55,,0.76
2021-04-01,58,277.9,48.0,30.0,95.771,1098.0,0.21,3.8,-1.9,0.36,10.5,14000,697.3,707.8,702.55,,0.76
2021-05-01,58,264.6,48.0,31.0,105.392,1208.238,0.21,3.8,-1.9,0.36,10.5,14000,697.3,707.8,702.55,,0.76
2021-06-01,58,264.6,48.0,30.0,99.532,1759.524,0.21,3.8,-1.9,0.36,10.5,14000,697.3,707.8,702.55,,0.76
2021-07-01,58,275.7,48.0,31.0,105.461,1837.333,0.21,3.8,-1.9,0.36,10.5,14000,697.3,707.8,702.55,,0.76
2021-08-01,58,271.2,48.0,31.0,107.81,1708.691,0.21,3.8,-1.9,0.36,10.5,14000,697.3,707.8,702.55,,0.76
2021-09-01,58,277.4,48.0,30.0,97.766,1549.667,0.21,3.8,-1.9,0.36,10.5,14000,697.3,707.8,702.55,,0.76
2021-10-01,58,267.4,48.0,31.0,107.003,1672.048,0.21,3.8,-1.9,0.36,10.5,14000,697.3,707.8,702.55,,0.76
2021-11-01,58,455.2,48.0,24.0,80.488,1275.952,0.21,3.8,-1.9,0.36,10.5,14000,697.3,707.8,702.55,,0.76
2021-12-01,58,246.4,48.0,31.0,107.379,1701.524,0.21,3.8,-1.9,0.36,10.5,14000,697.3,707.8,702.55,,0.76
2022-01-01,58,241.2,48.0,31.0,105.071,1509.31,0.21,3.8,-1.9,0.36,10.5,14000,697.3,707.8,702.55,,0.76
2022-02-01,58,254.0,48.0,28.0,91.471,1346.119,0.21,3.8,-1.9,0.36,10.5,14000,697.3,707.8,702.55,,0.76
2022-03-01,58,256.2,48.0,31.0,107.586,1704.952,0.21,3.8,-1.9,0.36,10.5,14000,697.3,707.8,702.55,,0.76
2022-04-01,58,228.5,48.0,30.0,103.215,1635.714,0.21,3.8,-1.9,0.36,10.5,14000,697.3,707.8,702.55,,0.76
2022-05-01,58,222.3,48.0,31.0,105.761,1675.762,0.21,3.8,-1.9,0.36,10.5,14000,697.3,707.8,702.55,,0.76
2022-06-01,58,237.0,48.0,30.0,100.438,1591.667,0.21,3.8,-1.9,0.36,10.5,14000,697.3,707.8,702.55,,0.76
2022-07-01,58,268.7,48.0,29.0,91.334,1447.571,0.21,3.8,-1.9,0.36,10.5,14000,697.3,707.8,702.55,,0.76
2022-08-01,58,224.4,48.0,31.0,102.175,1619.214,0.21,3.8,-1.9,0.36,10.5,14000,697.3,707.8,702.55,,0.76
2022-09-01,58,227.8,48.0,30.0,98.635,1563.143,0.21,3.8,-1.9,0.36,10.5,14000,697.3,707.8,702.55,,0.76
2022-10-01,58,250.9,48.0,31.0,98.421,1560.048,0.21,3.8,-1.9,0.36,10.5,14000,697.3,707.8,702.55,,0.76
2022-11-01,58,257.4,48.0,30.0,91.699,1453.476,0.21,3.8,-1.9,0.36,10.5,14000,697.3,707.8,702.55,,0.76
2022-12-01,58,231.7,48.0,31.0,101.06,1601.595,0.21,3.8,-1.9,0.36,10.5,14000,697.3,707.8,702.55,,0.76
2023-01-01,58,226.2,48.0,31.0,102.488,1624.024,0.21,3.8,-1.9,0.36,10.5,14000,697.3,707.8,702.55,,0.76
2023-02-01,58,226.2,48.0,28.0,93.813,1486.929,0.21,3.8,-1.9,0.36,10.5,14000,697.3,707.8,702.55,,0.76
2023-03-01,58,222.3,48.0,31.0,114.512,1815.0,0.21,3.8,-1.9,0.36,10.5,14000,697.3,707.8,702.55,,0.76
2023-04-01,58,222.3,,,,,0.21,3.8,-1.9,0.36,10.5,14000,697.3,707.8,702.55,,0.76
2023-05-01,58,226.8,48.0,31.0,96.872,1535.071,0.21,3.8,-1.9,0.36,10.5,14000,697.3,707.8,702.55,,0.76
2023-06-01,58,218.0,48.0,30.0,99.746,1580.643,0.21,3.8,-1.9,0.36,10.5,14000,697.3,707.8,702.55,,0.76
2023-07-01,58,212.9,48.0,31.0,102.044,1617.119,0.21,3.8,-1.9,0.36,10.5,14000,697.3,707.8,702.55,,0.76
2023-08-01,58,212.4,48.0,31.0,101.291,1605.214,0.21,3.8,-1.9,0.36,10.5,14000,697.3,707.8,702.55,,0.76
2023-09-01,58,215.5,48.0,30.0,97.66,1539.0,0.21,3.8,-1.9,0.36,10.5,14000,697.3,707.8,702.55,,0.76
2023-10-01,58,264.0,48.0,22.0,74.463,1179.738,0.21,3.8,-1.9,0.36,10.5,14000,697.3,707.8,702.55,,0.76
2023-11-01,58,232.4,48.0,30.0,96.566,1545.667,0.21,3.8,-1.9,0.36,10.5,14000,697.3,707.8,702.55,,0.76
2023-12-01,58,228.6,48.0,31.0,96.404,1828.0,0.21,3.8,-1.9,0.36,10.5,14000,697.3,707.8,702.55,,0.76
2024-01-01,58,215.2,48.0,31.0,95.899,1818.429,0.21,3.8,-1.9,0.36,10.5,14000,697.3,707.8,702.55,,0.76
2024-02-01,58,213.5,48.0,29.0,89.687,1700.643,0.21,3.8,-1.9,0.36,10.5,14000,697.3,707.8,702.55,,0.76
2024-03-01,58,211.3,48.0,31.0,91.365,1732.452,0.21,3.8,-1.9,0.36,10.5,14000,697.3,707.8,702.55,,0.76
2024-04-01,58,221.0,48.0,30.0,88.289,1674.119,0.21,3.8,-1.9,0.36,10.5,14000,697.3,707.8,702.55,,0.76
2024-05-01,58,475.3,48.0,20.0,54.677,1036.786,0.21,3.8,-1.9,0.36,10.5,14000,697.3,707.8,702.55,,0.76
2024-06-01,58,247.1,48.0,3.0,13.194,250.19,0.21,3.8,-1.9,0.36,10.5,14000,697.3,707.8,702.55,,0.76
2024-07-01,58,,48.0,31.0,101.788,1930.095,0.21,3.8,-1.9,0.36,10.5,14000,697.3,707.8,702.55,,0.76
2024-08-01,58,,48.0,31.0,100.397,1903.714,0.21,3.8,-1.9,0.36,10.5,14000,697.3,707.8,702.55,,0.76
2024-09-01,58,214.5,48.0,30.0,96.348,1826.952,0.21,3.8,-1.9,0.36,10.5,14000,697.3,707.8,702.55,,0.76
2024-10-01,58,,48.0,31.0,81.431,1544.095,0.21,3.8,-1.9,0.36,10.5,14000,697.3,707.8,702.55,,0.76
2024-11-01,58,217.2,48.0,30.0,65.934,1250.238,0.21,3.8,-1.9,0.36,10.5,14000,697.3,707.8,702.55,,0.76
2024-12-01,58,211.8,48.0,31.0,58.122,1102.095,0.21,3.8,-1.9,0.36,10.5,14000,697.3,707.8,702.55,,0.76
2025-01-01,58,210.1,48.0,31.0,67.623,1322.571,0.21,3.8,-1.9,0.36,10.5,14000,697.3,707.8,702.55,,0.76
2025-02-01,58,214.6,48.0,28.0,90.098,1712.0,0.21,3.8,-1.9,0.36,10.5,14000,697.3,707.8,702.55,,0.76
2025-03-01,58,201.9,48.0,31.0,102.073,1949.857,0.21,3.8,-1.9,0.36,10.5,14000,697.3,707.8,702.55,,0.76
2025-04-01,58,202.0,48.0,30.0,97.752,1765.857,0.21,3.8,-1.9,0.36,10.5,14000,697.3,707.8,702.55,,0.76
2025-05-01,58,208.0,48.0,31.0,93.118,1717.833,0.21,3.8,-1.9,0.36,10.5,14000,697.3,707.8,702.55,,0.76
2025-06-01,58,204.4,48.0,30.0,86.423,1535.714,0.21,3.8,-1.9,0.36,10.5,14000,697.3,707.8,702.55,,0.76
1995-01-01,61,774.7,,,224.03,,0.24,17.2,-0.5,0.31,12.0,12000,711.0,723.0,717.0,,0.8
1995-02-01,61,772.8,,,207.081,,0.24,17.2,-0.5,0.31,12.0,12000,711.0,723.0,717.0,,0.8
1995-04-01,61,870.7,,,70.42,,0.24,17.2,-0.5,0.31,12.0,12000,711.0,723.0,717.0,,0.8
1995-05-01,61,764.3,,,225.991,,0.24,17.2,-0.5,0.31,12.0,12000,711.0,723.0,717.0,,0.8
1995-06-01,61,847.3,,,141.777,,0.24,17.2,-0.5,0.31,12.0,12000,711.0,723.0,717.0,,0.8
1995-07-01,61,876.2,,,61.39,,0.24,17.2,-0.5,0.31,12.0,12000,711.0,723.0,717.0,,0.8
1995-08-01,61,840.0,,,64.898,,0.24,17.2,-0.5,0.31,12.0,12000,711.0,723.0,717.0,,0.8
1995-09-01,61,857.7,,,55.684,,0.24,17.2,-0.5,0.31,12.0,12000,711.0,723.0,717.0,,0.8
1995-10-01,61,841.0,,,67.932,,0.24,17.2,-0.5,0.31,12.0,12000,711.0,723.0,717.0,,0.8
1995-11-01,61,828.2,,,71.488,,0.24,17.2,-0.5,0.31,12.0,12000,711.0,723.0,717.0,,0.8
1995-12-01,61,795.3,,,149.68,,0.24,17.2,-0.5,0.31,12.0,12000,711.0,723.0,717.0,,0.8
1996-01-01,61,799.0,,,156.597,,0.24,17.2,-0.5,0.31,12.0,12000,711.0,723.0,717.0,,0.8
1996-02-01,61,796.0,,,148.702,,0.24,17.2,-0.5,0.31,12.0,12000,711.0,723.0,717.0,,0.8
1996-04-01,61,787.5,,,104.649,,0.24,17.2,-0.5,0.31,12.0,12000,711.0,723.0,717.0,,0.8
1996-05-01,61,787.5,,,168.517,,0.24,17.2,-0.5,0.31,12.0,12000,711.0,723.0,717.0,,0.8
1996-06-01,61,781.8,,,163.251,,0.24,17.2,-0.5,0.31,12.0,12000,711.0,723.0,717.0,,0.8
1996-07-01,61,777.9,,,161.635,,0.24,17.2,-0.5,0.31,12.0,12000,711.0,723.0,717.0,,0.8
1996-08-01,61,787.2,,,110.754,,0.24,17.2,-0.5,0.31,12.0,12000,711.0,723.0,717.0,,0.8
1996-09-01,61,839.0,,,85.37,,0.24,17.2,-0.5,0.31,12.0,12000,711.0,723.0,717.0,,0.8
1996-10-01,61,853.7,,,63.153,,0.24,17.2,-0.5,0.31,12.0,12000,711.0,723.0,717.0,,0.8
1996-11-01,61,848.0,,,57.93,,0.24,17.2,-0.5,0.31,12.0,12000,711.0,723.0,717.0,,0.8
1996-12-01,61,842.4,,,57.642,,0.24,17.2,-0.5,0.31,12.0,12000,711.0,723.0,717.0,,0.8
1998-07-01,61,783.2,,,63.541,,0.24,17.2,-0.5,0.31,12.0,12000,711.0,723.0,717.0,,0.8
1999-02-01,61,750.1,,,45.497,,0.24,17.2,-0.5,0.31,12.0,12000,711.0,723.0,717.0,,0.8
1999-07-01,61,747.1,,,165.592,,0.24,17.2,-0.5,0.31,12.0,12000,711.0,723.0,717.0,,0.8
1999-08-01,61,722.7,,,73.584,,0.24,17.2,-0.5,0.31,12.0,12000,711.0,723.0,717.0,,0.8
1999-10-01,61,743.8,,,137.286,,0.24,17.2,-0.5,0.31,12.0,12000,711.0,723.0,717.0,,0.8
2000-05-01,61,718.6,,,169.207,,0.24,17.2,-0.5,0.31,12.0,12000,711.0,723.0,717.0,,0.8
2000-06-01,61,714.5,,,160.551,,0.24,17.2,-0.5,0.31,12.0,12000,711.0,723.0,717.0,,0.8
2000-08-01,61,715.1,,,165.727,,0.24,17.2,-0.5,0.31,12.0,12000,711.0,723.0,717.0,,0.8
2000-11-01,61,714.3,,,132.57,,0.24,17.2,-0.5,0.31,12.0,12000,711.0,723.0,717.0,,0.8
2001-01-01,61,712.9,,,143.206,,0.24,17.2,-0.5,0.31,12.0,12000,711.0,723.0,717.0,,0.8
2001-02-01,61,713.0,,,100.633,,0.24,17.2,-0.5,0.31,12.0,12000,711.0,723.0,717.0,,0.8
2001-03-01,61,713.2,,,133.184,,0.24,17.2,-0.5,0.31,12.0,12000,711.0,723.0,717.0,,0.8
2001-05-01,61,719.4,,,143.491,,0.24,17.2,-0.5,0.31,12.0,12000,711.0,723.0,717.0,,0.8
2001-06-01,61,692.2,,,97.435,,0.24,17.2,-0.5,0.31,12.0,12000,711.0,723.0,717.0,,0.8
2001-07-01,61,709.5,,,120.949,,0.24,17.2,-0.5,0.31,12.0,12000,711.0,723.0,717.0,,0.8
2001-08-01,61,710.0,,,120.521,,0.24,17.2,-0.5,0.31,12.0,12000,711.0,723.0,717.0,,0.8
2001-09-01,61,710.0,,,100.627,,0.24,17.2,-0.5,0.31,12.0,12000,711.0,723.0,717.0,,0.8
2001-10-01,61,686.0,,,53.317,,0.24,17.2,-0.5,0.31,12.0,12000,711.0,723.0,717.0,,0.8
2001-11-01,61,703.2,,,125.304,,0.24,17.2,-0.5,0.31,12.0,12000,711.0,723.0,717.0,,0.8
2001-12-01,61,704.1,,,121.273,,0.24,17.2,-0.5,0.31,12.0,12000,711.0,723.0,717.0,,0.8
2002-01-01,61,,,,108.643,,0.24,17.2,-0.5,0.31,12.0,12000,711.0,723.0,717.0,,0.8
2002-02-01,61,701.8,,,92.006,,0.24,17.2,-0.5,0.31,12.0,12000,711.0,723.0,717.0,,0.8
2002-03-01,61,700.5,,,118.183,,0.24,17.2,-0.5,0.31,12.0,12000,711.0,723.0,717.0,,0.8
2002-04-01,61,680.1,,,93.817,,0.24,17.2,-0.5,0.31,12.0,12000,711.0,723.0,717.0,,0.8
2002-05-01,61,700.0,,,106.802,,0.24,17.2,-0.5,0.31,12.0,12000,711.0,723.0,717.0,,0.8
2002-06-01,61,696.5,,,112.994,,0.24,17.2,-0.5,0.31,12.0,12000,711.0,723.0,717.0,,0.8
2002-07-01,61,,,,116.479,,0.24,17.2,-0.5,0.31,12.0,12000,711.0,723.0,717.0,,0.8
2002-08-01,61,704.5,,,66.829,,0.24,17.2,-0.5,0.31,12.0,12000,711.0,723.0,717.0,,0.8
2002-09-01,61,,,,120.376,,0.24,17.2,-0.5,0.31,12.0,12000,711.0,723.0,717.0,,0.8
2002-10-01,61,676.3,,,67.36,,0.24,17.2,-0.5,0.31,12.0,12000,711.0,723.0,717.0,,0.8
2002-11-01,61,690.0,,,76.006,,0.24,17.2,-0.5,0.31,12.0,12000,711.0,723.0,717.0,,0.8
2002-12-01,61,620.2,,,86.566,,0.24,17.2,-0.5,0.31,12.0,12000,711.0,723.0,717.0,,0.8
2003-01-01,61,689.7,,,77.085,,0.24,17.2,-0.5,0.31,12.0,12000,711.0,723.0,717.0,,0.8
2003-02-01,61,698.6,,,84.565,,0.24,17.2,-0.5,0.31,12.0,12000,711.0,723.0,717.0,,0.8
2003-03-01,61,665.5,,,79.608,,0.24,17.2,-0.5,0.31,12.0,12000,711.0,723.0,717.0,,0.8
2003-04-01,61,664.4,,,54.962,,0.24,17.2,-0.5,0.31,12.0,12000,711.0,723.0,717.0,,0.8
2003-05-01,61,669.9,,,81.23,,0.24,17.2,-0.5,0.31,12.0,12000,711.0,723.0,717.0,,0.8
2003-06-01,61,682.2,,,65.168,,0.24,17.2,-0.5,0.31,12.0,12000,711.0,723.0,717.0,,0.8
2003-07-01,61,,,,56.866,,0.24,17.2,-0.5,0.31,12.0,12000,711.0,723.0,717.0,,0.8
2003-08-01,61,677.3,,,75.449,,0.24,17.2,-0.5,0.31,12.0,12000,711.0,723.0,717.0,,0.8
2003-09-01,61,,,,86.567,,0.24,17.2,-0.5,0.31,12.0,12000,711.0,723.0,717.0,,0.8
2003-10-01,61,,,,84.584,,0.24,17.2,-0.5,0.31,12.0,12000,711.0,723.0,717.0,,0.8
2003-11-01,61,,,,67.912,,0.24,17.2,-0.5,0.31,12.0,12000,711.0,723.0,717.0,,0.8
2003-12-01,61,,,,53.318,,0.24,17.2,-0.5,0.31,12.0,12000,711.0,723.0,717.0,,0.8
2004-01-01,61,705.1,,,45.963,,0.24,17.2,-0.5,0.31,12.0,12000,711.0,723.0,717.0,,0.8
2004-02-01,61,661.4,,,44.783,,0.24,17.2,-0.5,0.31,12.0,12000,711.0,723.0,717.0,,0.8
2004-03-01,61,655.1,,,48.565,,0.24,17.2,-0.5,0.31,12.0,12000,711.0,723.0,717.0,,0.8
2004-04-01,61,668.6,,,46.308,,0.24,17.2,-0.5,0.31,12.0,12000,711.0,723.0,717.0,,0.8
2004-05-01,61,673.1,,,45.116,,0.24,17.2,-0.5,0.31,12.0,12000,711.0,723.0,717.0,,0.8
2004-06-01,61,663.9,,,41.165,,0.24,17.2,-0.5,0.31,12.0,12000,711.0,723.0,717.0,,0.8
2004-07-01,61,665.3,,,39.244,,0.24,17.2,-0.5,0.31,12.0,12000,711.0,723.0,717.0,,0.8
2004-08-01,61,662.9,,,46.384,,0.24,17.2,-0.5,0.31,12.0,12000,711.0,723.0,717.0,,0.8
2004-09-01,61,668.5,,,43.166,,0.24,17.2,-0.5,0.31,12.0,12000,711.0,723.0,717.0,,0.8
2004-10-01,61,682.7,,,44.25,,0.24,17.2,-0.5,0.31,12.0,12000,711.0,723.0,717.0,,0.8
2004-11-01,61,667.1,,,47.02,,0.24,17.2,-0.5,0.31,12.0,12000,711.0,723.0,717.0,,0.8
2004-12-01,61,661.1,,,45.168,,0.24,17.2,-0.5,0.31,12.0,12000,711.0,723.0,717.0,,0.8
2005-01-01,61,659.5,,,52.337,,0.24,17.2,-0.5,0.31,12.0,12000,711.0,723.0,717.0,,0.8
2005-02-01,61,656.4,,,50.88,,0.24,17.2,-0.5,0.31,12.0,12000,711.0,723.0,717.0,,0.8
2005-03-01,61,670.5,,,50.516,,0.24,17.2,-0.5,0.31,12.0,12000,711.0,723.0,717.0,,0.8
2005-04-01,61,662.8,,,47.649,,0.24,17.2,-0.5,0.31,12.0,12000,711.0,723.0,717.0,,0.8
2005-05-01,61,658.4,,,54.874,,0.24,17.2,-0.5,0.31,12.0,12000,711.0,723.0,717.0,,0.8
2005-06-01,61,667.7,,,56.185,,0.24,17.2,-0.5,0.31,12.0,12000,711.0,723.0,717.0,,0.8
2005-07-01,61,649.1,,,53.849,,0.24,17.2,-0.5,0.31,12.0,12000,711.0,723.0,717.0,,0.8
2005-08-01,61,648.5,,,58.701,,0.24,17.2,-0.5,0.31,12.0,12000,711.0,723.0,717.0,,0.8
2005-09-01,61,646.3,,,61.686,,0.24,17.2,-0.5,0.31,12.0,12000,711.0,723.0,717.0,,0.8
2005-10-01,61,644.6,,,46.387,,0.24,17.2,-0.5,0.31,12.0,12000,711.0,723.0,717.0,,0.8
2005-11-01,61,636.3,,,52.227,,0.24,17.2,-0.5,0.31,12.0,12000,711.0,723.0,717.0,,0.8
2005-12-01,61,642.7,,,50.589,,0.24,17.2,-0.5,0.31,12.0,12000,711.0,723.0,717.0,,0.8
2006-01-01,61,642.2,,,54.113,,0.24,17.2,-0.5,0.31,12.0,12000,711.0,723.0,717.0,840.0,0.8
2006-02-01,61,641.8,,,45.818,,0.24,17.2,-0.5,0.31,12.0,12000,711.0,723.0,717.0,,0.8
2006-03-01,61,658.3,,,50.503,,0.24,17.2,-0.5,0.31,12.0,12000,711.0,723.0,717.0,,0.8
2006-04-01,61,644.5,,,60.723,,0.24,17.2,-0.5,0.31,12.0,12000,711.0,723.0,717.0,,0.8
2006-05-01,61,638.4,,,55.164,,0.24,17.2,-0.5,0.31,12.0,12000,711.0,723.0,717.0,,0.8
2006-06-01,61,646.4,,,66.006,,0.24,17.2,-0.5,0.31,12.0,12000,711.0,723.0,717.0,,0.8
2006-07-01,61,622.5,,,84.703,,0.24,17.2,-0.5,0.31,12.0,12000,711.0,723.0,717.0,,0.8
2006-08-01,61,635.9,,,56.872,,0.24,17.2,-0.5,0.31,12.0,12000,711.0,723.0,717.0,,0.8
2006-09-01,61,648.6,,,63.911,,0.24,17.2,-0.5,0.31,12.0,12000,711.0,723.0,717.0,,0.8
2006-10-01,61,646.9,,,40.491,,0.24,17.2,-0.5,0.31,12.0,12000,711.0,723.0,717.0,,0.8
2006-11-01,61,630.6,,,51.66,,0.24,17.2,-0.5,0.31,12.0,12000,711.0,723.0,717.0,,0.8
2006-12-01,61,657.0,,,50.813,,0.24,17.2,-0.5,0.31,12.0,12000,711.0,723.0,717.0,,0.8
2007-01-01,61,652.3,,,52.878,,0.24,17.2,-0.5,0.31,12.0,12000,711.0,723.0,717.0,,0.8
2007-02-01,61,624.8,,,50.542,,0.24,17.2,-0.5,0.31,12.0,12000,711.0,723.0,717.0,,0.8
2007-03-01,61,622.2,,,60.581,,0.24,17.2,-0.5,0.31,12.0,12000,711.0,723.0,717.0,,0.8
2007-04-01,61,623.6,,,54.677,,0.24,17.2,-0.5,0.31,12.0,12000,711.0,723.0,717.0,,0.8
2007-05-01,61,621.4,,,43.932,,0.24,17.2,-0.5,0.31,12.0,12000,711.0,723.0,717.0,,0.8
2007-06-01,61,618.5,,,44.86,,0.24,17.2,-0.5,0.31,12.0,12000,711.0,723.0,717.0,,0.8
2007-07-01,61,615.7,,,71.68,,0.24,17.2,-0.5,0.31,12.0,12000,711.0,723.0,717.0,,0.8
2007-08-01,61,627.4,,,50.881,,0.24,17.2,-0.5,0.31,12.0,12000,711.0,723.0,717.0,,0.8
2007-09-01,61,622.5,,,54.848,,0.24,17.2,-0.5,0.31,12.0,12000,711.0,723.0,717.0,,0.8
2007-10-01,61,617.3,,,54.7,,0.24,17.2,-0.5,0.31,12.0,12000,711.0,723.0,717.0,,0.8
2007-11-01,61,640.1,,,23.277,,0.24,17.2,-0.5,0.31,12.0,12000,711.0,723.0,717.0,,0.8
2007-12-01,61,640.1,,,0.0,,0.24,17.2,-0.5,0.31,12.0,12000,711.0,723.0,717.0,,0.8
2008-01-01,61,640.1,,,0.0,,0.24,17.2,-0.5,0.31,12.0,12000,711.0,723.0,717.0,,0.8
2008-02-01,61,640.1,,,0.0,,0.24,17.2,-0.5,0.31,12.0,12000,711.0,723.0,717.0,,0.8
2008-03-01,61,640.1,,,0.0,,0.24,17.2,-0.5,0.31,12.0,12000,711.0,723.0,717.0,,0.8
2008-04-01,61,,,,37.829,,0.24,17.2,-0.5,0.31,12.0,12000,711.0,723.0,717.0,,0.8
2008-05-01,61,618.8,,,71.167,,0.24,17.2,-0.5,0.31,12.0,12000,711.0,723.0,717.0,,0.8
2008-06-01,61,623.8,,,56.004,,0.24,17.2,-0.5,0.31,12.0,12000,711.0,723.0,717.0,,0.8
2008-07-01,61,621.2,,,60.98,,0.24,17.2,-0.5,0.31,12.0,12000,711.0,723.0,717.0,,0.8
2008-08-01,61,622.6,,,59.39,,0.24,17.2,-0.5,0.31,12.0,12000,711.0,723.0,717.0,,0.8
2008-09-01,61,595.8,,,51.627,,0.24,17.2,-0.5,0.31,12.0,12000,711.0,723.0,717.0,,0.8
2008-10-01,61,616.2,,,52.309,,0.24,17.2,-0.5,0.31,12.0,12000,711.0,723.0,717.0,,0.8
2008-11-01,61,614.0,,,46.939,,0.24,17.2,-0.5,0.31,12.0,12000,711.0,723.0,717.0,,0.8
2008-12-01,61,629.8,,,57.029,,0.24,17.2,-0.5,0.31,12.0,12000,711.0,723.0,717.0,,0.8
2009-01-01,61,638.2,,,43.206,,0.24,17.2,-0.5,0.31,12.0,12000,711.0,723.0,717.0,,0.8
2009-02-01,61,606.0,,,41.135,,0.24,17.2,-0.5,0.31,12.0,12000,711.0,723.0,717.0,,0.8
2009-03-01,61,622.7,,,53.351,,0.24,17.2,-0.5,0.31,12.0,12000,711.0,723.0,717.0,,0.8
2009-04-01,61,617.0,,,57.187,,0.24,17.2,-0.5,0.31,12.0,12000,711.0,723.0,717.0,,0.8
2009-05-01,61,610.2,,,53.336,,0.24,17.2,-0.5,0.31,12.0,12000,711.0,723.0,717.0,,0.8
2009-06-01,61,610.2,,,31.053,,0.24,17.2,-0.5,0.31,12.0,12000,711.0,723.0,717.0,,0.8
2009-07-01,61,605.7,,,50.969,,0.24,17.2,-0.5,0.31,12.0,12000,711.0,723.0,717.0,,0.8
2009-08-01,61,629.2,,,62.307,,0.24,17.2,-0.5,0.31,12.0,12000,711.0,723.0,717.0,,0.8
2009-09-01,61,619.8,,,47.705,,0.24,17.2,-0.5,0.31,12.0,12000,711.0,723.0,717.0,,0.8
2009-10-01,61,597.3,,,54.71,,0.24,17.2,-0.5,0.31,12.0,12000,711.0,723.0,717.0,,0.8
2009-11-01,61,599.4,,,44.009,,0.24,17.2,-0.5,0.31,12.0,12000,711.0,723.0,717.0,,0.8
2009-12-01,61,590.5,,,70.424,,0.24,17.2,-0.5,0.31,12.0,12000,711.0,723.0,717.0,,0.8
2010-01-01,61,585.0,,,79.884,,0.24,17.2,-0.5,0.31,12.0,12000,711.0,723.0,717.0,796.0,0.8
2010-02-01,61,586.0,,,56.32,,0.24,17.2,-0.5,0.31,12.0,12000,711.0,723.0,717.0,,0.8
2010-03-01,61,584.8,,,57.663,,0.24,17.2,-0.5,0.31,12.0,12000,711.0,723.0,717.0,,0.8
2010-04-01,61,578.1,,,56.852,,0.24,17.2,-0.5,0.31,12.0,12000,711.0,723.0,717.0,,0.8
2010-05-01,61,573.0,,,54.594,,0.24,17.2,-0.5,0.31,12.0,12000,711.0,723.0,717.0,,0.8
2010-06-01,61,572.9,,,84.83,,0.24,17.2,-0.5,0.31,12.0,12000,711.0,723.0,717.0,,0.8
2010-07-01,61,571.4,,,52.122,,0.24,17.2,-0.5,0.31,12.0,12000,711.0,723.0,717.0,,0.8
2010-08-01,61,571.7,,,44.034,,0.24,17.2,-0.5,0.31,12.0,12000,711.0,723.0,717.0,,0.8
2010-09-01,61,566.7,,,53.968,,0.24,17.2,-0.5,0.31,12.0,12000,711.0,723.0,717.0,,0.8
2010-10-01,61,595.3,,,80.188,,0.24,17.2,-0.5,0.31,12.0,12000,711.0,723.0,717.0,,0.8
2010-11-01,61,583.3,,,88.235,,0.24,17.2,-0.5,0.31,12.0,12000,711.0,723.0,717.0,,0.8
2010-12-01,61,564.2,,,58.804,,0.24,17.2,-0.5,0.31,12.0,12000,711.0,723.0,717.0,,0.8
2011-01-01,61,574.0,,,68.589,,0.24,17.2,-0.5,0.31,12.0,12000,711.0,723.0,717.0,,0.8
2011-02-01,61,570.8,,,44.365,,0.24,17.2,-0.5,0.31,12.0,12000,711.0,723.0,717.0,,0.8
2011-03-01,61,567.8,,,43.195,,0.24,17.2,-0.5,0.31,12.0,12000,711.0,723.0,717.0,,0.8
2011-04-01,61,562.7,,,59.17,,0.24,17.2,-0.5,0.31,12.0,12000,711.0,723.0,717.0,,0.8
2011-05-01,61,555.8,,,72.356,,0.24,17.2,-0.5,0.31,12.0,12000,711.0,723.0,717.0,,0.8
2011-06-01,61,581.3,,,54.158,,0.24,17.2,-0.5,0.31,12.0,12000,711.0,723.0,717.0,,0.8
2011-07-01,61,549.2,,,81.459,,0.24,17.2,-0.5,0.31,12.0,12000,711.0,723.0,717.0,,0.8
2011-08-01,61,548.5,,,92.023,,0.24,17.2,-0.5,0.31,12.0,12000,711.0,723.0,717.0,,0.8
2011-09-01,61,544.5,,,32.93,,0.24,17.2,-0.5,0.31,12.0,12000,711.0,723.0,717.0,,0.8
2011-10-01,61,565.6,,,90.001,,0.24,17.2,-0.5,0.31,12.0,12000,711.0,723.0,717.0,,0.8
2011-11-01,61,562.3,,,73.616,,0.24,17.2,-0.5,0.31,12.0,12000,711.0,723.0,717.0,,0.8
2011-12-01,61,562.2,,,89.377,,0.24,17.2,-0.5,0.31,12.0,12000,711.0,723.0,717.0,,0.8
2012-01-01,61,545.6,,,93.469,,0.24,17.2,-0.5,0.31,12.0,12000,711.0,723.0,717.0,,0.8
2012-02-01,61,561.2,,,89.8,,0.24,17.2,-0.5,0.31,12.0,12000,711.0,723.0,717.0,,0.8
2012-03-01,61,555.9,,,83.84,,0.24,17.2,-0.5,0.31,12.0,12000,711.0,723.0,717.0,,0.8
2012-04-01,61,573.5,,,88.305,,0.24,17.2,-0.5,0.31,12.0,12000,711.0,723.0,717.0,,0.8
2012-05-01,61,568.1,,,66.32,,0.24,17.2,-0.5,0.31,12.0,12000,711.0,723.0,717.0,,0.8
2012-06-01,61,603.5,,,72.096,,0.24,17.2,-0.5,0.31,12.0,12000,711.0,723.0,717.0,,0.8
2012-07-01,61,554.0,,,79.328,,0.24,17.2,-0.5,0.31,12.0,12000,711.0,723.0,717.0,,0.8
2012-08-01,61,554.3,,,50.26,,0.24,17.2,-0.5,0.31,12.0,12000,711.0,723.0,717.0,,0.8
2012-09-01,61,541.5,,,50.087,,0.24,17.2,-0.5,0.31,12.0,12000,711.0,723.0,717.0,,0.8
2012-10-01,61,600.1,,,57.349,,0.24,17.2,-0.5,0.31,12.0,12000,711.0,723.0,717.0,,0.8
2012-11-01,61,527.4,,,41.581,,0.24,17.2,-0.5,0.31,12.0,12000,711.0,723.0,717.0,,0.8
2012-12-01,61,529.9,,,47.942,,0.24,17.2,-0.5,0.31,12.0,12000,711.0,723.0,717.0,,0.8
2013-01-01,61,530.1,,,33.608,,0.24,17.2,-0.5,0.31,12.0,12000,711.0,723.0,717.0,,0.8
2013-02-01,61,530.1,,,36.877,,0.24,17.2,-0.5,0.31,12.0,12000,711.0,723.0,717.0,,0.8
2013-03-01,61,548.3,,,44.491,,0.24,17.2,-0.5,0.31,12.0,12000,711.0,723.0,717.0,,0.8
2013-04-01,61,545.5,,,47.717,,0.24,17.2,-0.5,0.31,12.0,12000,711.0,723.0,717.0,,0.8
2013-05-01,61,545.0,,,53.492,,0.24,17.2,-0.5,0.31,12.0,12000,711.0,723.0,717.0,,0.8
2013-06-01,61,547.7,,,53.515,,0.24,17.2,-0.5,0.31,12.0,12000,711.0,723.0,717.0,,0.8
2013-07-01,61,556.0,,,54.228,,0.24,17.2,-0.5,0.31,12.0,12000,711.0,723.0,717.0,,0.8
2013-08-01,61,515.1,,,66.065,,0.24,17.2,-0.5,0.31,12.0,12000,711.0,723.0,717.0,,0.8
2013-09-01,61,515.5,,,79.62,,0.24,17.2,-0.5,0.31,12.0,12000,711.0,723.0,717.0,,0.8
2013-10-01,61,528.3,,,62.628,,0.24,17.2,-0.5,0.31,12.0,12000,711.0,723.0,717.0,,0.8
2013-11-01,61,530.2,,,81.178,,0.24,17.2,-0.5,0.31,12.0,12000,711.0,723.0,717.0,,0.8
2013-12-01,61,506.3,,,87.972,,0.24,17.2,-0.5,0.31,12.0,12000,711.0,723.0,717.0,,0.8
2014-01-01,61,523.2,,,75.541,,0.24,17.2,-0.5,0.31,12.0,12000,711.0,723.0,717.0,,0.8
2014-02-01,61,502.9,,,66.47,,0.24,17.2,-0.5,0.31,12.0,12000,711.0,723.0,717.0,,0.8
2014-03-01,61,519.8,,,71.9,,0.24,17.2,-0.5,0.31,12.0,12000,711.0,723.0,717.0,,0.8
2014-04-01,61,523.5,,,54.031,,0.24,17.2,-0.5,0.31,12.0,12000,711.0,723.0,717.0,,0.8
2014-05-01,61,517.6,,,56.476,,0.24,17.2,-0.5,0.31,12.0,12000,711.0,723.0,717.0,,0.8
2014-06-01,61,509.4,,,50.407,,0.24,17.2,-0.5,0.31,12.0,12000,711.0,723.0,717.0,,0.8
2014-07-01,61,519.5,,,102.524,,0.24,17.2,-0.5,0.31,12.0,12000,711.0,723.0,717.0,,0.8
2014-08-01,61,495.8,,,68.765,,0.24,17.2,-0.5,0.31,12.0,12000,711.0,723.0,717.0,,0.8
2014-09-01,61,518.5,,,81.775,,0.24,17.2,-0.5,0.31,12.0,12000,711.0,723.0,717.0,,0.8
2014-10-01,61,507.6,,,101.865,,0.24,17.2,-0.5,0.31,12.0,12000,711.0,723.0,717.0,,0.8
2014-11-01,61,513.2,,,88.828,,0.24,17.2,-0.5,0.31,12.0,12000,711.0,723.0,717.0,,0.8
2014-12-01,61,522.1,,,102.409,,0.24,17.2,-0.5,0.31,12.0,12000,711.0,723.0,717.0,,0.8
2015-01-01,61,476.3,,,91.797,,0.24,17.2,-0.5,0.31,12.0,12000,711.0,723.0,717.0,,0.8
2015-02-01,61,510.9,,,82.205,,0.24,17.2,-0.5,0.31,12.0,12000,711.0,723.0,717.0,,0.8
2015-03-01,61,500.0,,,52.965,,0.24,17.2,-0.5,0.31,12.0,12000,711.0,723.0,717.0,,0.8
2015-04-01,61,534.8,,,,,0.24,17.2,-0.5,0.31,12.0,12000,711.0,723.0,717.0,,0.8
2015-05-01,61,534.8,,,77.721,73.238,0.24,17.2,-0.5,0.31,12.0,12000,711.0,723.0,717.0,,0.8
2015-06-01,61,526.1,,,98.636,92.952,0.24,17.2,-0.5,0.31,12.0,12000,711.0,723.0,717.0,,0.8
2015-07-01,61,497.2,,,97.99,92.357,0.24,17.2,-0.5,0.31,12.0,12000,711.0,723.0,717.0,,0.8
2015-08-01,61,494.2,32.0,31.0,70.347,76.286,0.24,17.2,-0.5,0.31,12.0,12000,711.0,723.0,717.0,,0.8
2015-09-01,61,462.7,32.0,30.0,78.023,83.833,0.24,17.2,-0.5,0.31,12.0,12000,711.0,723.0,717.0,,0.8
2015-10-01,61,489.8,32.0,31.0,74.477,80.0,0.24,17.2,-0.5,0.31,12.0,12000,711.0,723.0,717.0,,0.8
2015-11-01,61,491.9,32.0,30.0,56.985,61.238,0.24,17.2,-0.5,0.31,12.0,12000,711.0,723.0,717.0,,0.8
2015-12-01,61,490.2,32.0,31.0,96.005,103.452,0.24,17.2,-0.5,0.31,12.0,12000,711.0,723.0,717.0,,0.8
2016-01-01,61,489.2,32.0,31.0,100.301,108.119,0.24,17.2,-0.5,0.31,12.0,12000,711.0,723.0,717.0,,0.8
2016-02-01,61,487.0,32.0,29.0,104.125,112.214,0.24,17.2,-0.5,0.31,12.0,12000,711.0,723.0,717.0,,0.8
2016-03-01,61,482.2,32.0,31.0,111.497,120.167,0.24,17.2,-0.5,0.31,12.0,12000,711.0,723.0,717.0,,0.8
2016-04-01,61,477.0,32.0,30.0,109.312,117.857,0.24,17.2,-0.5,0.31,12.0,12000,711.0,723.0,717.0,,0.8
2016-05-01,61,473.5,32.0,31.0,108.726,117.214,0.24,17.2,-0.5,0.31,12.0,12000,711.0,723.0,717.0,,0.8
2016-06-01,61,468.9,32.0,30.0,113.641,122.524,0.24,17.2,-0.5,0.31,12.0,12000,711.0,723.0,717.0,,0.8
2016-07-01,61,430.1,32.0,31.0,121.581,131.095,0.24,17.2,-0.5,0.31,12.0,12000,711.0,723.0,717.0,,0.8
2016-08-01,61,453.5,32.0,31.0,127.145,137.095,0.24,17.2,-0.5,0.31,12.0,12000,711.0,723.0,717.0,,0.8
2016-09-01,61,455.5,32.0,30.0,121.483,131.0,0.24,17.2,-0.5,0.31,12.0,12000,711.0,723.0,717.0,,0.8
2016-10-01,61,451.0,32.0,31.0,115.106,124.095,0.24,17.2,-0.5,0.31,12.0,12000,711.0,723.0,717.0,,0.8
2016-11-01,61,447.2,32.0,30.0,123.672,133.333,0.24,17.2,-0.5,0.31,12.0,12000,711.0,723.0,717.0,,0.8
2016-12-01,61,450.7,32.0,31.0,125.278,135.048,0.24,17.2,-0.5,0.31,12.0,12000,711.0,723.0,717.0,,0.8
2017-01-01,61,448.4,32.0,31.0,121.185,130.643,0.24,17.2,-0.5,0.31,12.0,12000,711.0,723.0,717.0,,0.8
2017-02-01,61,458.2,32.0,28.0,109.517,118.071,0.24,17.2,-0.5,0.31,12.0,12000,711.0,723.0,717.0,,0.8
2017-03-01,61,455.4,32.0,27.0,105.6,113.81,0.24,17.2,-0.5,0.31,12.0,12000,711.0,723.0,717.0,,0.8
2017-04-01,61,458.5,32.0,30.0,79.315,85.5,0.24,17.2,-0.5,0.31,12.0,12000,711.0,723.0,717.0,,0.8
2017-05-01,61,451.2,32.0,31.0,100.677,108.548,0.24,17.2,-0.5,0.31,12.0,12000,711.0,723.0,717.0,,0.8
2017-06-01,61,441.0,32.0,30.0,124.673,165.119,0.24,17.2,-0.5,0.31,12.0,12000,711.0,723.0,717.0,,0.8
2017-07-01,61,430.1,32.0,31.0,126.921,168.071,0.24,17.2,-0.5,0.31,12.0,12000,711.0,723.0,717.0,,0.8
2017-08-01,61,420.2,32.0,31.0,131.035,3122.857,0.24,17.2,-0.5,0.31,12.0,12000,711.0,723.0,717.0,,0.8
2017-09-01,61,427.2,32.0,30.0,121.674,2900.405,0.24,17.2,-0.5,0.31,12.0,12000,711.0,723.0,717.0,,0.8
2017-10-01,61,433.4,32.0,31.0,105.371,2511.81,0.24,17.2,-0.5,0.31,12.0,12000,711.0,723.0,717.0,,0.8
2017-11-01,61,439.4,32.0,30.0,109.53,2610.5,0.24,17.2,-0.5,0.31,12.0,12000,711.0,723.0,717.0,,0.8
2017-12-01,61,416.6,32.0,31.0,123.282,2938.5,0.24,17.2,-0.5,0.31,12.0,12000,711.0,723.0,717.0,,0.8
2018-01-01,61,412.7,32.0,31.0,123.906,2953.452,0.24,17.2,-0.5,0.31,12.0,12000,711.0,723.0,717.0,,0.8
2018-02-01,61,416.4,32.0,28.0,113.253,2699.572,0.24,17.2,-0.5,0.31,12.0,12000,711.0,723.0,717.0,,0.8
2018-03-01,61,431.3,32.0,31.0,123.274,2923.024,0.24,17.2,-0.5,0.31,12.0,12000,711.0,723.0,717.0,,0.8
2018-04-01,61,409.5,32.0,30.0,124.679,2971.643,0.24,17.2,-0.5,0.31,12.0,12000,711.0,723.0,717.0,,0.8
2018-05-01,61,414.8,32.0,21.0,89.608,2791.857,0.24,17.2,-0.5,0.31,12.0,12000,711.0,723.0,717.0,,0.8
2018-06-01,61,410.6,32.0,30.0,123.443,3845.81,0.24,17.2,-0.5,0.31,12.0,12000,711.0,723.0,717.0,,0.8
2018-07-01,61,426.7,32.0,31.0,124.672,3986.857,0.24,17.2,-0.5,0.31,12.0,12000,711.0,723.0,717.0,,0.8
2018-08-01,61,401.1,32.0,31.0,127.308,4071.0,0.24,17.2,-0.5,0.31,12.0,12000,711.0,723.0,717.0,,0.8
2018-09-01,61,400.5,32.0,30.0,123.47,3948.31,0.24,17.2,-0.5,0.31,12.0,12000,711.0,723.0,717.0,,0.8
2018-10-01,61,401.7,32.0,31.0,121.842,3896.191,0.24,17.2,-0.5,0.31,12.0,12000,711.0,723.0,717.0,,0.8
2018-11-01,61,404.0,32.0,30.0,114.0,3632.476,0.24,17.2,-0.5,0.31,12.0,12000,711.0,723.0,717.0,,0.8
2018-12-01,61,405.6,32.0,31.0,105.182,3363.405,0.24,17.2,-0.5,0.31,12.0,12000,711.0,723.0,717.0,,0.8
2019-01-01,61,395.5,32.0,31.0,87.312,2792.072,0.24,17.2,-0.5,0.31,12.0,12000,711.0,723.0,717.0,,0.8
2019-02-01,61,399.5,32.0,28.0,86.891,2779.167,0.24,17.2,-0.5,0.31,12.0,12000,711.0,723.0,717.0,,0.8
2019-03-01,61,404.4,32.0,31.0,101.035,3231.238,0.24,17.2,-0.5,0.31,12.0,12000,711.0,723.0,717.0,,0.8
2019-04-01,61,349.5,32.0,30.0,97.9,3050.333,0.24,17.2,-0.5,0.31,12.0,12000,711.0,723.0,717.0,,0.8
2019-05-01,61,,32.0,31.0,80.915,2521.191,0.24,17.2,-0.5,0.31,12.0,12000,711.0,723.0,717.0,,0.8
2019-06-01,61,387.7,32.0,30.0,106.756,3326.048,0.24,17.2,-0.5,0.31,12.0,12000,711.0,723.0,717.0,,0.8
2019-07-01,61,334.0,32.0,31.0,37.366,1163.976,0.24,17.2,-0.5,0.31,12.0,12000,711.0,723.0,717.0,,0.8
2019-08-01,61,405.5,32.0,31.0,63.36,1973.786,0.24,17.2,-0.5,0.31,12.0,12000,711.0,723.0,717.0,,0.8
2019-09-01,61,402.0,32.0,30.0,95.86,2986.286,0.24,17.2,-0.5,0.31,12.0,12000,711.0,723.0,717.0,,0.8
2019-10-01,61,395.2,32.0,31.0,73.208,2280.571,0.24,17.2,-0.5,0.31,12.0,12000,711.0,723.0,717.0,,0.8
2019-11-01,61,368.9,32.0,30.0,53.717,1673.691,0.24,17.2,-0.5,0.31,12.0,12000,711.0,723.0,717.0,,0.8
2019-12-01,61,342.8,32.0,31.0,74.708,2327.262,0.24,17.2,-0.5,0.31,12.0,12000,711.0,723.0,717.0,,0.8
2020-01-01,61,382.3,32.0,31.0,89.515,2788.548,0.24,17.2,-0.5,0.31,12.0,12000,711.0,723.0,717.0,,0.8
2020-02-01,61,385.1,32.0,29.0,72.648,2263.619,0.24,17.2,-0.5,0.31,12.0,12000,711.0,723.0,717.0,,0.8
2020-03-01,61,385.1,32.0,31.0,46.891,1460.857,0.24,17.2,-0.5,0.31,12.0,12000,711.0,723.0,717.0,,0.8
2020-06-01,61,,32.0,30.0,70.318,2190.333,0.24,17.2,-0.5,0.31,12.0,12000,711.0,723.0,717.0,,0.8
2020-07-01,61,382.2,32.0,31.0,75.474,2351.191,0.24,17.2,-0.5,0.31,12.0,12000,711.0,723.0,717.0,,0.8
2020-08-01,61,377.2,32.0,31.0,97.068,3023.881,0.24,17.2,-0.5,0.31,12.0,12000,711.0,723.0,717.0,,0.8
2020-09-01,61,342.5,32.0,30.0,85.681,2669.595,0.24,17.2,-0.5,0.31,12.0,12000,711.0,723.0,717.0,,0.8
2020-10-01,61,478.1,32.0,28.0,76.867,2394.905,0.24,17.2,-0.5,0.31,12.0,12000,711.0,723.0,717.0,,0.8
2020-11-01,61,374.8,32.0,28.0,49.238,1533.881,0.24,17.2,-0.5,0.31,12.0,12000,711.0,723.0,717.0,,0.8
2020-12-01,61,365.5,32.0,31.0,82.952,2584.571,0.24,17.2,-0.5,0.31,12.0,12000,711.0,723.0,717.0,,0.8
2021-01-01,61,334.4,32.0,31.0,112.747,3512.524,0.24,17.2,-0.5,0.31,12.0,12000,711.0,723.0,717.0,,0.8
2021-02-01,61,353.2,32.0,28.0,87.338,2720.333,0.24,17.2,-0.5,0.31,12.0,12000,711.0,723.0,717.0,,0.8
2021-03-01,61,350.9,32.0,31.0,73.847,2300.643,0.24,17.2,-0.5,0.31,12.0,12000,711.0,723.0,717.0,,0.8
2021-04-01,61,330.7,48.0,30.0,104.308,3249.691,0.24,17.2,-0.5,0.31,12.0,12000,711.0,723.0,717.0,,0.8
2021-05-01,61,337.4,48.0,31.0,117.79,3669.476,0.24,17.2,-0.5,0.31,12.0,12000,711.0,723.0,717.0,,0.8
2021-06-01,61,335.2,48.0,30.0,100.939,2013.31,0.24,17.2,-0.5,0.31,12.0,12000,711.0,723.0,717.0,,0.8
2021-07-01,61,346.1,32.0,31.0,89.876,1668.31,0.24,17.2,-0.5,0.31,12.0,12000,711.0,723.0,717.0,,0.8
2021-08-01,61,336.8,48.0,31.0,94.442,1753.048,0.24,17.2,-0.5,0.31,12.0,12000,711.0,723.0,717.0,,0.8
2021-09-01,61,338.2,48.0,30.0,74.731,1749.5,0.24,17.2,-0.5,0.31,12.0,12000,711.0,723.0,717.0,,0.8
2021-10-01,61,357.9,48.0,30.0,79.196,1853.881,0.24,17.2,-0.5,0.31,12.0,12000,711.0,723.0,717.0,,0.8
2021-11-01,61,351.5,48.0,30.0,44.364,1038.714,0.24,17.2,-0.5,0.31,12.0,12000,711.0,723.0,717.0,,0.8
2021-12-01,61,356.2,48.0,29.0,86.092,2014.833,0.24,17.2,-0.5,0.31,12.0,12000,711.0,723.0,717.0,,0.8
2022-01-01,61,344.0,28.0,31.0,88.499,2071.191,0.24,17.2,-0.5,0.31,12.0,12000,711.0,723.0,717.0,,0.8
2022-02-01,61,337.8,28.0,28.0,79.304,1856.595,0.24,17.2,-0.5,0.31,12.0,12000,711.0,723.0,717.0,,0.8
2022-03-01,61,335.2,48.0,31.0,84.902,1987.143,0.24,17.2,-0.5,0.31,12.0,12000,711.0,723.0,717.0,,0.8
2022-04-01,61,335.4,28.0,30.0,80.564,1885.643,0.24,17.2,-0.5,0.31,12.0,12000,711.0,723.0,717.0,,0.8
2022-05-01,61,335.4,28.0,31.0,82.921,1940.476,0.24,17.2,-0.5,0.31,12.0,12000,711.0,723.0,717.0,,0.8
2022-06-01,61,330.6,28.0,30.0,80.236,1877.929,0.24,17.2,-0.5,0.31,12.0,12000,711.0,723.0,717.0,,0.8
2022-07-01,61,499.5,28.0,20.0,17.764,415.833,0.24,17.2,-0.5,0.31,12.0,12000,711.0,723.0,717.0,,0.8
2022-08-01,61,338.0,28.0,31.0,74.834,1751.524,0.24,17.2,-0.5,0.31,12.0,12000,711.0,723.0,717.0,,0.8
2022-09-01,61,331.0,24.0,29.0,87.638,2051.214,0.24,17.2,-0.5,0.31,12.0,12000,711.0,723.0,717.0,,0.8
2022-10-01,61,303.6,24.0,19.0,71.238,1935.976,0.24,17.2,-0.5,0.31,12.0,12000,711.0,723.0,717.0,,0.8
2022-11-01,61,307.9,24.0,30.0,86.69,2355.905,0.24,17.2,-0.5,0.31,12.0,12000,711.0,723.0,717.0,,0.8
2022-12-01,61,323.8,24.0,31.0,78.368,2129.381,0.24,17.2,-0.5,0.31,12.0,12000,711.0,723.0,717.0,,0.8
2023-01-01,61,322.6,24.0,31.0,67.518,1834.333,0.24,17.2,-0.5,0.31,12.0,12000,711.0,723.0,717.0,,0.8
2023-02-01,61,316.5,24.0,28.0,63.113,1715.119,0.24,17.2,-0.5,0.31,12.0,12000,711.0,723.0,717.0,,0.8
2023-03-01,61,312.5,24.0,28.0,66.215,1799.381,0.24,17.2,-0.5,0.31,12.0,12000,711.0,723.0,717.0,,0.8
2023-04-01,61,316.5,,,,,0.24,17.2,-0.5,0.31,12.0,12000,711.0,723.0,717.0,,0.8
2023-05-01,61,317.9,24.0,21.0,47.396,1287.714,0.24,17.2,-0.5,0.31,12.0,12000,711.0,723.0,717.0,,0.8
2023-06-01,61,308.6,24.0,30.0,71.95,1954.857,0.24,17.2,-0.5,0.31,12.0,12000,711.0,723.0,717.0,,0.8
2023-07-01,61,320.7,24.0,31.0,85.986,2336.286,0.24,17.2,-0.5,0.31,12.0,12000,711.0,723.0,717.0,,0.8
2023-08-01,61,302.2,24.0,31.0,80.777,2194.786,0.24,17.2,-0.5,0.31,12.0,12000,711.0,723.0,717.0,,0.8
2023-09-01,61,297.6,24.0,28.0,77.055,2081.929,0.24,17.2,-0.5,0.31,12.0,12000,711.0,723.0,717.0,,0.8
2023-10-01,61,298.3,24.0,27.0,65.463,1778.238,0.24,17.2,-0.5,0.31,12.0,12000,711.0,723.0,717.0,,0.8
2023-11-01,61,306.2,24.0,30.0,67.129,1842.238,0.24,17.2,-0.5,0.31,12.0,12000,711.0,723.0,717.0,,0.8
2023-12-01,61,303.7,24.0,31.0,80.61,2185.952,0.24,17.2,-0.5,0.31,12.0,12000,711.0,723.0,717.0,,0.8
2024-01-01,61,260.3,128.0,31.0,103.892,2817.31,0.24,17.2,-0.5,0.31,12.0,12000,711.0,723.0,717.0,,0.8
2024-02-01,61,258.4,128.0,29.0,96.136,2606.976,0.24,17.2,-0.5,0.31,12.0,12000,711.0,723.0,717.0,,0.8
2024-03-01,61,272.6,128.0,31.0,98.377,2667.762,0.24,17.2,-0.5,0.31,12.0,12000,711.0,723.0,717.0,,0.8
2024-04-01,61,262.1,128.0,30.0,97.048,2631.714,0.24,17.2,-0.5,0.31,12.0,12000,711.0,723.0,717.0,,0.8
2024-05-01,61,288.0,128.0,31.0,73.164,1984.024,0.24,17.2,-0.5,0.31,12.0,12000,711.0,723.0,717.0,,0.8
2024-06-01,61,265.5,128.0,30.0,95.508,2589.952,0.24,17.2,-0.5,0.31,12.0,12000,711.0,723.0,717.0,,0.8
2024-07-01,61,245.9,128.0,31.0,102.568,2781.405,0.24,17.2,-0.5,0.31,12.0,12000,711.0,723.0,717.0,,0.8
2024-08-01,61,240.7,128.0,31.0,102.582,2781.786,0.24,17.2,-0.5,0.31,12.0,12000,711.0,723.0,717.0,,0.8
2024-09-01,61,247.2,128.0,30.0,97.748,2650.691,0.24,17.2,-0.5,0.31,12.0,12000,711.0,723.0,717.0,,0.8
2024-10-01,61,235.8,128.0,31.0,97.073,2632.381,0.24,17.2,-0.5,0.31,12.0,12000,711.0,723.0,717.0,,0.8
2024-11-01,61,252.0,128.0,30.0,92.599,2511.071,0.24,17.2,-0.5,0.31,12.0,12000,711.0,723.0,717.0,,0.8
2024-12-01,61,244.7,128.0,31.0,92.887,2518.881,0.24,17.2,-0.5,0.31,12.0,12000,711.0,723.0,717.0,,0.8
2025-01-01,61,280.8,128.0,31.0,97.469,2643.119,0.24,17.2,-0.5,0.31,12.0,12000,711.0,723.0,717.0,,0.8
2025-02-01,61,214.6,128.0,28.0,86.989,2358.929,0.24,17.2,-0.5,0.31,12.0,12000,711.0,723.0,717.0,,0.8
2025-03-01,61,224.0,128.0,31.0,93.52,2536.048,0.24,17.2,-0.5,0.31,12.0,12000,711.0,723.0,717.0,,0.8
2025-04-01,61,223.3,128.0,30.0,89.745,2433.667,0.24,17.2,-0.5,0.31,12.0,12000,711.0,723.0,717.0,,0.8
2025-05-01,61,218.3,128.0,31.0,94.106,2551.929,0.24,17.2,-0.5,0.31,12.0,12000,711.0,723.0,717.0,,0.8
2025-06-01,61,222.2,128.0,30.0,92.003,2494.905,0.24,17.2,-0.5,0.31,12.0,12000,711.0,723.0,717.0,,0.8
1995-01-01,63,800.0,,,249.666,19.262,0.23,21.8,-1.5,0.21,10.700000000000045,17000,711.5,722.2,716.85,,0.75
1995-02-01,63,829.8,,,207.62,16.048,0.23,21.8,-1.5,0.21,10.700000000000045,17000,711.5,722.2,716.85,,0.75
1995-04-01,63,793.5,,,226.734,17.548,0.23,21.8,-1.5,0.21,10.700000000000045,17000,711.5,722.2,716.85,,0.75
1995-05-01,63,782.4,,,241.02,78.857,0.23,21.8,-1.5,0.21,10.700000000000045,17000,711.5,722.2,716.85,,0.75
1995-06-01,63,786.5,,,231.027,74.905,0.23,21.8,-1.5,0.21,10.700000000000045,17000,711.5,722.2,716.85,,0.75
1995-07-01,63,798.8,,,190.545,61.286,0.23,21.8,-1.5,0.21,10.700000000000045,17000,711.5,722.2,716.85,,0.75
1995-08-01,63,793.4,,,211.061,111.143,0.23,21.8,-1.5,0.21,10.700000000000045,17000,711.5,722.2,716.85,,0.75
1995-09-01,63,790.4,,,186.03,98.262,0.23,21.8,-1.5,0.21,10.700000000000045,17000,711.5,722.2,716.85,,0.75
1995-10-01,63,820.0,,,142.964,90.524,0.23,21.8,-1.5,0.21,10.700000000000045,17000,711.5,722.2,716.85,,0.75
1995-11-01,63,780.0,,,163.494,58.881,0.23,21.8,-1.5,0.21,10.700000000000045,17000,711.5,722.2,716.85,,0.75
1995-12-01,63,783.0,,,189.946,69.048,0.23,21.8,-1.5,0.21,10.700000000000045,17000,711.5,722.2,716.85,,0.75
1996-01-01,63,773.6,,,192.249,69.571,0.23,21.8,-1.5,0.21,10.700000000000045,17000,711.5,722.2,716.85,,0.75
1996-02-01,63,775.8,,,176.712,64.762,0.23,21.8,-1.5,0.21,10.700000000000045,17000,711.5,722.2,716.85,,0.75
1996-04-01,63,770.8,,,179.994,92.357,0.23,21.8,-1.5,0.21,10.700000000000045,17000,711.5,722.2,716.85,,0.75
1996-05-01,63,770.0,,,194.458,92.357,0.23,21.8,-1.5,0.21,10.700000000000045,17000,711.5,722.2,716.85,,0.75
1996-06-01,63,763.2,,,186.182,92.071,0.23,21.8,-1.5,0.21,10.700000000000045,17000,711.5,722.2,716.85,,0.75
1996-07-01,63,756.0,,,182.367,66.048,0.23,21.8,-1.5,0.21,10.700000000000045,17000,711.5,722.2,716.85,,0.75
1996-08-01,63,781.2,,,159.34,57.524,0.23,21.8,-1.5,0.21,10.700000000000045,17000,711.5,722.2,716.85,,0.75
1996-09-01,63,781.0,,,152.135,55.262,0.23,21.8,-1.5,0.21,10.700000000000045,17000,711.5,722.2,716.85,,0.75
1996-10-01,63,800.0,,,186.872,68.286,0.23,21.8,-1.5,0.21,10.700000000000045,17000,711.5,722.2,716.85,,0.75
1996-11-01,63,801.4,,,200.507,72.024,0.23,21.8,-1.5,0.21,10.700000000000045,17000,711.5,722.2,716.85,,0.75
1996-12-01,63,802.6,,,199.146,71.595,0.23,21.8,-1.5,0.21,10.700000000000045,17000,711.5,722.2,716.85,,0.75
1998-07-01,63,824.5,,,93.304,14.429,0.23,21.8,-1.5,0.21,10.700000000000045,17000,711.5,722.2,716.85,,0.75
1999-02-01,63,770.6,,,169.128,12.048,0.23,21.8,-1.5,0.21,10.700000000000045,17000,711.5,722.2,716.85,,0.75
1999-07-01,63,779.0,,,150.194,252.357,0.23,21.8,-1.5,0.21,10.700000000000045,17000,711.5,722.2,716.85,,0.75
1999-08-01,63,783.0,,,153.468,116.476,0.23,21.8,-1.5,0.21,10.700000000000045,17000,711.5,722.2,716.85,,0.75
1999-10-01,63,753.9,,,210.495,370.357,0.23,21.8,-1.5,0.21,10.700000000000045,17000,711.5,722.2,716.85,,0.75
2000-05-01,63,723.2,,,215.547,472.81,0.23,21.8,-1.5,0.21,10.700000000000045,17000,711.5,722.2,716.85,,0.75
2000-06-01,63,711.2,,,236.39,509.619,0.23,21.8,-1.5,0.21,10.700000000000045,17000,711.5,722.2,716.85,,0.75
2000-08-01,63,709.8,,,220.865,369.357,0.23,21.8,-1.5,0.21,10.700000000000045,17000,711.5,722.2,716.85,,0.75
2000-11-01,63,,,,143.64,267.405,0.23,21.8,-1.5,0.21,10.700000000000045,17000,711.5,722.2,716.85,,0.75
2001-01-01,63,737.0,,,148.908,396.857,0.23,21.8,-1.5,0.21,10.700000000000045,17000,711.5,722.2,716.85,,0.75
2001-02-01,63,745.5,,,136.262,316.524,0.23,21.8,-1.5,0.21,10.700000000000045,17000,711.5,722.2,716.85,,0.75
2001-03-01,63,745.2,,,138.826,350.119,0.23,21.8,-1.5,0.21,10.700000000000045,17000,711.5,722.2,716.85,,0.75
2001-05-01,63,682.0,,,121.531,213.143,0.23,21.8,-1.5,0.21,10.700000000000045,17000,711.5,722.2,716.85,,0.75
2001-06-01,63,763.1,,,83.88,60.833,0.23,21.8,-1.5,0.21,10.700000000000045,17000,711.5,722.2,716.85,,0.75
2001-07-01,63,765.4,,,105.414,68.31,0.23,21.8,-1.5,0.21,10.700000000000045,17000,711.5,722.2,716.85,,0.75
2001-08-01,63,763.2,,,99.88,54.19,0.23,21.8,-1.5,0.21,10.700000000000045,17000,711.5,722.2,716.85,,0.75
2001-09-01,63,766.7,,,105.911,57.214,0.23,21.8,-1.5,0.21,10.700000000000045,17000,711.5,722.2,716.85,,0.75
2001-10-01,63,764.8,,,107.168,67.024,0.23,21.8,-1.5,0.21,10.700000000000045,17000,711.5,722.2,716.85,,0.75
2001-11-01,63,762.4,,,102.684,51.405,0.23,21.8,-1.5,0.21,10.700000000000045,17000,711.5,722.2,716.85,,0.75
2001-12-01,63,761.7,,,95.603,57.476,0.23,21.8,-1.5,0.21,10.700000000000045,17000,711.5,722.2,716.85,,0.75
2002-01-01,63,,,,156.901,193.357,0.23,21.8,-1.5,0.21,10.700000000000045,17000,711.5,722.2,716.85,,0.75
2002-02-01,63,721.1,,,161.802,198.548,0.23,21.8,-1.5,0.21,10.700000000000045,17000,711.5,722.2,716.85,,0.75
2002-03-01,63,717.7,,,170.377,303.0,0.23,21.8,-1.5,0.21,10.700000000000045,17000,711.5,722.2,716.85,,0.75
2002-04-01,63,710.2,,,164.311,401.524,0.23,21.8,-1.5,0.21,10.700000000000045,17000,711.5,722.2,716.85,,0.75
2002-05-01,63,712.2,,,179.234,439.786,0.23,21.8,-1.5,0.21,10.700000000000045,17000,711.5,722.2,716.85,,0.75
2002-06-01,63,719.6,,,160.448,281.143,0.23,21.8,-1.5,0.21,10.700000000000045,17000,711.5,722.2,716.85,,0.75
2002-07-01,63,,,,184.298,418.19,0.23,21.8,-1.5,0.21,10.700000000000045,17000,711.5,722.2,716.85,,0.75
2002-08-01,63,702.3,,,190.802,450.024,0.23,21.8,-1.5,0.21,10.700000000000045,17000,711.5,722.2,716.85,,0.75
2002-09-01,63,,,,182.067,478.619,0.23,21.8,-1.5,0.21,10.700000000000045,17000,711.5,722.2,716.85,,0.75
2002-10-01,63,679.7,,,210.846,512.929,0.23,21.8,-1.5,0.21,10.700000000000045,17000,711.5,722.2,716.85,,0.75
2002-11-01,63,680.8,,,197.461,582.071,0.23,21.8,-1.5,0.21,10.700000000000045,17000,711.5,722.2,716.85,,0.75
2002-12-01,63,682.7,,,210.008,604.333,0.23,21.8,-1.5,0.21,10.700000000000045,17000,711.5,722.2,716.85,,0.75
2003-01-01,63,679.2,,,204.112,711.714,0.23,21.8,-1.5,0.21,10.700000000000045,17000,711.5,722.2,716.85,,0.75
2003-02-01,63,674.8,,,181.94,528.81,0.23,21.8,-1.5,0.21,10.700000000000045,17000,711.5,722.2,716.85,,0.75
2003-03-01,63,697.4,,,200.601,380.238,0.23,21.8,-1.5,0.21,10.700000000000045,17000,711.5,722.2,716.85,,0.75
2003-04-01,63,680.2,,,190.215,538.524,0.23,21.8,-1.5,0.21,10.700000000000045,17000,711.5,722.2,716.85,,0.75
2003-05-01,63,671.3,,,193.197,492.619,0.23,21.8,-1.5,0.21,10.700000000000045,17000,711.5,722.2,716.85,,0.75
2003-06-01,63,669.6,,,199.029,486.452,0.23,21.8,-1.5,0.21,10.700000000000045,17000,711.5,722.2,716.85,,0.75
2003-07-01,63,,,,204.652,497.548,0.23,21.8,-1.5,0.21,10.700000000000045,17000,711.5,722.2,716.85,,0.75
2003-08-01,63,673.5,,,193.373,544.167,0.23,21.8,-1.5,0.21,10.700000000000045,17000,711.5,722.2,716.85,,0.75
2003-09-01,63,,,,189.74,601.357,0.23,21.8,-1.5,0.21,10.700000000000045,17000,711.5,722.2,716.85,,0.75
2003-10-01,63,,,,178.073,396.381,0.23,21.8,-1.5,0.21,10.700000000000045,17000,711.5,722.2,716.85,,0.75
2003-11-01,63,,,,180.916,430.357,0.23,21.8,-1.5,0.21,10.700000000000045,17000,711.5,722.2,716.85,,0.75
2003-12-01,63,,,,177.258,476.405,0.23,21.8,-1.5,0.21,10.700000000000045,17000,711.5,722.2,716.85,,0.75
2004-01-01,63,671.1,,,187.445,501.071,0.23,21.8,-1.5,0.21,10.700000000000045,17000,711.5,722.2,716.85,,0.75
2004-02-01,63,675.6,,,169.986,422.095,0.23,21.8,-1.5,0.21,10.700000000000045,17000,711.5,722.2,716.85,,0.75
2004-03-01,63,672.2,,,177.802,418.905,0.23,21.8,-1.5,0.21,10.700000000000045,17000,711.5,722.2,716.85,,0.75
2004-04-01,63,680.0,,,164.029,386.524,0.23,21.8,-1.5,0.21,10.700000000000045,17000,711.5,722.2,716.85,,0.75
2004-05-01,63,674.7,,,175.288,408.571,0.23,21.8,-1.5,0.21,10.700000000000045,17000,711.5,722.2,716.85,,0.75
2004-06-01,63,683.3,,,167.163,264.786,0.23,21.8,-1.5,0.21,10.700000000000045,17000,711.5,722.2,716.85,,0.75
2004-07-01,63,672.9,,,149.86,239.5,0.23,21.8,-1.5,0.21,10.700000000000045,17000,711.5,722.2,716.85,,0.75
2004-08-01,63,682.5,,,132.443,157.214,0.23,21.8,-1.5,0.21,10.700000000000045,17000,711.5,722.2,716.85,,0.75
2004-09-01,63,684.9,,,151.634,390.333,0.23,21.8,-1.5,0.21,10.700000000000045,17000,711.5,722.2,716.85,,0.75
2004-10-01,63,663.4,,,147.367,313.333,0.23,21.8,-1.5,0.21,10.700000000000045,17000,711.5,722.2,716.85,,0.75
2004-11-01,63,683.0,,,127.899,245.952,0.23,21.8,-1.5,0.21,10.700000000000045,17000,711.5,722.2,716.85,,0.75
2004-12-01,63,675.2,,,126.395,182.476,0.23,21.8,-1.5,0.21,10.700000000000045,17000,711.5,722.2,716.85,,0.75
2005-01-01,63,673.3,,,145.532,290.881,0.23,21.8,-1.5,0.21,10.700000000000045,17000,711.5,722.2,716.85,,0.75
2005-02-01,63,671.9,,,135.28,280.476,0.23,21.8,-1.5,0.21,10.700000000000045,17000,711.5,722.2,716.85,,0.75
2005-03-01,63,669.3,,,146.726,283.024,0.23,21.8,-1.5,0.21,10.700000000000045,17000,711.5,722.2,716.85,,0.75
2005-04-01,63,675.0,,,135.399,240.167,0.23,21.8,-1.5,0.21,10.700000000000045,17000,711.5,722.2,716.85,,0.75
2005-05-01,63,670.5,,,147.615,254.381,0.23,21.8,-1.5,0.21,10.700000000000045,17000,711.5,722.2,716.85,,0.75
2005-06-01,63,669.2,,,142.123,258.31,0.23,21.8,-1.5,0.21,10.700000000000045,17000,711.5,722.2,716.85,,0.75
2005-07-01,63,662.3,,,160.813,389.81,0.23,21.8,-1.5,0.21,10.700000000000045,17000,711.5,722.2,716.85,,0.75
2005-08-01,63,660.2,,,163.687,397.381,0.23,21.8,-1.5,0.21,10.700000000000045,17000,711.5,722.2,716.85,,0.75
2005-09-01,63,658.6,,,149.191,379.881,0.23,21.8,-1.5,0.21,10.700000000000045,17000,711.5,722.2,716.85,,0.75
2005-10-01,63,653.7,,,162.933,414.548,0.23,21.8,-1.5,0.21,10.700000000000045,17000,711.5,722.2,716.85,,0.75
2005-11-01,63,655.8,,,146.305,368.071,0.23,21.8,-1.5,0.21,10.700000000000045,17000,711.5,722.2,716.85,,0.75
2005-12-01,63,659.9,,,155.961,387.143,0.23,21.8,-1.5,0.21,10.700000000000045,17000,711.5,722.2,716.85,,0.75
2006-01-01,63,660.2,,,151.681,370.643,0.23,21.8,-1.5,0.21,10.700000000000045,17000,711.5,722.2,716.85,811.0,0.75
2006-02-01,63,654.3,,,128.027,297.048,0.23,21.8,-1.5,0.21,10.700000000000045,17000,711.5,722.2,716.85,,0.75
2006-03-01,63,654.1,,,145.368,343.405,0.23,21.8,-1.5,0.21,10.700000000000045,17000,711.5,722.2,716.85,,0.75
2006-04-01,63,645.9,,,146.644,330.714,0.23,21.8,-1.5,0.21,10.700000000000045,17000,711.5,722.2,716.85,,0.75
2006-05-01,63,658.9,,,152.758,396.357,0.23,21.8,-1.5,0.21,10.700000000000045,17000,711.5,722.2,716.85,,0.75
2006-06-01,63,649.7,,,150.107,386.19,0.23,21.8,-1.5,0.21,10.700000000000045,17000,711.5,722.2,716.85,,0.75
2006-07-01,63,650.7,,,156.051,444.69,0.23,21.8,-1.5,0.21,10.700000000000045,17000,711.5,722.2,716.85,,0.75
2006-08-01,63,646.5,,,150.445,445.024,0.23,21.8,-1.5,0.21,10.700000000000045,17000,711.5,722.2,716.85,,0.75
2006-09-01,63,642.2,,,134.031,374.333,0.23,21.8,-1.5,0.21,10.700000000000045,17000,711.5,722.2,716.85,,0.75
2006-10-01,63,658.5,,,145.069,394.452,0.23,21.8,-1.5,0.21,10.700000000000045,17000,711.5,722.2,716.85,,0.75
2006-11-01,63,642.5,,,147.512,413.024,0.23,21.8,-1.5,0.21,10.700000000000045,17000,711.5,722.2,716.85,,0.75
2006-12-01,63,641.3,,,152.01,355.429,0.23,21.8,-1.5,0.21,10.700000000000045,17000,711.5,722.2,716.85,,0.75
2007-01-01,63,638.8,,,160.526,302.952,0.23,21.8,-1.5,0.21,10.700000000000045,17000,711.5,722.2,716.85,,0.75
2007-02-01,63,635.8,,,149.007,282.714,0.23,21.8,-1.5,0.21,10.700000000000045,17000,711.5,722.2,716.85,,0.75
2007-03-01,63,635.8,,,151.455,327.667,0.23,21.8,-1.5,0.21,10.700000000000045,17000,711.5,722.2,716.85,,0.75
2007-04-01,63,636.1,,,156.314,289.905,0.23,21.8,-1.5,0.21,10.700000000000045,17000,711.5,722.2,716.85,,0.75
2007-05-01,63,644.7,,,163.071,314.262,0.23,21.8,-1.5,0.21,10.700000000000045,17000,711.5,722.2,716.85,,0.75
2007-06-01,63,633.2,,,130.269,283.357,0.23,21.8,-1.5,0.21,10.700000000000045,17000,711.5,722.2,716.85,,0.75
2007-07-01,63,628.4,,,124.505,386.095,0.23,21.8,-1.5,0.21,10.700000000000045,17000,711.5,722.2,716.85,,0.75
2007-08-01,63,630.9,,,134.032,414.119,0.23,21.8,-1.5,0.21,10.700000000000045,17000,711.5,722.2,716.85,,0.75
2007-09-01,63,627.9,,,127.977,384.286,0.23,21.8,-1.5,0.21,10.700000000000045,17000,711.5,722.2,716.85,,0.75
2007-10-01,63,643.8,,,143.27,451.857,0.23,21.8,-1.5,0.21,10.700000000000045,17000,711.5,722.2,716.85,,0.75
2007-11-01,63,620.7,,,138.155,427.69,0.23,21.8,-1.5,0.21,10.700000000000045,17000,711.5,722.2,716.85,,0.75
2007-12-01,63,620.7,,,147.265,428.619,0.23,21.8,-1.5,0.21,10.700000000000045,17000,711.5,722.2,716.85,,0.75
2008-01-01,63,620.6,,,154.37,433.571,0.23,21.8,-1.5,0.21,10.700000000000045,17000,711.5,722.2,716.85,,0.75
2008-02-01,63,617.5,,,147.957,393.905,0.23,21.8,-1.5,0.21,10.700000000000045,17000,711.5,722.2,716.85,,0.75
2008-03-01,63,620.9,,,149.285,390.381,0.23,21.8,-1.5,0.21,10.700000000000045,17000,711.5,722.2,716.85,,0.75
2008-04-01,63,619.0,,,149.849,456.976,0.23,21.8,-1.5,0.21,10.700000000000045,17000,711.5,722.2,716.85,,0.75
2008-05-01,63,617.1,,,156.516,622.714,0.23,21.8,-1.5,0.21,10.700000000000045,17000,711.5,722.2,716.85,,0.75
2008-06-01,63,614.0,,,162.087,564.095,0.23,21.8,-1.5,0.21,10.700000000000045,17000,711.5,722.2,716.85,,0.75
2008-07-01,63,613.4,,,169.41,717.071,0.23,21.8,-1.5,0.21,10.700000000000045,17000,711.5,722.2,716.85,,0.75
2008-08-01,63,614.4,,,165.274,619.69,0.23,21.8,-1.5,0.21,10.700000000000045,17000,711.5,722.2,716.85,,0.75
2008-09-01,63,612.2,,,174.211,594.0,0.23,21.8,-1.5,0.21,10.700000000000045,17000,711.5,722.2,716.85,,0.75
2008-10-01,63,607.2,,,146.778,499.0,0.23,21.8,-1.5,0.21,10.700000000000045,17000,711.5,722.2,716.85,,0.75
2008-11-01,63,624.5,,,108.858,353.167,0.23,21.8,-1.5,0.21,10.700000000000045,17000,711.5,722.2,716.85,,0.75
2008-12-01,63,625.9,,,130.951,318.976,0.23,21.8,-1.5,0.21,10.700000000000045,17000,711.5,722.2,716.85,,0.75
2009-01-01,63,620.2,,,133.297,209.571,0.23,21.8,-1.5,0.21,10.700000000000045,17000,711.5,722.2,716.85,,0.75
2009-02-01,63,621.1,,,136.251,254.833,0.23,21.8,-1.5,0.21,10.700000000000045,17000,711.5,722.2,716.85,,0.75
2009-03-01,63,619.6,,,141.645,276.024,0.23,21.8,-1.5,0.21,10.700000000000045,17000,711.5,722.2,716.85,,0.75
2009-04-01,63,630.6,,,105.531,111.5,0.23,21.8,-1.5,0.21,10.700000000000045,17000,711.5,722.2,716.85,,0.75
2009-05-01,63,624.8,,,142.231,196.929,0.23,21.8,-1.5,0.21,10.700000000000045,17000,711.5,722.2,716.85,,0.75
2009-06-01,63,614.8,,,136.572,209.238,0.23,21.8,-1.5,0.21,10.700000000000045,17000,711.5,722.2,716.85,,0.75
2009-07-01,63,618.7,,,143.457,234.405,0.23,21.8,-1.5,0.21,10.700000000000045,17000,711.5,722.2,716.85,,0.75
2009-08-01,63,615.5,,,130.368,196.095,0.23,21.8,-1.5,0.21,10.700000000000045,17000,711.5,722.2,716.85,,0.75
2009-09-01,63,621.1,,,138.529,215.024,0.23,21.8,-1.5,0.21,10.700000000000045,17000,711.5,722.2,716.85,,0.75
2009-10-01,63,619.2,,,131.853,167.429,0.23,21.8,-1.5,0.21,10.700000000000045,17000,711.5,722.2,716.85,,0.75
2009-11-01,63,609.6,,,142.5,233.381,0.23,21.8,-1.5,0.21,10.700000000000045,17000,711.5,722.2,716.85,,0.75
2009-12-01,63,606.1,,,152.614,232.524,0.23,21.8,-1.5,0.21,10.700000000000045,17000,711.5,722.2,716.85,,0.75
2010-01-01,63,599.3,,,155.097,239.905,0.23,21.8,-1.5,0.21,10.700000000000045,17000,711.5,722.2,716.85,752.0,0.75
2010-02-01,63,603.0,,,138.232,213.071,0.23,21.8,-1.5,0.21,10.700000000000045,17000,711.5,722.2,716.85,,0.75
2010-03-01,63,595.8,,,145.988,229.857,0.23,21.8,-1.5,0.21,10.700000000000045,17000,711.5,722.2,716.85,,0.75
2010-04-01,63,597.2,,,146.061,341.143,0.23,21.8,-1.5,0.21,10.700000000000045,17000,711.5,722.2,716.85,,0.75
2010-05-01,63,595.8,,,146.45,333.048,0.23,21.8,-1.5,0.21,10.700000000000045,17000,711.5,722.2,716.85,,0.75
2010-06-01,63,598.4,,,157.093,372.929,0.23,21.8,-1.5,0.21,10.700000000000045,17000,711.5,722.2,716.85,,0.75
2010-07-01,63,588.6,,,159.03,563.69,0.23,21.8,-1.5,0.21,10.700000000000045,17000,711.5,722.2,716.85,,0.75
2010-08-01,63,599.1,,,154.81,568.452,0.23,21.8,-1.5,0.21,10.700000000000045,17000,711.5,722.2,716.85,,0.75
2010-09-01,63,584.0,,,154.659,652.952,0.23,21.8,-1.5,0.21,10.700000000000045,17000,711.5,722.2,716.85,,0.75
2010-10-01,63,581.4,,,160.488,692.262,0.23,21.8,-1.5,0.21,10.700000000000045,17000,711.5,722.2,716.85,,0.75
2010-11-01,63,598.5,,,154.969,677.833,0.23,21.8,-1.5,0.21,10.700000000000045,17000,711.5,722.2,716.85,,0.75
2010-12-01,63,579.2,,,160.79,601.905,0.23,21.8,-1.5,0.21,10.700000000000045,17000,711.5,722.2,716.85,,0.75
2011-01-01,63,586.4,,,148.361,496.976,0.23,21.8,-1.5,0.21,10.700000000000045,17000,711.5,722.2,716.85,,0.75
2011-02-01,63,586.6,,,131.01,393.929,0.23,21.8,-1.5,0.21,10.700000000000045,17000,711.5,722.2,716.85,,0.75
2011-03-01,63,588.2,,,139.924,413.0,0.23,21.8,-1.5,0.21,10.700000000000045,17000,711.5,722.2,716.85,,0.75
2011-04-01,63,588.5,,,125.989,505.619,0.23,21.8,-1.5,0.21,10.700000000000045,17000,711.5,722.2,716.85,,0.75
2011-05-01,63,594.5,,,123.293,509.381,0.23,21.8,-1.5,0.21,10.700000000000045,17000,711.5,722.2,716.85,,0.75
2011-06-01,63,597.4,,,124.74,481.286,0.23,21.8,-1.5,0.21,10.700000000000045,17000,711.5,722.2,716.85,,0.75
2011-07-01,63,595.0,,,134.603,481.571,0.23,21.8,-1.5,0.21,10.700000000000045,17000,711.5,722.2,716.85,,0.75
2011-08-01,63,587.2,,,133.911,479.143,0.23,21.8,-1.5,0.21,10.700000000000045,17000,711.5,722.2,716.85,,0.75
2011-09-01,63,586.6,,,128.671,381.048,0.23,21.8,-1.5,0.21,10.700000000000045,17000,711.5,722.2,716.85,,0.75
2011-10-01,63,590.4,,,130.049,373.405,0.23,21.8,-1.5,0.21,10.700000000000045,17000,711.5,722.2,716.85,,0.75
2011-11-01,63,590.1,,,122.897,498.524,0.23,21.8,-1.5,0.21,10.700000000000045,17000,711.5,722.2,716.85,,0.75
2011-12-01,63,580.2,,,116.405,395.857,0.23,21.8,-1.5,0.21,10.700000000000045,17000,711.5,722.2,716.85,,0.75
2012-01-01,63,585.5,,,115.329,411.738,0.23,21.8,-1.5,0.21,10.700000000000045,17000,711.5,722.2,716.85,711.0,0.75
2012-02-01,63,588.1,,,110.37,340.452,0.23,21.8,-1.5,0.21,10.700000000000045,17000,711.5,722.2,716.85,,0.75
2012-03-01,63,581.6,,,115.464,238.5,0.23,21.8,-1.5,0.21,10.700000000000045,17000,711.5,722.2,716.85,,0.75
2012-04-01,63,577.3,,,119.069,250.238,0.23,21.8,-1.5,0.21,10.700000000000045,17000,711.5,722.2,716.85,,0.75
2012-05-01,63,564.4,,,125.728,269.143,0.23,21.8,-1.5,0.21,10.700000000000045,17000,711.5,722.2,716.85,,0.75
2012-06-01,63,537.3,,,177.697,582.071,0.23,21.8,-1.5,0.21,10.700000000000045,17000,711.5,722.2,716.85,,0.75
2012-07-01,63,541.7,,,177.725,617.31,0.23,21.8,-1.5,0.21,10.700000000000045,17000,711.5,722.2,716.85,,0.75
2012-08-01,63,535.2,,,170.1,546.786,0.23,21.8,-1.5,0.21,10.700000000000045,17000,711.5,722.2,716.85,,0.75
2012-09-01,63,548.4,,,157.734,538.857,0.23,21.8,-1.5,0.21,10.700000000000045,17000,711.5,722.2,716.85,,0.75
2012-10-01,63,533.8,,,169.378,624.071,0.23,21.8,-1.5,0.21,10.700000000000045,17000,711.5,722.2,716.85,,0.75
2012-11-01,63,539.1,,,162.194,642.048,0.23,21.8,-1.5,0.21,10.700000000000045,17000,711.5,722.2,716.85,,0.75
2012-12-01,63,531.0,,,159.03,559.5,0.23,21.8,-1.5,0.21,10.700000000000045,17000,711.5,722.2,716.85,,0.75
2013-01-01,63,532.4,,,175.766,665.405,0.23,21.8,-1.5,0.21,10.700000000000045,17000,711.5,722.2,716.85,,0.75
2013-02-01,63,532.4,,,155.9,647.048,0.23,21.8,-1.5,0.21,10.700000000000045,17000,711.5,722.2,716.85,,0.75
2013-03-01,63,529.6,,,167.623,715.238,0.23,21.8,-1.5,0.21,10.700000000000045,17000,711.5,722.2,716.85,,0.75
2013-04-01,63,542.8,,,154.591,396.262,0.23,21.8,-1.5,0.21,10.700000000000045,17000,711.5,722.2,716.85,,0.75
2013-05-01,63,520.5,,,173.71,445.31,0.23,21.8,-1.5,0.21,10.700000000000045,17000,711.5,722.2,716.85,,0.75
2013-06-01,63,532.5,,,160.261,410.833,0.23,21.8,-1.5,0.21,10.700000000000045,17000,711.5,722.2,716.85,,0.75
2013-07-01,63,529.6,,,171.674,440.095,0.23,21.8,-1.5,0.21,10.700000000000045,17000,711.5,722.2,716.85,,0.75
2013-08-01,63,505.1,,,196.828,465.024,0.23,21.8,-1.5,0.21,10.700000000000045,17000,711.5,722.2,716.85,,0.75
2013-09-01,63,505.5,,,187.139,441.095,0.23,21.8,-1.5,0.21,10.700000000000045,17000,711.5,722.2,716.85,,0.75
2013-10-01,63,499.2,,,191.055,450.548,0.23,21.8,-1.5,0.21,10.700000000000045,17000,711.5,722.2,716.85,,0.75
2013-11-01,63,501.3,,,183.351,433.143,0.23,21.8,-1.5,0.21,10.700000000000045,17000,711.5,722.2,716.85,,0.75
2013-12-01,63,498.5,,,188.593,445.548,0.23,21.8,-1.5,0.21,10.700000000000045,17000,711.5,722.2,716.85,,0.75
2014-01-01,63,498.3,,,185.227,437.667,0.23,21.8,-1.5,0.21,10.700000000000045,17000,711.5,722.2,716.85,,0.75
2014-02-01,63,498.7,,,165.834,391.786,0.23,21.8,-1.5,0.21,10.700000000000045,17000,711.5,722.2,716.85,,0.75
2014-03-01,63,492.5,,,177.604,419.476,0.23,21.8,-1.5,0.21,10.700000000000045,17000,711.5,722.2,716.85,,0.75
2014-04-01,63,522.2,,,155.694,367.69,0.23,21.8,-1.5,0.21,10.700000000000045,17000,711.5,722.2,716.85,,0.75
2014-05-01,63,506.5,,,179.368,423.738,0.23,21.8,-1.5,0.21,10.700000000000045,17000,711.5,722.2,716.85,,0.75
2014-06-01,63,490.3,,,178.453,421.571,0.23,21.8,-1.5,0.21,10.700000000000045,17000,711.5,722.2,716.85,,0.75
2014-07-01,63,486.5,,,152.013,359.119,0.23,21.8,-1.5,0.21,10.700000000000045,17000,711.5,722.2,716.85,,0.75
2014-08-01,63,485.5,,,192.338,454.333,0.23,21.8,-1.5,0.21,10.700000000000045,17000,711.5,722.2,716.85,,0.75
2014-09-01,63,496.7,,,170.075,401.762,0.23,21.8,-1.5,0.21,10.700000000000045,17000,711.5,722.2,716.85,,0.75
2014-10-01,63,485.9,,,185.2,437.5,0.23,21.8,-1.5,0.21,10.700000000000045,17000,711.5,722.2,716.85,,0.75
2014-11-01,63,483.9,,,178.967,422.786,0.23,21.8,-1.5,0.21,10.700000000000045,17000,711.5,722.2,716.85,,0.75
2014-12-01,63,483.1,,,182.691,431.571,0.23,21.8,-1.5,0.21,10.700000000000045,17000,711.5,722.2,716.85,,0.75
2015-01-01,63,484.8,,,182.321,430.667,0.23,21.8,-1.5,0.21,10.700000000000045,17000,711.5,722.2,716.85,,0.75
2015-02-01,63,487.3,,,164.221,387.929,0.23,21.8,-1.5,0.21,10.700000000000045,17000,711.5,722.2,716.85,,0.75
2015-03-01,63,479.4,,,186.251,439.976,0.23,21.8,-1.5,0.21,10.700000000000045,17000,711.5,722.2,716.85,,0.75
2015-04-01,63,493.0,,,173.353,420.476,0.23,21.8,-1.5,0.21,10.700000000000045,17000,711.5,722.2,716.85,,0.75
2015-05-01,63,504.7,,,167.237,613.476,0.23,21.8,-1.5,0.21,10.700000000000045,17000,711.5,722.2,716.85,,0.75
2015-06-01,63,466.5,,,183.954,674.905,0.23,21.8,-1.5,0.21,10.700000000000045,17000,711.5,722.2,716.85,,0.75
2015-07-01,63,470.9,,,184.523,677.0,0.23,21.8,-1.5,0.21,10.700000000000045,17000,711.5,722.2,716.85,,0.75
2015-08-01,63,467.0,64.0,28.0,173.774,641.071,0.23,21.8,-1.5,0.21,10.700000000000045,17000,711.5,722.2,716.85,,0.75
2015-09-01,63,475.6,64.0,30.0,182.327,678.286,0.23,21.8,-1.5,0.21,10.700000000000045,17000,711.5,722.2,716.85,,0.75
2015-10-01,63,484.2,64.0,31.0,180.524,671.333,0.23,21.8,-1.5,0.21,10.700000000000045,17000,711.5,722.2,716.85,,0.75
2015-11-01,63,485.7,64.0,30.0,164.702,612.643,0.23,21.8,-1.5,0.21,10.700000000000045,17000,711.5,722.2,716.85,,0.75
2015-12-01,63,457.0,64.0,31.0,194.52,725.69,0.23,21.8,-1.5,0.21,10.700000000000045,17000,711.5,722.2,716.85,,0.75
2016-01-01,63,448.9,64.0,31.0,194.935,727.405,0.23,21.8,-1.5,0.21,10.700000000000045,17000,711.5,722.2,716.85,,0.75
2016-02-01,63,462.2,64.0,29.0,171.565,625.571,0.23,21.8,-1.5,0.21,10.700000000000045,17000,711.5,722.2,716.85,,0.75
2016-03-01,63,475.4,64.0,31.0,170.495,621.714,0.23,21.8,-1.5,0.21,10.700000000000045,17000,711.5,722.2,716.85,,0.75
2016-04-01,63,470.9,64.0,30.0,162.029,591.095,0.23,21.8,-1.5,0.21,10.700000000000045,17000,711.5,722.2,716.85,,0.75
2016-05-01,63,457.4,64.0,31.0,166.444,675.19,0.23,21.8,-1.5,0.21,10.700000000000045,17000,711.5,722.2,716.85,,0.75
2016-06-01,63,454.1,64.0,30.0,173.723,704.714,0.23,21.8,-1.5,0.21,10.700000000000045,17000,711.5,722.2,716.85,,0.75
2016-07-01,63,421.0,64.0,31.0,192.998,783.048,0.23,21.8,-1.5,0.21,10.700000000000045,17000,711.5,722.2,716.85,,0.75
2016-08-01,63,448.7,64.0,31.0,195.887,794.786,0.23,21.8,-1.5,0.21,10.700000000000045,17000,711.5,722.2,716.85,,0.75
2016-09-01,63,454.1,64.0,30.0,204.04,976.429,0.23,21.8,-1.5,0.21,10.700000000000045,17000,711.5,722.2,716.85,,0.75
2016-10-01,63,453.3,64.0,31.0,194.476,930.405,0.23,21.8,-1.5,0.21,10.700000000000045,17000,711.5,722.2,716.85,,0.75
2016-11-01,63,440.4,64.0,30.0,193.345,925.095,0.23,21.8,-1.5,0.21,10.700000000000045,17000,711.5,722.2,716.85,,0.75
2016-12-01,63,437.5,64.0,31.0,187.285,1031.095,0.23,21.8,-1.5,0.21,10.700000000000045,17000,711.5,722.2,716.85,,0.75
2017-01-01,63,449.3,64.0,31.0,184.058,1013.452,0.23,21.8,-1.5,0.21,10.700000000000045,17000,711.5,722.2,716.85,,0.75
2017-02-01,63,436.2,64.0,28.0,164.054,903.31,0.23,21.8,-1.5,0.21,10.700000000000045,17000,711.5,722.2,716.85,,0.75
2017-03-01,63,433.5,64.0,31.0,178.653,983.476,0.23,21.8,-1.5,0.21,10.700000000000045,17000,711.5,722.2,716.85,,0.75
2017-04-01,63,439.5,64.0,30.0,150.962,796.762,0.23,21.8,-1.5,0.21,10.700000000000045,17000,711.5,722.2,716.85,,0.75
2017-05-01,63,438.0,64.0,31.0,176.762,933.048,0.23,21.8,-1.5,0.21,10.700000000000045,17000,711.5,722.2,716.85,,0.75
2017-06-01,63,429.2,64.0,30.0,178.505,1043.643,0.23,21.8,-1.5,0.21,10.700000000000045,17000,711.5,722.2,716.85,,0.75
2017-07-01,63,421.0,64.0,31.0,182.749,1068.238,0.23,21.8,-1.5,0.21,10.700000000000045,17000,711.5,722.2,716.85,,0.75
2017-08-01,63,420.6,64.0,31.0,187.919,1562.31,0.23,21.8,-1.5,0.21,10.700000000000045,17000,711.5,722.2,716.85,,0.75
2017-09-01,63,423.0,64.0,26.0,155.898,1234.31,0.23,21.8,-1.5,0.21,10.700000000000045,17000,711.5,722.2,716.85,,0.75
2017-10-01,63,437.5,64.0,31.0,169.482,1729.191,0.23,21.8,-1.5,0.21,10.700000000000045,17000,711.5,722.2,716.85,,0.75
2017-11-01,63,407.3,64.0,30.0,176.752,1803.048,0.23,21.8,-1.5,0.21,10.700000000000045,17000,711.5,722.2,716.85,,0.75
2017-12-01,63,402.3,64.0,31.0,193.648,1975.571,0.23,21.8,-1.5,0.21,10.700000000000045,17000,711.5,722.2,716.85,,0.75
2018-01-01,63,458.5,64.0,31.0,175.656,1792.048,0.23,21.8,-1.5,0.21,10.700000000000045,17000,711.5,722.2,716.85,,0.75
2018-02-01,63,457.4,64.0,28.0,128.074,1306.643,0.23,21.8,-1.5,0.21,10.700000000000045,17000,711.5,722.2,716.85,,0.75
2018-03-01,63,452.5,64.0,31.0,138.514,1146.738,0.23,21.8,-1.5,0.21,10.700000000000045,17000,711.5,722.2,716.85,,0.75
2018-04-01,63,460.9,64.0,30.0,137.059,1134.69,0.23,21.8,-1.5,0.21,10.700000000000045,17000,711.5,722.2,716.85,,0.75
2018-05-01,63,450.2,64.0,31.0,140.442,1162.857,0.23,21.8,-1.5,0.21,10.700000000000045,17000,711.5,722.2,716.85,,0.75
2018-06-01,63,459.2,64.0,30.0,135.207,1119.452,0.23,21.8,-1.5,0.21,10.700000000000045,17000,711.5,722.2,716.85,,0.75
2018-07-01,63,455.1,32.0,31.0,139.691,1156.571,0.23,21.8,-1.5,0.21,10.700000000000045,17000,711.5,722.2,716.85,,0.75
2018-08-01,63,445.4,64.0,31.0,137.983,1142.381,0.23,21.8,-1.5,0.21,10.700000000000045,17000,711.5,722.2,716.85,,0.75
2018-09-01,63,443.4,64.0,30.0,133.714,1107.048,0.23,21.8,-1.5,0.21,10.700000000000045,17000,711.5,722.2,716.85,,0.75
2018-10-01,63,449.1,64.0,31.0,137.04,1134.571,0.23,21.8,-1.5,0.21,10.700000000000045,17000,711.5,722.2,716.85,,0.75
2018-11-01,63,447.0,64.0,30.0,134.0,1109.071,0.23,21.8,-1.5,0.21,10.700000000000045,17000,711.5,722.2,716.85,,0.75
2018-12-01,63,440.5,64.0,31.0,136.674,1131.524,0.23,21.8,-1.5,0.21,10.700000000000045,17000,711.5,722.2,716.85,,0.75
2019-01-01,63,426.8,32.0,31.0,134.286,1111.786,0.23,21.8,-1.5,0.21,10.700000000000045,17000,711.5,722.2,716.85,,0.75
2019-02-01,63,452.1,32.0,28.0,122.169,1011.667,0.23,21.8,-1.5,0.21,10.700000000000045,17000,711.5,722.2,716.85,,0.75
2019-03-01,63,338.9,64.0,31.0,134.332,1112.286,0.23,21.8,-1.5,0.21,10.700000000000045,17000,711.5,722.2,716.85,,0.75
2019-04-01,63,413.9,32.0,30.0,132.46,1096.81,0.23,21.8,-1.5,0.21,10.700000000000045,17000,711.5,722.2,716.85,,0.75
2019-05-01,63,,64.0,31.0,138.356,1145.667,0.23,21.8,-1.5,0.21,10.700000000000045,17000,711.5,722.2,716.85,,0.75
2019-06-01,63,437.0,64.0,27.0,122.049,1010.548,0.23,21.8,-1.5,0.21,10.700000000000045,17000,711.5,722.2,716.85,,0.75
2019-07-01,63,437.4,64.0,31.0,136.855,1132.929,0.23,21.8,-1.5,0.21,10.700000000000045,17000,711.5,722.2,716.85,,0.75
2019-08-01,63,432.5,64.0,31.0,136.238,1127.881,0.23,21.8,-1.5,0.21,10.700000000000045,17000,711.5,722.2,716.85,,0.75
2019-09-01,63,435.0,64.0,30.0,130.552,1080.857,0.23,21.8,-1.5,0.21,10.700000000000045,17000,711.5,722.2,716.85,,0.75
2019-10-01,63,415.0,64.0,31.0,134.845,1116.357,0.23,21.8,-1.5,0.21,10.700000000000045,17000,711.5,722.2,716.85,,0.75
2019-11-01,63,337.0,64.0,30.0,120.839,1000.595,0.23,21.8,-1.5,0.21,10.700000000000045,17000,711.5,722.2,716.85,,0.75
2019-12-01,63,368.8,64.0,31.0,124.154,1027.833,0.23,21.8,-1.5,0.21,10.700000000000045,17000,711.5,722.2,716.85,,0.75
2020-01-01,63,421.7,64.0,31.0,128.911,1067.238,0.23,21.8,-1.5,0.21,10.700000000000045,17000,711.5,722.2,716.85,,0.75
2020-02-01,63,422.8,64.0,29.0,118.719,983.071,0.23,21.8,-1.5,0.21,10.700000000000045,17000,711.5,722.2,716.85,,0.75
2020-03-01,63,422.8,64.0,31.0,128.083,1060.452,0.23,21.8,-1.5,0.21,10.700000000000045,17000,711.5,722.2,716.85,,0.75
2020-06-01,63,,64.0,30.0,124.954,1034.381,0.23,21.8,-1.5,0.21,10.700000000000045,17000,711.5,722.2,716.85,,0.75
2020-07-01,63,419.0,64.0,31.0,132.431,1096.405,0.23,21.8,-1.5,0.21,10.700000000000045,17000,711.5,722.2,716.85,,0.75
2020-08-01,63,419.0,64.0,31.0,131.46,1088.357,0.23,21.8,-1.5,0.21,10.700000000000045,17000,711.5,722.2,716.85,,0.75
2020-09-01,63,340.8,64.0,30.0,125.946,1042.881,0.23,21.8,-1.5,0.21,10.700000000000045,17000,711.5,722.2,716.85,,0.75
2020-10-01,63,370.3,64.0,27.0,145.413,1204.024,0.23,21.8,-1.5,0.21,10.700000000000045,17000,711.5,722.2,716.85,,0.75
2020-11-01,63,392.9,64.0,30.0,153.728,1272.714,0.23,21.8,-1.5,0.21,10.700000000000045,17000,711.5,722.2,716.85,,0.75
2020-12-01,63,353.9,32.0,31.0,177.997,1473.881,0.23,21.8,-1.5,0.21,10.700000000000045,17000,711.5,722.2,716.85,,0.75
2021-01-01,63,342.7,32.0,31.0,178.817,1480.5,0.23,21.8,-1.5,0.21,10.700000000000045,17000,711.5,722.2,716.85,,0.75
2021-02-01,63,362.6,32.0,28.0,150.817,1248.405,0.23,21.8,-1.5,0.21,10.700000000000045,17000,711.5,722.2,716.85,,0.75
2021-03-01,63,360.7,32.0,31.0,159.55,1320.976,0.23,21.8,-1.5,0.21,10.700000000000045,17000,711.5,722.2,716.85,,0.75
2021-04-01,63,334.6,32.0,30.0,165.128,1367.191,0.23,21.8,-1.5,0.21,10.700000000000045,17000,711.5,722.2,716.85,,0.75
2021-05-01,63,334.4,32.0,31.0,183.599,1520.024,0.23,21.8,-1.5,0.21,10.700000000000045,17000,711.5,722.2,716.85,,0.75
2021-06-01,63,326.7,32.0,30.0,178.105,1474.5,0.23,21.8,-1.5,0.21,10.700000000000045,17000,711.5,722.2,716.85,,0.75
2021-07-01,63,328.9,64.0,31.0,185.143,2088.5,0.23,21.8,-1.5,0.21,10.700000000000045,17000,711.5,722.2,716.85,,0.75
2021-08-01,63,313.0,32.0,31.0,189.462,2137.191,0.23,21.8,-1.5,0.21,10.700000000000045,17000,711.5,722.2,716.85,,0.75
2021-09-01,63,328.2,32.0,30.0,177.953,2007.595,0.23,21.8,-1.5,0.21,10.700000000000045,17000,711.5,722.2,716.85,,0.75
2021-10-01,63,306.2,32.0,31.0,190.236,2146.024,0.23,21.8,-1.5,0.21,10.700000000000045,17000,711.5,722.2,716.85,,0.75
2021-11-01,63,304.0,32.0,17.0,104.137,1174.976,0.23,21.8,-1.5,0.21,10.700000000000045,17000,711.5,722.2,716.85,,0.75
2021-12-01,63,323.9,32.0,30.0,181.905,2051.548,0.23,21.8,-1.5,0.21,10.700000000000045,17000,711.5,722.2,716.85,,0.75
2022-01-01,63,320.2,64.0,31.0,177.699,2004.167,0.23,21.8,-1.5,0.21,10.700000000000045,17000,711.5,722.2,716.85,,0.75
2022-02-01,63,310.0,64.0,28.0,158.009,1782.667,0.23,21.8,-1.5,0.21,10.700000000000045,17000,711.5,722.2,716.85,,0.75
2022-03-01,63,308.5,32.0,31.0,178.247,2010.476,0.23,21.8,-1.5,0.21,10.700000000000045,17000,711.5,722.2,716.85,,0.75
2022-04-01,63,308.1,64.0,30.0,176.925,1995.619,0.23,21.8,-1.5,0.21,10.700000000000045,17000,711.5,722.2,716.85,,0.75
2022-05-01,63,316.8,48.0,31.0,173.436,1955.905,0.23,21.8,-1.5,0.21,10.700000000000045,17000,711.5,722.2,716.85,,0.75
2022-06-01,63,322.0,48.0,30.0,162.003,1827.238,0.23,21.8,-1.5,0.21,10.700000000000045,17000,711.5,722.2,716.85,,0.75
2022-07-01,63,322.0,48.0,31.0,163.275,1841.81,0.23,21.8,-1.5,0.21,10.700000000000045,17000,711.5,722.2,716.85,,0.75
2022-08-01,63,325.0,48.0,31.0,168.711,1902.952,0.23,21.8,-1.5,0.21,10.700000000000045,17000,711.5,722.2,716.85,,0.75
2022-09-01,63,324.1,48.0,30.0,156.791,1768.5,0.23,21.8,-1.5,0.21,10.700000000000045,17000,711.5,722.2,716.85,,0.75
2022-10-01,63,348.4,48.0,31.0,133.545,1506.595,0.23,21.8,-1.5,0.21,10.700000000000045,17000,711.5,722.2,716.85,,0.75
2022-11-01,63,350.1,48.0,30.0,128.285,1447.238,0.23,21.8,-1.5,0.21,10.700000000000045,17000,711.5,722.2,716.85,,0.75
2022-12-01,63,347.7,48.0,31.0,134.02,1511.667,0.23,21.8,-1.5,0.21,10.700000000000045,17000,711.5,722.2,716.85,,0.75
2023-01-01,63,349.9,48.0,31.0,132.371,1492.905,0.23,21.8,-1.5,0.21,10.700000000000045,17000,711.5,722.2,716.85,,0.75
2023-02-01,63,342.1,48.0,28.0,123.033,1387.929,0.23,21.8,-1.5,0.21,10.700000000000045,17000,711.5,722.2,716.85,,0.75
2023-03-01,63,346.6,48.0,26.0,112.008,1263.548,0.23,21.8,-1.5,0.21,10.700000000000045,17000,711.5,722.2,716.85,,0.75
2023-04-01,63,340.0,,,,,0.23,21.8,-1.5,0.21,10.700000000000045,17000,711.5,722.2,716.85,,0.75
2023-05-01,63,344.5,48.0,31.0,131.938,1488.071,0.23,21.8,-1.5,0.21,10.700000000000045,17000,711.5,722.2,716.85,,0.75
2023-06-01,63,340.4,48.0,29.0,123.987,1398.405,0.23,21.8,-1.5,0.21,10.700000000000045,17000,711.5,722.2,716.85,,0.75
2023-07-01,63,336.0,48.0,31.0,123.828,1396.667,0.23,21.8,-1.5,0.21,10.700000000000045,17000,711.5,722.2,716.85,,0.75
2023-08-01,63,355.2,48.0,31.0,111.335,1255.786,0.23,21.8,-1.5,0.21,10.700000000000045,17000,711.5,722.2,716.85,,0.75
2023-09-01,63,351.0,48.0,30.0,107.111,1201.381,0.23,21.8,-1.5,0.21,10.700000000000045,17000,711.5,722.2,716.85,,0.75
2023-10-01,63,342.5,48.0,30.0,114.35,1289.452,0.23,21.8,-1.5,0.21,10.700000000000045,17000,711.5,722.2,716.85,,0.75
2023-11-01,63,343.7,48.0,30.0,113.113,1288.619,0.23,21.8,-1.5,0.21,10.700000000000045,17000,711.5,722.2,716.85,,0.75
2023-12-01,63,338.7,48.0,31.0,114.232,1285.929,0.23,21.8,-1.5,0.21,10.700000000000045,17000,711.5,722.2,716.85,,0.75
2024-01-01,63,345.5,64.0,31.0,111.51,1255.286,0.23,21.8,-1.5,0.21,10.700000000000045,17000,711.5,722.2,716.85,,0.75
2024-02-01,63,319.4,64.0,25.0,107.198,1206.738,0.23,21.8,-1.5,0.21,10.700000000000045,17000,711.5,722.2,716.85,,0.75
2024-03-01,63,317.3,64.0,31.0,131.032,1475.048,0.23,21.8,-1.5,0.21,10.700000000000045,17000,711.5,722.2,716.85,,0.75
2024-04-01,63,319.4,64.0,30.0,125.585,1413.738,0.23,21.8,-1.5,0.21,10.700000000000045,17000,711.5,722.2,716.85,,0.75
2024-05-01,63,327.0,64.0,21.0,78.021,878.286,0.23,21.8,-1.5,0.21,10.700000000000045,17000,711.5,722.2,716.85,,0.75
2024-06-01,63,320.7,64.0,15.0,74.887,843.024,0.23,21.8,-1.5,0.21,10.700000000000045,17000,711.5,722.2,716.85,,0.75
2024-07-01,63,288.9,64.0,31.0,151.41,1704.452,0.23,21.8,-1.5,0.21,10.700000000000045,17000,711.5,722.2,716.85,,0.75
2024-08-01,63,296.8,64.0,31.0,146.766,2594.619,0.23,21.8,-1.5,0.21,10.700000000000045,17000,711.5,722.2,716.85,,0.75
2024-09-01,63,306.4,64.0,30.0,136.775,2417.976,0.23,21.8,-1.5,0.21,10.700000000000045,17000,711.5,722.2,716.85,,0.75
2024-10-01,63,316.9,64.0,31.0,142.072,2511.619,0.23,21.8,-1.5,0.21,10.700000000000045,17000,711.5,722.2,716.85,,0.75
2024-11-01,63,299.8,64.0,30.0,142.691,2522.571,0.23,21.8,-1.5,0.21,10.700000000000045,17000,711.5,722.2,716.85,,0.75
2024-12-01,63,289.5,64.0,31.0,148.703,2628.857,0.23,21.8,-1.5,0.21,10.700000000000045,17000,711.5,722.2,716.85,,0.75
2025-01-01,63,294.7,64.0,31.0,140.814,2489.381,0.23,21.8,-1.5,0.21,10.700000000000045,17000,711.5,722.2,716.85,,0.75
2025-02-01,63,276.6,64.0,22.0,104.288,1843.667,0.23,21.8,-1.5,0.21,10.700000000000045,17000,711.5,722.2,716.85,,0.75
2025-03-01,63,291.1,64.0,26.0,106.016,1874.214,0.23,21.8,-1.5,0.21,10.700000000000045,17000,711.5,722.2,716.85,,0.75
2025-04-01,63,285.0,64.0,30.0,125.142,2212.333,0.23,21.8,-1.5,0.21,10.700000000000045,17000,711.5,722.2,716.85,,0.75
2025-05-01,63,275.7,64.0,31.0,139.223,2461.262,0.23,21.8,-1.5,0.21,10.700000000000045,17000,711.5,722.2,716.85,,0.75
2025-06-01,63,276.8,64.0,30.0,128.887,2278.548,0.23,21.8,-1.5,0.21,10.700000000000045,17000,711.5,722.2,716.85,,0.75
1996-08-01,65,800.8,,,98.22,0.0,0.21,22.2,-2.4,0.19,15.240185320653495,16000,711.4118507681053,726.6520360887588,719.031943428432,,0.72
1996-09-01,65,795.0,,,183.009,0.0,0.21,22.2,-2.4,0.19,15.240185320653495,16000,711.4118507681053,726.6520360887588,719.031943428432,,0.72
1996-10-01,65,778.2,,,294.697,0.0,0.21,22.2,-2.4,0.19,15.240185320653495,16000,711.4118507681053,726.6520360887588,719.031943428432,,0.72
1996-11-01,65,779.8,,,336.851,0.0,0.21,22.2,-2.4,0.19,15.240185320653495,16000,711.4118507681053,726.6520360887588,719.031943428432,,0.72
1996-12-01,65,800.0,,,342.94,0.0,0.21,22.2,-2.4,0.19,15.240185320653495,16000,711.4118507681053,726.6520360887588,719.031943428432,,0.72
1998-07-01,65,750.8,,,328.549,17.881,0.21,22.2,-2.4,0.19,15.240185320653495,16000,711.4118507681053,726.6520360887588,719.031943428432,,0.72
1999-02-01,65,745.2,,,273.834,14.357,0.21,22.2,-2.4,0.19,15.240185320653495,16000,711.4118507681053,726.6520360887588,719.031943428432,,0.72
1999-07-01,65,749.0,,,267.87,51.595,0.21,22.2,-2.4,0.19,15.240185320653495,16000,711.4118507681053,726.6520360887588,719.031943428432,,0.72
1999-08-01,65,748.2,,,261.349,49.738,0.21,22.2,-2.4,0.19,15.240185320653495,16000,711.4118507681053,726.6520360887588,719.031943428432,,0.72
1999-10-01,65,725.8,,,338.348,59.0,0.21,22.2,-2.4,0.19,15.240185320653495,16000,711.4118507681053,726.6520360887588,719.031943428432,,0.72
2000-05-01,65,741.8,,,250.201,14.238,0.21,22.2,-2.4,0.19,15.240185320653495,16000,711.4118507681053,726.6520360887588,719.031943428432,,0.72
2000-06-01,65,737.5,,,252.93,13.262,0.21,22.2,-2.4,0.19,15.240185320653495,16000,711.4118507681053,726.6520360887588,719.031943428432,,0.72
2000-08-01,65,771.8,,,143.669,7.905,0.21,22.2,-2.4,0.19,15.240185320653495,16000,711.4118507681053,726.6520360887588,719.031943428432,,0.72
2000-11-01,65,733.5,,,251.772,25.929,0.21,22.2,-2.4,0.19,15.240185320653495,16000,711.4118507681053,726.6520360887588,719.031943428432,,0.72
2001-01-01,65,730.2,,,292.913,30.095,0.21,22.2,-2.4,0.19,15.240185320653495,16000,711.4118507681053,726.6520360887588,719.031943428432,,0.72
2001-02-01,65,729.2,,,248.354,25.452,0.21,22.2,-2.4,0.19,15.240185320653495,16000,711.4118507681053,726.6520360887588,719.031943428432,,0.72
2001-03-01,65,729.5,,,238.057,24.476,0.21,22.2,-2.4,0.19,15.240185320653495,16000,711.4118507681053,726.6520360887588,719.031943428432,,0.72
2001-05-01,65,707.2,,,298.822,3.69,0.21,22.2,-2.4,0.19,15.240185320653495,16000,711.4118507681053,726.6520360887588,719.031943428432,,0.72
2001-06-01,65,710.5,,,304.999,1.881,0.21,22.2,-2.4,0.19,15.240185320653495,16000,711.4118507681053,726.6520360887588,719.031943428432,,0.72
2001-07-01,65,710.3,,,285.19,5.857,0.21,22.2,-2.4,0.19,15.240185320653495,16000,711.4118507681053,726.6520360887588,719.031943428432,,0.72
2001-08-01,65,710.8,,,270.663,5.595,0.21,22.2,-2.4,0.19,15.240185320653495,16000,711.4118507681053,726.6520360887588,719.031943428432,,0.72
2001-09-01,65,721.5,,,292.769,16.976,0.21,22.2,-2.4,0.19,15.240185320653495,16000,711.4118507681053,726.6520360887588,719.031943428432,,0.72
2001-10-01,65,703.9,,,280.005,16.214,0.21,22.2,-2.4,0.19,15.240185320653495,16000,711.4118507681053,726.6520360887588,719.031943428432,,0.72
2001-11-01,65,704.4,,,278.894,8.524,0.21,22.2,-2.4,0.19,15.240185320653495,16000,711.4118507681053,726.6520360887588,719.031943428432,,0.72
2001-12-01,65,698.4,,,289.623,8.81,0.21,22.2,-2.4,0.19,15.240185320653495,16000,711.4118507681053,726.6520360887588,719.031943428432,,0.72
2002-01-01,65,,,,289.244,4.452,0.21,22.2,-2.4,0.19,15.240185320653495,16000,711.4118507681053,726.6520360887588,719.031943428432,,0.72
2002-02-01,65,698.5,,,262.08,6.81,0.21,22.2,-2.4,0.19,15.240185320653495,16000,711.4118507681053,726.6520360887588,719.031943428432,,0.72
2002-03-01,65,691.1,,,271.878,7.095,0.21,22.2,-2.4,0.19,15.240185320653495,16000,711.4118507681053,726.6520360887588,719.031943428432,,0.72
2002-04-01,65,686.5,,,266.98,18.333,0.21,22.2,-2.4,0.19,15.240185320653495,16000,711.4118507681053,726.6520360887588,719.031943428432,,0.72
2002-05-01,65,695.4,,,281.237,27.0,0.21,22.2,-2.4,0.19,15.240185320653495,16000,711.4118507681053,726.6520360887588,719.031943428432,,0.72
2002-06-01,65,693.4,,,268.562,12.048,0.21,22.2,-2.4,0.19,15.240185320653495,16000,711.4118507681053,726.6520360887588,719.031943428432,,0.72
2002-07-01,65,,,,263.771,12.881,0.21,22.2,-2.4,0.19,15.240185320653495,16000,711.4118507681053,726.6520360887588,719.031943428432,,0.72
2002-08-01,65,696.7,,,263.633,7.143,0.21,22.2,-2.4,0.19,15.240185320653495,16000,711.4118507681053,726.6520360887588,719.031943428432,,0.72
2002-09-01,65,,,,264.821,49.524,0.21,22.2,-2.4,0.19,15.240185320653495,16000,711.4118507681053,726.6520360887588,719.031943428432,,0.72
2002-10-01,65,683.2,,,282.943,52.857,0.21,22.2,-2.4,0.19,15.240185320653495,16000,711.4118507681053,726.6520360887588,719.031943428432,,0.72
2002-11-01,65,684.1,,,280.831,52.452,0.21,22.2,-2.4,0.19,15.240185320653495,16000,711.4118507681053,726.6520360887588,719.031943428432,,0.72
2002-12-01,65,666.1,,,321.318,38.619,0.21,22.2,-2.4,0.19,15.240185320653495,16000,711.4118507681053,726.6520360887588,719.031943428432,,0.72
2003-01-01,65,665.7,,,322.846,165.286,0.21,22.2,-2.4,0.19,15.240185320653495,16000,711.4118507681053,726.6520360887588,719.031943428432,,0.72
2003-02-01,65,661.5,,,285.399,121.238,0.21,22.2,-2.4,0.19,15.240185320653495,16000,711.4118507681053,726.6520360887588,719.031943428432,,0.72
2003-03-01,65,654.3,,,305.681,79.905,0.21,22.2,-2.4,0.19,15.240185320653495,16000,711.4118507681053,726.6520360887588,719.031943428432,,0.72
2003-04-01,65,654.3,,,318.848,106.929,0.21,22.2,-2.4,0.19,15.240185320653495,16000,711.4118507681053,726.6520360887588,719.031943428432,,0.72
2003-05-01,65,657.7,,,300.107,126.238,0.21,22.2,-2.4,0.19,15.240185320653495,16000,711.4118507681053,726.6520360887588,719.031943428432,,0.72
2003-06-01,65,656.9,,,297.446,53.905,0.21,22.2,-2.4,0.19,15.240185320653495,16000,711.4118507681053,726.6520360887588,719.031943428432,,0.72
2003-07-01,65,,,,303.922,129.833,0.21,22.2,-2.4,0.19,15.240185320653495,16000,711.4118507681053,726.6520360887588,719.031943428432,,0.72
2003-08-01,65,664.2,,,281.537,82.548,0.21,22.2,-2.4,0.19,15.240185320653495,16000,711.4118507681053,726.6520360887588,719.031943428432,,0.72
2003-09-01,65,,,,260.431,86.429,0.21,22.2,-2.4,0.19,15.240185320653495,16000,711.4118507681053,726.6520360887588,719.031943428432,,0.72
2003-10-01,65,,,,268.939,30.548,0.21,22.2,-2.4,0.19,15.240185320653495,16000,711.4118507681053,726.6520360887588,719.031943428432,,0.72
2003-11-01,65,,,,269.22,35.429,0.21,22.2,-2.4,0.19,15.240185320653495,16000,711.4118507681053,726.6520360887588,719.031943428432,,0.72
2003-12-01,65,,,,290.276,166.214,0.21,22.2,-2.4,0.19,15.240185320653495,16000,711.4118507681053,726.6520360887588,719.031943428432,,0.72
2004-01-01,65,669.0,,,249.331,118.881,0.21,22.2,-2.4,0.19,15.240185320653495,16000,711.4118507681053,726.6520360887588,719.031943428432,,0.72
2004-02-01,65,666.5,,,224.605,114.119,0.21,22.2,-2.4,0.19,15.240185320653495,16000,711.4118507681053,726.6520360887588,719.031943428432,,0.72
2004-03-01,65,682.2,,,227.795,31.167,0.21,22.2,-2.4,0.19,15.240185320653495,16000,711.4118507681053,726.6520360887588,719.031943428432,,0.72
2004-04-01,65,683.9,,,223.224,30.548,0.21,22.2,-2.4,0.19,15.240185320653495,16000,711.4118507681053,726.6520360887588,719.031943428432,,0.72
2004-05-01,65,668.8,,,234.678,34.548,0.21,22.2,-2.4,0.19,15.240185320653495,16000,711.4118507681053,726.6520360887588,719.031943428432,,0.72
2004-06-01,65,680.4,,,228.297,39.024,0.21,22.2,-2.4,0.19,15.240185320653495,16000,711.4118507681053,726.6520360887588,719.031943428432,,0.72
2004-07-01,65,669.2,,,223.208,34.286,0.21,22.2,-2.4,0.19,15.240185320653495,16000,711.4118507681053,726.6520360887588,719.031943428432,,0.72
2004-08-01,65,672.0,,,231.636,35.905,0.21,22.2,-2.4,0.19,15.240185320653495,16000,711.4118507681053,726.6520360887588,719.031943428432,,0.72
2004-09-01,65,682.5,,,223.281,48.548,0.21,22.2,-2.4,0.19,15.240185320653495,16000,711.4118507681053,726.6520360887588,719.031943428432,,0.72
2004-10-01,65,668.0,,,228.48,45.381,0.21,22.2,-2.4,0.19,15.240185320653495,16000,711.4118507681053,726.6520360887588,719.031943428432,,0.72
2004-11-01,65,668.8,,,220.723,45.595,0.21,22.2,-2.4,0.19,15.240185320653495,16000,711.4118507681053,726.6520360887588,719.031943428432,,0.72
2004-12-01,65,663.7,,,228.31,40.429,0.21,22.2,-2.4,0.19,15.240185320653495,16000,711.4118507681053,726.6520360887588,719.031943428432,,0.72
2005-01-01,65,673.6,,,222.75,45.071,0.21,22.2,-2.4,0.19,15.240185320653495,16000,711.4118507681053,726.6520360887588,719.031943428432,,0.72
2005-02-01,65,667.2,,,201.223,39.31,0.21,22.2,-2.4,0.19,15.240185320653495,16000,711.4118507681053,726.6520360887588,719.031943428432,,0.72
2005-03-01,65,665.0,,,212.675,43.929,0.21,22.2,-2.4,0.19,15.240185320653495,16000,711.4118507681053,726.6520360887588,719.031943428432,,0.72
2005-04-01,65,671.2,,,199.131,10.333,0.21,22.2,-2.4,0.19,15.240185320653495,16000,711.4118507681053,726.6520360887588,719.031943428432,,0.72
2005-05-01,65,672.4,,,220.766,23.143,0.21,22.2,-2.4,0.19,15.240185320653495,16000,711.4118507681053,726.6520360887588,719.031943428432,,0.72
2005-06-01,65,660.5,,,219.711,23.071,0.21,22.2,-2.4,0.19,15.240185320653495,16000,711.4118507681053,726.6520360887588,719.031943428432,,0.72
2005-07-01,65,657.0,,,237.24,24.929,0.21,22.2,-2.4,0.19,15.240185320653495,16000,711.4118507681053,726.6520360887588,719.031943428432,,0.72
2005-08-01,65,653.6,,,237.286,26.905,0.21,22.2,-2.4,0.19,15.240185320653495,16000,711.4118507681053,726.6520360887588,719.031943428432,,0.72
2005-09-01,65,658.4,,,227.08,68.929,0.21,22.2,-2.4,0.19,15.240185320653495,16000,711.4118507681053,726.6520360887588,719.031943428432,,0.72
2005-10-01,65,651.3,,,243.558,70.571,0.21,22.2,-2.4,0.19,15.240185320653495,16000,711.4118507681053,726.6520360887588,719.031943428432,,0.72
2005-11-01,65,654.8,,,234.403,63.976,0.21,22.2,-2.4,0.19,15.240185320653495,16000,711.4118507681053,726.6520360887588,719.031943428432,,0.72
2005-12-01,65,650.2,,,242.771,71.905,0.21,22.2,-2.4,0.19,15.240185320653495,16000,711.4118507681053,726.6520360887588,719.031943428432,,0.72
2006-01-01,65,656.1,,,235.501,79.238,0.21,22.2,-2.4,0.19,15.240185320653495,16000,711.4118507681053,726.6520360887588,719.031943428432,769.0,0.72
2006-02-01,65,648.3,,,216.783,73.5,0.21,22.2,-2.4,0.19,15.240185320653495,16000,711.4118507681053,726.6520360887588,719.031943428432,,0.72
2006-03-01,65,646.4,,,215.788,59.786,0.21,22.2,-2.4,0.19,15.240185320653495,16000,711.4118507681053,726.6520360887588,719.031943428432,,0.72
2006-04-01,65,645.4,,,215.772,27.262,0.21,22.2,-2.4,0.19,15.240185320653495,16000,711.4118507681053,726.6520360887588,719.031943428432,,0.72
2006-05-01,65,647.7,,,231.998,35.571,0.21,22.2,-2.4,0.19,15.240185320653495,16000,711.4118507681053,726.6520360887588,719.031943428432,,0.72
2006-06-01,65,652.5,,,226.386,63.024,0.21,22.2,-2.4,0.19,15.240185320653495,16000,711.4118507681053,726.6520360887588,719.031943428432,,0.72
2006-07-01,65,646.0,,,221.224,72.31,0.21,22.2,-2.4,0.19,15.240185320653495,16000,711.4118507681053,726.6520360887588,719.031943428432,,0.72
2006-08-01,65,643.5,,,224.282,128.476,0.21,22.2,-2.4,0.19,15.240185320653495,16000,711.4118507681053,726.6520360887588,719.031943428432,,0.72
2006-09-01,65,646.7,,,204.172,59.238,0.21,22.2,-2.4,0.19,15.240185320653495,16000,711.4118507681053,726.6520360887588,719.031943428432,,0.72
2006-10-01,65,647.2,,,221.542,70.667,0.21,22.2,-2.4,0.19,15.240185320653495,16000,711.4118507681053,726.6520360887588,719.031943428432,,0.72
2006-11-01,65,639.8,,,213.432,72.119,0.21,22.2,-2.4,0.19,15.240185320653495,16000,711.4118507681053,726.6520360887588,719.031943428432,,0.72
2006-12-01,65,639.8,,,226.538,62.833,0.21,22.2,-2.4,0.19,15.240185320653495,16000,711.4118507681053,726.6520360887588,719.031943428432,,0.72
2007-01-01,65,636.9,,,227.399,72.286,0.21,22.2,-2.4,0.19,15.240185320653495,16000,711.4118507681053,726.6520360887588,719.031943428432,,0.72
2007-02-01,65,632.2,,,209.057,67.0,0.21,22.2,-2.4,0.19,15.240185320653495,16000,711.4118507681053,726.6520360887588,719.031943428432,,0.72
2007-03-01,65,633.0,,,224.012,71.952,0.21,22.2,-2.4,0.19,15.240185320653495,16000,711.4118507681053,726.6520360887588,719.031943428432,,0.72
2007-04-01,65,637.1,,,214.019,65.381,0.21,22.2,-2.4,0.19,15.240185320653495,16000,711.4118507681053,726.6520360887588,719.031943428432,,0.72
2007-05-01,65,628.5,,,230.961,76.81,0.21,22.2,-2.4,0.19,15.240185320653495,16000,711.4118507681053,726.6520360887588,719.031943428432,,0.72
2007-06-01,65,632.8,,,202.744,42.667,0.21,22.2,-2.4,0.19,15.240185320653495,16000,711.4118507681053,726.6520360887588,719.031943428432,,0.72
2007-07-01,65,626.8,,,240.176,41.333,0.21,22.2,-2.4,0.19,15.240185320653495,16000,711.4118507681053,726.6520360887588,719.031943428432,,0.72
2007-08-01,65,624.1,,,181.116,38.81,0.21,22.2,-2.4,0.19,15.240185320653495,16000,711.4118507681053,726.6520360887588,719.031943428432,,0.72
2007-09-01,65,630.5,,,199.344,25.69,0.21,22.2,-2.4,0.19,15.240185320653495,16000,711.4118507681053,726.6520360887588,719.031943428432,,0.72
2007-10-01,65,625.5,,,219.373,39.595,0.21,22.2,-2.4,0.19,15.240185320653495,16000,711.4118507681053,726.6520360887588,719.031943428432,,0.72
2007-11-01,65,639.9,,,208.259,45.19,0.21,22.2,-2.4,0.19,15.240185320653495,16000,711.4118507681053,726.6520360887588,719.031943428432,,0.72
2007-12-01,65,619.6,,,222.931,60.571,0.21,22.2,-2.4,0.19,15.240185320653495,16000,711.4118507681053,726.6520360887588,719.031943428432,,0.72
2008-01-01,65,616.6,,,226.518,56.238,0.21,22.2,-2.4,0.19,15.240185320653495,16000,711.4118507681053,726.6520360887588,719.031943428432,,0.72
2008-02-01,65,616.3,,,220.307,62.31,0.21,22.2,-2.4,0.19,15.240185320653495,16000,711.4118507681053,726.6520360887588,719.031943428432,,0.72
2008-03-01,65,631.2,,,220.672,59.643,0.21,22.2,-2.4,0.19,15.240185320653495,16000,711.4118507681053,726.6520360887588,719.031943428432,,0.72
2008-04-01,65,613.3,,,222.977,82.143,0.21,22.2,-2.4,0.19,15.240185320653495,16000,711.4118507681053,726.6520360887588,719.031943428432,,0.72
2008-05-01,65,615.1,,,217.423,71.786,0.21,22.2,-2.4,0.19,15.240185320653495,16000,711.4118507681053,726.6520360887588,719.031943428432,,0.72
2008-06-01,65,609.9,,,226.454,49.19,0.21,22.2,-2.4,0.19,15.240185320653495,16000,711.4118507681053,726.6520360887588,719.031943428432,,0.72
2008-07-01,65,611.9,,,227.95,52.024,0.21,22.2,-2.4,0.19,15.240185320653495,16000,711.4118507681053,726.6520360887588,719.031943428432,,0.72
2008-08-01,65,605.4,,,229.683,68.81,0.21,22.2,-2.4,0.19,15.240185320653495,16000,711.4118507681053,726.6520360887588,719.031943428432,,0.72
2008-09-01,65,610.6,,,193.841,52.619,0.21,22.2,-2.4,0.19,15.240185320653495,16000,711.4118507681053,726.6520360887588,719.031943428432,,0.72
2008-10-01,65,599.6,,,227.62,65.857,0.21,22.2,-2.4,0.19,15.240185320653495,16000,711.4118507681053,726.6520360887588,719.031943428432,,0.72
2008-11-01,65,618.0,,,202.5,60.81,0.21,22.2,-2.4,0.19,15.240185320653495,16000,711.4118507681053,726.6520360887588,719.031943428432,,0.72
2008-12-01,65,602.3,,,226.497,104.048,0.21,22.2,-2.4,0.19,15.240185320653495,16000,711.4118507681053,726.6520360887588,719.031943428432,,0.72
2009-01-01,65,610.3,,,228.979,110.048,0.21,22.2,-2.4,0.19,15.240185320653495,16000,711.4118507681053,726.6520360887588,719.031943428432,,0.72
2009-02-01,65,592.8,,,210.677,103.595,0.21,22.2,-2.4,0.19,15.240185320653495,16000,711.4118507681053,726.6520360887588,719.031943428432,,0.72
2009-03-01,65,597.2,,,231.913,114.286,0.21,22.2,-2.4,0.19,15.240185320653495,16000,711.4118507681053,726.6520360887588,719.031943428432,,0.72
2009-04-01,65,507.3,,,206.834,76.595,0.21,22.2,-2.4,0.19,15.240185320653495,16000,711.4118507681053,726.6520360887588,719.031943428432,,0.72
2009-05-01,65,596.1,,,231.164,94.667,0.21,22.2,-2.4,0.19,15.240185320653495,16000,711.4118507681053,726.6520360887588,719.031943428432,,0.72
2009-06-01,65,603.6,,,187.766,83.929,0.21,22.2,-2.4,0.19,15.240185320653495,16000,711.4118507681053,726.6520360887588,719.031943428432,,0.72
2009-07-01,65,596.1,,,233.715,96.429,0.21,22.2,-2.4,0.19,15.240185320653495,16000,711.4118507681053,726.6520360887588,719.031943428432,,0.72
2009-08-01,65,586.6,,,237.272,98.738,0.21,22.2,-2.4,0.19,15.240185320653495,16000,711.4118507681053,726.6520360887588,719.031943428432,,0.72
2009-09-01,65,593.4,,,225.257,99.976,0.21,22.2,-2.4,0.19,15.240185320653495,16000,711.4118507681053,726.6520360887588,719.031943428432,,0.72
2009-10-01,65,585.3,,,210.292,89.857,0.21,22.2,-2.4,0.19,15.240185320653495,16000,711.4118507681053,726.6520360887588,719.031943428432,,0.72
2009-11-01,65,583.2,,,227.398,150.595,0.21,22.2,-2.4,0.19,15.240185320653495,16000,711.4118507681053,726.6520360887588,719.031943428432,,0.72
2009-12-01,65,575.6,,,230.72,117.5,0.21,22.2,-2.4,0.19,15.240185320653495,16000,711.4118507681053,726.6520360887588,719.031943428432,,0.72
2010-01-01,65,571.3,,,277.492,14.119,0.21,22.2,-2.4,0.19,15.240185320653495,16000,711.4118507681053,726.6520360887588,719.031943428432,715.0,0.72
2010-02-01,65,573.1,,,224.061,71.69,0.21,22.2,-2.4,0.19,15.240185320653495,16000,711.4118507681053,726.6520360887588,719.031943428432,,0.72
2010-03-01,65,575.5,,,236.827,75.762,0.21,22.2,-2.4,0.19,15.240185320653495,16000,711.4118507681053,726.6520360887588,719.031943428432,,0.72
2010-04-01,65,569.3,,,237.969,54.024,0.21,22.2,-2.4,0.19,15.240185320653495,16000,711.4118507681053,726.6520360887588,719.031943428432,,0.72
2010-05-01,65,562.3,,,256.97,39.262,0.21,22.2,-2.4,0.19,15.240185320653495,16000,711.4118507681053,726.6520360887588,719.031943428432,,0.72
2010-06-01,65,559.0,,,245.811,54.69,0.21,22.2,-2.4,0.19,15.240185320653495,16000,711.4118507681053,726.6520360887588,719.031943428432,,0.72
2010-07-01,65,559.3,,,253.563,62.429,0.21,22.2,-2.4,0.19,15.240185320653495,16000,711.4118507681053,726.6520360887588,719.031943428432,,0.72
2010-08-01,65,556.6,,,244.435,40.381,0.21,22.2,-2.4,0.19,15.240185320653495,16000,711.4118507681053,726.6520360887588,719.031943428432,,0.72
2010-09-01,65,555.7,,,245.901,51.595,0.21,22.2,-2.4,0.19,15.240185320653495,16000,711.4118507681053,726.6520360887588,719.031943428432,,0.72
2010-10-01,65,554.4,,,253.523,112.452,0.21,22.2,-2.4,0.19,15.240185320653495,16000,711.4118507681053,726.6520360887588,719.031943428432,,0.72
2010-11-01,65,563.8,,,251.847,110.857,0.21,22.2,-2.4,0.19,15.240185320653495,16000,711.4118507681053,726.6520360887588,719.031943428432,,0.72
2010-12-01,65,553.1,,,264.243,116.333,0.21,22.2,-2.4,0.19,15.240185320653495,16000,711.4118507681053,726.6520360887588,719.031943428432,,0.72
2011-01-01,65,546.2,,,253.529,114.571,0.21,22.2,-2.4,0.19,15.240185320653495,16000,711.4118507681053,726.6520360887588,719.031943428432,,0.72
2011-02-01,65,584.2,,,227.268,71.357,0.21,22.2,-2.4,0.19,15.240185320653495,16000,711.4118507681053,726.6520360887588,719.031943428432,,0.72
2011-03-01,65,556.5,,,232.339,40.833,0.21,22.2,-2.4,0.19,15.240185320653495,16000,711.4118507681053,726.6520360887588,719.031943428432,,0.72
2011-04-01,65,556.7,,,231.946,68.0,0.21,22.2,-2.4,0.19,15.240185320653495,16000,711.4118507681053,726.6520360887588,719.031943428432,,0.72
2011-05-01,65,542.5,,,195.106,57.19,0.21,22.2,-2.4,0.19,15.240185320653495,16000,711.4118507681053,726.6520360887588,719.031943428432,,0.72
2011-06-01,65,538.9,,,192.179,50.929,0.21,22.2,-2.4,0.19,15.240185320653495,16000,711.4118507681053,726.6520360887588,719.031943428432,,0.72
2011-07-01,65,525.0,,,247.438,23.976,0.21,22.2,-2.4,0.19,15.240185320653495,16000,711.4118507681053,726.6520360887588,719.031943428432,,0.72
2011-08-01,65,538.7,,,230.115,55.0,0.21,22.2,-2.4,0.19,15.240185320653495,16000,711.4118507681053,726.6520360887588,719.031943428432,,0.72
2011-09-01,65,537.3,,,215.512,49.905,0.21,22.2,-2.4,0.19,15.240185320653495,16000,711.4118507681053,726.6520360887588,719.031943428432,,0.72
2011-10-01,65,534.2,,,231.002,53.5,0.21,22.2,-2.4,0.19,15.240185320653495,16000,711.4118507681053,726.6520360887588,719.031943428432,,0.72
2011-11-01,65,532.7,,,218.858,70.643,0.21,22.2,-2.4,0.19,15.240185320653495,16000,711.4118507681053,726.6520360887588,719.031943428432,,0.72
2011-12-01,65,528.4,,,219.652,70.905,0.21,22.2,-2.4,0.19,15.240185320653495,16000,711.4118507681053,726.6520360887588,719.031943428432,,0.72
2012-01-01,65,528.7,,,218.742,83.714,0.21,22.2,-2.4,0.19,15.240185320653495,16000,711.4118507681053,726.6520360887588,719.031943428432,,0.72
2012-02-01,65,525.2,,,218.55,80.929,0.21,22.2,-2.4,0.19,15.240185320653495,16000,711.4118507681053,726.6520360887588,719.031943428432,,0.72
2012-03-01,65,544.5,,,205.82,82.881,0.21,22.2,-2.4,0.19,15.240185320653495,16000,711.4118507681053,726.6520360887588,719.031943428432,,0.72
2012-04-01,65,518.8,,,214.634,86.452,0.21,22.2,-2.4,0.19,15.240185320653495,16000,711.4118507681053,726.6520360887588,719.031943428432,,0.72
2012-05-01,65,516.1,,,223.554,194.5,0.21,22.2,-2.4,0.19,15.240185320653495,16000,711.4118507681053,726.6520360887588,719.031943428432,,0.72
2012-06-01,65,518.3,,,220.701,306.881,0.21,22.2,-2.4,0.19,15.240185320653495,16000,711.4118507681053,726.6520360887588,719.031943428432,,0.72
2012-07-01,65,519.5,,,209.292,271.524,0.21,22.2,-2.4,0.19,15.240185320653495,16000,711.4118507681053,726.6520360887588,719.031943428432,,0.72
2012-08-01,65,517.7,,,208.178,212.429,0.21,22.2,-2.4,0.19,15.240185320653495,16000,711.4118507681053,726.6520360887588,719.031943428432,,0.72
2012-09-01,65,531.1,,,215.764,220.143,0.21,22.2,-2.4,0.19,15.240185320653495,16000,711.4118507681053,726.6520360887588,719.031943428432,,0.72
2012-10-01,65,511.9,,,212.943,142.738,0.21,22.2,-2.4,0.19,15.240185320653495,16000,711.4118507681053,726.6520360887588,719.031943428432,,0.72
2012-11-01,65,513.4,,,218.216,139.81,0.21,22.2,-2.4,0.19,15.240185320653495,16000,711.4118507681053,726.6520360887588,719.031943428432,,0.72
2012-12-01,65,520.9,,,197.34,130.476,0.21,22.2,-2.4,0.19,15.240185320653495,16000,711.4118507681053,726.6520360887588,719.031943428432,,0.72
2013-01-01,65,517.8,,,206.752,100.452,0.21,22.2,-2.4,0.19,15.240185320653495,16000,711.4118507681053,726.6520360887588,719.031943428432,,0.72
2013-02-01,65,518.2,,,188.658,83.929,0.21,22.2,-2.4,0.19,15.240185320653495,16000,711.4118507681053,726.6520360887588,719.031943428432,,0.72
2013-03-01,65,536.1,,,205.136,111.762,0.21,22.2,-2.4,0.19,15.240185320653495,16000,711.4118507681053,726.6520360887588,719.031943428432,,0.72
2013-04-01,65,534.2,,,193.926,105.643,0.21,22.2,-2.4,0.19,15.240185320653495,16000,711.4118507681053,726.6520360887588,719.031943428432,,0.72
2013-05-01,65,509.4,,,216.399,184.548,0.21,22.2,-2.4,0.19,15.240185320653495,16000,711.4118507681053,726.6520360887588,719.031943428432,,0.72
2013-06-01,65,509.2,,,194.163,165.571,0.21,22.2,-2.4,0.19,15.240185320653495,16000,711.4118507681053,726.6520360887588,719.031943428432,,0.72
2013-07-01,65,517.6,,,211.493,304.548,0.21,22.2,-2.4,0.19,15.240185320653495,16000,711.4118507681053,726.6520360887588,719.031943428432,,0.72
2013-08-01,65,500.7,,,215.362,331.976,0.21,22.2,-2.4,0.19,15.240185320653495,16000,711.4118507681053,726.6520360887588,719.031943428432,,0.72
2013-09-01,65,496.2,,,210.286,176.405,0.21,22.2,-2.4,0.19,15.240185320653495,16000,711.4118507681053,726.6520360887588,719.031943428432,,0.72
2013-10-01,65,497.2,,,213.331,186.833,0.21,22.2,-2.4,0.19,15.240185320653495,16000,711.4118507681053,726.6520360887588,719.031943428432,,0.72
2013-11-01,65,490.2,,,200.782,164.262,0.21,22.2,-2.4,0.19,15.240185320653495,16000,711.4118507681053,726.6520360887588,719.031943428432,,0.72
2013-12-01,65,498.1,,,223.255,142.976,0.21,22.2,-2.4,0.19,15.240185320653495,16000,711.4118507681053,726.6520360887588,719.031943428432,,0.72
2014-01-01,65,485.1,,,225.834,144.667,0.21,22.2,-2.4,0.19,15.240185320653495,16000,711.4118507681053,726.6520360887588,719.031943428432,,0.72
2014-02-01,65,490.1,,,196.598,125.929,0.21,22.2,-2.4,0.19,15.240185320653495,16000,711.4118507681053,726.6520360887588,719.031943428432,,0.72
2014-03-01,65,488.8,,,207.377,132.786,0.21,22.2,-2.4,0.19,15.240185320653495,16000,711.4118507681053,726.6520360887588,719.031943428432,,0.72
2014-04-01,65,499.0,,,188.043,119.048,0.21,22.2,-2.4,0.19,15.240185320653495,16000,711.4118507681053,726.6520360887588,719.031943428432,,0.72
2014-05-01,65,488.0,,,212.026,152.643,0.21,22.2,-2.4,0.19,15.240185320653495,16000,711.4118507681053,726.6520360887588,719.031943428432,,0.72
2014-06-01,65,498.5,,,212.433,158.476,0.21,22.2,-2.4,0.19,15.240185320653495,16000,711.4118507681053,726.6520360887588,719.031943428432,,0.72
2014-07-01,65,482.4,,,231.013,240.714,0.21,22.2,-2.4,0.19,15.240185320653495,16000,711.4118507681053,726.6520360887588,719.031943428432,,0.72
2014-08-01,65,480.2,,,220.037,229.262,0.21,22.2,-2.4,0.19,15.240185320653495,16000,711.4118507681053,726.6520360887588,719.031943428432,,0.72
2014-09-01,65,476.9,,,209.862,247.31,0.21,22.2,-2.4,0.19,15.240185320653495,16000,711.4118507681053,726.6520360887588,719.031943428432,,0.72
2014-10-01,65,467.5,,,217.62,256.476,0.21,22.2,-2.4,0.19,15.240185320653495,16000,711.4118507681053,726.6520360887588,719.031943428432,,0.72
2014-11-01,65,467.8,,,227.151,223.69,0.21,22.2,-2.4,0.19,15.240185320653495,16000,711.4118507681053,726.6520360887588,719.031943428432,,0.72
2014-12-01,65,471.8,,,229.007,235.667,0.21,22.2,-2.4,0.19,15.240185320653495,16000,711.4118507681053,726.6520360887588,719.031943428432,,0.72
2015-01-01,65,483.3,,,242.836,280.262,0.21,22.2,-2.4,0.19,15.240185320653495,16000,711.4118507681053,726.6520360887588,719.031943428432,,0.72
2015-02-01,65,463.7,,,203.633,238.905,0.21,22.2,-2.4,0.19,15.240185320653495,16000,711.4118507681053,726.6520360887588,719.031943428432,,0.72
2015-03-01,65,459.3,,,230.667,270.619,0.21,22.2,-2.4,0.19,15.240185320653495,16000,711.4118507681053,726.6520360887588,719.031943428432,,0.72
2015-04-01,65,461.0,,,215.904,238.786,0.21,22.2,-2.4,0.19,15.240185320653495,16000,711.4118507681053,726.6520360887588,719.031943428432,,0.72
2015-05-01,65,462.1,,,203.914,222.238,0.21,22.2,-2.4,0.19,15.240185320653495,16000,711.4118507681053,726.6520360887588,719.031943428432,,0.72
2015-06-01,65,454.7,,,222.851,277.119,0.21,22.2,-2.4,0.19,15.240185320653495,16000,711.4118507681053,726.6520360887588,719.031943428432,,0.72
2015-07-01,65,452.0,,,225.152,279.952,0.21,22.2,-2.4,0.19,15.240185320653495,16000,711.4118507681053,726.6520360887588,719.031943428432,,0.72
2015-08-01,65,454.4,96.0,27.0,197.628,283.667,0.21,22.2,-2.4,0.19,15.240185320653495,16000,711.4118507681053,726.6520360887588,719.031943428432,,0.72
2015-09-01,65,461.7,96.0,30.0,222.703,289.69,0.21,22.2,-2.4,0.19,15.240185320653495,16000,711.4118507681053,726.6520360887588,719.031943428432,,0.72
2015-10-01,65,446.5,96.0,31.0,218.261,299.857,0.21,22.2,-2.4,0.19,15.240185320653495,16000,711.4118507681053,726.6520360887588,719.031943428432,,0.72
2015-11-01,65,476.4,96.0,30.0,200.315,261.548,0.21,22.2,-2.4,0.19,15.240185320653495,16000,711.4118507681053,726.6520360887588,719.031943428432,,0.72
2015-12-01,65,441.5,96.0,31.0,232.392,304.31,0.21,22.2,-2.4,0.19,15.240185320653495,16000,711.4118507681053,726.6520360887588,719.031943428432,,0.72
2016-01-01,65,432.5,96.0,31.0,240.116,314.5,0.21,22.2,-2.4,0.19,15.240185320653495,16000,711.4118507681053,726.6520360887588,719.031943428432,,0.72
2016-02-01,65,437.0,96.0,29.0,223.893,293.19,0.21,22.2,-2.4,0.19,15.240185320653495,16000,711.4118507681053,726.6520360887588,719.031943428432,,0.72
2016-03-01,65,422.7,96.0,31.0,229.373,300.405,0.21,22.2,-2.4,0.19,15.240185320653495,16000,711.4118507681053,726.6520360887588,719.031943428432,,0.72
2016-04-01,65,422.1,96.0,30.0,228.846,299.833,0.21,22.2,-2.4,0.19,15.240185320653495,16000,711.4118507681053,726.6520360887588,719.031943428432,,0.72
2016-05-01,65,439.8,96.0,31.0,231.142,386.738,0.21,22.2,-2.4,0.19,15.240185320653495,16000,711.4118507681053,726.6520360887588,719.031943428432,,0.72
2016-06-01,65,417.9,96.0,30.0,227.244,380.214,0.21,22.2,-2.4,0.19,15.240185320653495,16000,711.4118507681053,726.6520360887588,719.031943428432,,0.72
2016-07-01,65,383.5,96.0,31.0,241.648,404.405,0.21,22.2,-2.4,0.19,15.240185320653495,16000,711.4118507681053,726.6520360887588,719.031943428432,,0.72
2016-08-01,65,413.0,96.0,31.0,236.023,395.0,0.21,22.2,-2.4,0.19,15.240185320653495,16000,711.4118507681053,726.6520360887588,719.031943428432,,0.72
2016-09-01,65,408.2,96.0,30.0,229.833,384.643,0.21,22.2,-2.4,0.19,15.240185320653495,16000,711.4118507681053,726.6520360887588,719.031943428432,,0.72
2016-10-01,65,408.4,96.0,31.0,221.685,370.905,0.21,22.2,-2.4,0.19,15.240185320653495,16000,711.4118507681053,726.6520360887588,719.031943428432,,0.72
2016-11-01,65,407.8,96.0,30.0,232.175,388.5,0.21,22.2,-2.4,0.19,15.240185320653495,16000,711.4118507681053,726.6520360887588,719.031943428432,,0.72
2016-12-01,65,398.6,96.0,31.0,241.868,494.833,0.21,22.2,-2.4,0.19,15.240185320653495,16000,711.4118507681053,726.6520360887588,719.031943428432,,0.72
2017-01-01,65,393.7,96.0,31.0,243.078,497.381,0.21,22.2,-2.4,0.19,15.240185320653495,16000,711.4118507681053,726.6520360887588,719.031943428432,,0.72
2017-02-01,65,418.8,96.0,28.0,217.688,445.429,0.21,22.2,-2.4,0.19,15.240185320653495,16000,711.4118507681053,726.6520360887588,719.031943428432,,0.72
2017-03-01,65,393.5,96.0,31.0,247.173,505.643,0.21,22.2,-2.4,0.19,15.240185320653495,16000,711.4118507681053,726.6520360887588,719.031943428432,,0.72
2017-04-01,65,428.1,96.0,30.0,212.423,434.619,0.21,22.2,-2.4,0.19,15.240185320653495,16000,711.4118507681053,726.6520360887588,719.031943428432,,0.72
2017-05-01,65,388.6,96.0,31.0,253.116,517.952,0.21,22.2,-2.4,0.19,15.240185320653495,16000,711.4118507681053,726.6520360887588,719.031943428432,,0.72
2017-06-01,65,385.7,96.0,30.0,247.602,540.643,0.21,22.2,-2.4,0.19,15.240185320653495,16000,711.4118507681053,726.6520360887588,719.031943428432,,0.72
2017-07-01,65,383.5,96.0,31.0,249.213,544.048,0.21,22.2,-2.4,0.19,15.240185320653495,16000,711.4118507681053,726.6520360887588,719.031943428432,,0.72
2017-08-01,65,377.5,96.0,31.0,250.361,1123.571,0.21,22.2,-2.4,0.19,15.240185320653495,16000,711.4118507681053,726.6520360887588,719.031943428432,,0.72
2017-09-01,65,383.5,96.0,27.0,218.479,1006.31,0.21,22.2,-2.4,0.19,15.240185320653495,16000,711.4118507681053,726.6520360887588,719.031943428432,,0.72
2017-10-01,65,416.2,96.0,31.0,249.196,1147.81,0.21,22.2,-2.4,0.19,15.240185320653495,16000,711.4118507681053,726.6520360887588,719.031943428432,,0.72
2017-11-01,65,369.5,96.0,30.0,247.706,732.619,0.21,22.2,-2.4,0.19,15.240185320653495,16000,711.4118507681053,726.6520360887588,719.031943428432,,0.72
2017-12-01,65,366.7,96.0,31.0,256.165,877.119,0.21,22.2,-2.4,0.19,15.240185320653495,16000,711.4118507681053,726.6520360887588,719.031943428432,,0.72
2018-01-01,65,405.2,96.0,31.0,260.623,971.833,0.21,22.2,-2.4,0.19,15.240185320653495,16000,711.4118507681053,726.6520360887588,719.031943428432,,0.72
2018-02-01,65,337.5,96.0,28.0,241.873,841.5,0.21,22.2,-2.4,0.19,15.240185320653495,16000,711.4118507681053,726.6520360887588,719.031943428432,,0.72
2018-03-01,65,388.8,96.0,31.0,255.934,1789.095,0.21,22.2,-2.4,0.19,15.240185320653495,16000,711.4118507681053,726.6520360887588,719.031943428432,,0.72
2018-04-01,65,348.9,96.0,30.0,257.921,1803.0,0.21,22.2,-2.4,0.19,15.240185320653495,16000,711.4118507681053,726.6520360887588,719.031943428432,,0.72
2018-05-01,65,365.3,96.0,31.0,263.965,2135.881,0.21,22.2,-2.4,0.19,15.240185320653495,16000,711.4118507681053,726.6520360887588,719.031943428432,,0.72
2018-06-01,65,334.5,96.0,30.0,262.613,2124.833,0.21,22.2,-2.4,0.19,15.240185320653495,16000,711.4118507681053,726.6520360887588,719.031943428432,,0.72
2018-07-01,65,372.5,96.0,31.0,265.809,2150.643,0.21,22.2,-2.4,0.19,15.240185320653495,16000,711.4118507681053,726.6520360887588,719.031943428432,,0.72
2018-08-01,65,318.4,96.0,31.0,280.069,2265.952,0.21,22.2,-2.4,0.19,15.240185320653495,16000,711.4118507681053,726.6520360887588,719.031943428432,,0.72
2018-09-01,65,313.5,96.0,30.0,268.526,2172.571,0.21,22.2,-2.4,0.19,15.240185320653495,16000,711.4118507681053,726.6520360887588,719.031943428432,,0.72
2018-10-01,65,313.6,96.0,31.0,292.05,2362.857,0.21,22.2,-2.4,0.19,15.240185320653495,16000,711.4118507681053,726.6520360887588,719.031943428432,,0.72
2018-11-01,65,324.0,96.0,30.0,272.0,2001.071,0.21,22.2,-2.4,0.19,15.240185320653495,16000,711.4118507681053,726.6520360887588,719.031943428432,,0.72
2018-12-01,65,334.2,96.0,31.0,284.913,2176.214,0.21,22.2,-2.4,0.19,15.240185320653495,16000,711.4118507681053,726.6520360887588,719.031943428432,,0.72
2019-01-01,65,305.0,96.0,31.0,260.727,1949.691,0.21,22.2,-2.4,0.19,15.240185320653495,16000,711.4118507681053,726.6520360887588,719.031943428432,,0.72
2019-02-01,65,374.9,96.0,25.0,211.45,1478.524,0.21,22.2,-2.4,0.19,15.240185320653495,16000,711.4118507681053,726.6520360887588,719.031943428432,,0.72
2019-03-01,65,352.0,96.0,31.0,274.074,1916.214,0.21,22.2,-2.4,0.19,15.240185320653495,16000,711.4118507681053,726.6520360887588,719.031943428432,,0.72
2019-04-01,65,351.0,96.0,30.0,251.494,1758.381,0.21,22.2,-2.4,0.19,15.240185320653495,16000,711.4118507681053,726.6520360887588,719.031943428432,,0.72
2019-05-01,65,,96.0,31.0,257.95,1803.571,0.21,22.2,-2.4,0.19,15.240185320653495,16000,711.4118507681053,726.6520360887588,719.031943428432,,0.72
2019-06-01,65,324.9,96.0,30.0,252.68,1749.143,0.21,22.2,-2.4,0.19,15.240185320653495,16000,711.4118507681053,726.6520360887588,719.031943428432,,0.72
2019-07-01,65,363.1,96.0,31.0,245.189,1713.905,0.21,22.2,-2.4,0.19,15.240185320653495,16000,711.4118507681053,726.6520360887588,719.031943428432,,0.72
2019-08-01,65,342.2,96.0,31.0,250.257,1749.429,0.21,22.2,-2.4,0.19,15.240185320653495,16000,711.4118507681053,726.6520360887588,719.031943428432,,0.72
2019-09-01,65,321.9,96.0,30.0,238.036,1640.238,0.21,22.2,-2.4,0.19,15.240185320653495,16000,711.4118507681053,726.6520360887588,719.031943428432,,0.72
2019-10-01,65,357.0,96.0,31.0,226.665,1591.214,0.21,22.2,-2.4,0.19,15.240185320653495,16000,711.4118507681053,726.6520360887588,719.031943428432,,0.72
2019-11-01,65,374.9,96.0,30.0,184.694,1291.333,0.21,22.2,-2.4,0.19,15.240185320653495,16000,711.4118507681053,726.6520360887588,719.031943428432,,0.72
2019-12-01,65,377.5,96.0,31.0,197.111,1383.333,0.21,22.2,-2.4,0.19,15.240185320653495,16000,711.4118507681053,726.6520360887588,719.031943428432,,0.72
2020-01-01,65,326.0,96.0,31.0,240.455,1776.357,0.21,22.2,-2.4,0.19,15.240185320653495,16000,711.4118507681053,726.6520360887588,719.031943428432,,0.72
2020-02-01,65,359.2,96.0,29.0,208.28,1456.31,0.21,22.2,-2.4,0.19,15.240185320653495,16000,711.4118507681053,726.6520360887588,719.031943428432,,0.72
2020-03-01,65,359.2,96.0,31.0,231.561,1618.857,0.21,22.2,-2.4,0.19,15.240185320653495,16000,711.4118507681053,726.6520360887588,719.031943428432,,0.72
2020-06-01,65,,96.0,30.0,211.3,1476.976,0.21,22.2,-2.4,0.19,15.240185320653495,16000,711.4118507681053,726.6520360887588,719.031943428432,,0.72
2020-07-01,65,318.7,96.0,31.0,229.315,1603.048,0.21,22.2,-2.4,0.19,15.240185320653495,16000,711.4118507681053,726.6520360887588,719.031943428432,,0.72
2020-08-01,65,331.1,96.0,31.0,231.875,1620.929,0.21,22.2,-2.4,0.19,15.240185320653495,16000,711.4118507681053,726.6520360887588,719.031943428432,,0.72
2020-09-01,65,297.5,96.0,30.0,221.113,1545.976,0.21,22.2,-2.4,0.19,15.240185320653495,16000,711.4118507681053,726.6520360887588,719.031943428432,,0.72
2020-10-01,65,330.2,96.0,31.0,240.325,1680.238,0.21,22.2,-2.4,0.19,15.240185320653495,16000,711.4118507681053,726.6520360887588,719.031943428432,,0.72
2020-11-01,65,312.3,96.0,30.0,213.489,1492.429,0.21,22.2,-2.4,0.19,15.240185320653495,16000,711.4118507681053,726.6520360887588,719.031943428432,,0.72
2020-12-01,65,299.0,96.0,31.0,244.978,1712.833,0.21,22.2,-2.4,0.19,15.240185320653495,16000,711.4118507681053,726.6520360887588,719.031943428432,,0.72
2021-01-01,65,316.8,96.0,31.0,248.075,1734.286,0.21,22.2,-2.4,0.19,15.240185320653495,16000,711.4118507681053,726.6520360887588,719.031943428432,,0.72
2021-02-01,65,333.9,96.0,28.0,185.908,1299.405,0.21,22.2,-2.4,0.19,15.240185320653495,16000,711.4118507681053,726.6520360887588,719.031943428432,,0.72
2021-03-01,65,330.1,96.0,31.0,204.459,1429.381,0.21,22.2,-2.4,0.19,15.240185320653495,16000,711.4118507681053,726.6520360887588,719.031943428432,,0.72
2021-04-01,65,314.6,96.0,30.0,205.391,1435.905,0.21,22.2,-2.4,0.19,15.240185320653495,16000,711.4118507681053,726.6520360887588,719.031943428432,,0.72
2021-05-01,65,339.0,96.0,31.0,207.841,1452.952,0.21,22.2,-2.4,0.19,15.240185320653495,16000,711.4118507681053,726.6520360887588,719.031943428432,,0.72
2021-06-01,65,331.1,96.0,30.0,178.508,1247.857,0.21,22.2,-2.4,0.19,15.240185320653495,16000,711.4118507681053,726.6520360887588,719.031943428432,,0.72
2021-07-01,65,325.4,96.0,31.0,179.413,1254.214,0.21,22.2,-2.4,0.19,15.240185320653495,16000,711.4118507681053,726.6520360887588,719.031943428432,,0.72
2021-08-01,65,333.4,96.0,31.0,184.519,1289.905,0.21,22.2,-2.4,0.19,15.240185320653495,16000,711.4118507681053,726.6520360887588,719.031943428432,,0.72
2021-09-01,65,338.4,96.0,30.0,175.14,1224.476,0.21,22.2,-2.4,0.19,15.240185320653495,16000,711.4118507681053,726.6520360887588,719.031943428432,,0.72
2021-10-01,65,326.9,96.0,31.0,190.331,1330.571,0.21,22.2,-2.4,0.19,15.240185320653495,16000,711.4118507681053,726.6520360887588,719.031943428432,,0.72
2021-11-01,65,323.2,96.0,30.0,183.65,1284.119,0.21,22.2,-2.4,0.19,15.240185320653495,16000,711.4118507681053,726.6520360887588,719.031943428432,,0.72
2021-12-01,65,322.2,96.0,31.0,191.438,1338.0,0.21,22.2,-2.4,0.19,15.240185320653495,16000,711.4118507681053,726.6520360887588,719.031943428432,,0.72
2022-01-01,65,333.5,48.0,31.0,222.824,1557.405,0.21,22.2,-2.4,0.19,15.240185320653495,16000,711.4118507681053,726.6520360887588,719.031943428432,,0.72
2022-02-01,65,316.6,48.0,28.0,201.668,1409.976,0.21,22.2,-2.4,0.19,15.240185320653495,16000,711.4118507681053,726.6520360887588,719.031943428432,,0.72
2022-03-01,65,312.6,96.0,31.0,196.908,1376.357,0.21,22.2,-2.4,0.19,15.240185320653495,16000,711.4118507681053,726.6520360887588,719.031943428432,,0.72
2022-04-01,65,352.7,32.0,30.0,143.901,1005.857,0.21,22.2,-2.4,0.19,15.240185320653495,16000,711.4118507681053,726.6520360887588,719.031943428432,,0.72
2022-05-01,65,351.7,32.0,28.0,142.769,997.762,0.21,22.2,-2.4,0.19,15.240185320653495,16000,711.4118507681053,726.6520360887588,719.031943428432,,0.72
2022-06-01,65,344.1,32.0,30.0,157.161,1098.524,0.21,22.2,-2.4,0.19,15.240185320653495,16000,711.4118507681053,726.6520360887588,719.031943428432,,0.72
2022-07-01,65,344.2,32.0,31.0,150.586,1052.69,0.21,22.2,-2.4,0.19,15.240185320653495,16000,711.4118507681053,726.6520360887588,719.031943428432,,0.72
2022-08-01,65,334.6,32.0,31.0,148.949,1041.143,0.21,22.2,-2.4,0.19,15.240185320653495,16000,711.4118507681053,726.6520360887588,719.031943428432,,0.72
2022-09-01,65,332.7,32.0,30.0,155.272,1173.81,0.21,22.2,-2.4,0.19,15.240185320653495,16000,711.4118507681053,726.6520360887588,719.031943428432,,0.72
2022-10-01,65,334.3,32.0,17.0,92.057,696.048,0.21,22.2,-2.4,0.19,15.240185320653495,16000,711.4118507681053,726.6520360887588,719.031943428432,,0.72
2022-11-01,65,334.3,32.0,15.0,85.04,643.0,0.21,22.2,-2.4,0.19,15.240185320653495,16000,711.4118507681053,726.6520360887588,719.031943428432,,0.72
2022-12-01,65,343.2,32.0,31.0,159.845,1208.381,0.21,22.2,-2.4,0.19,15.240185320653495,16000,711.4118507681053,726.6520360887588,719.031943428432,,0.72
2023-01-01,65,326.4,32.0,31.0,157.733,1192.286,0.21,22.2,-2.4,0.19,15.240185320653495,16000,711.4118507681053,726.6520360887588,719.031943428432,,0.72
2023-02-01,65,324.7,32.0,28.0,134.86,1019.643,0.21,22.2,-2.4,0.19,15.240185320653495,16000,711.4118507681053,726.6520360887588,719.031943428432,,0.72
2023-03-01,65,330.0,32.0,31.0,149.696,1131.81,0.21,22.2,-2.4,0.19,15.240185320653495,16000,711.4118507681053,726.6520360887588,719.031943428432,,0.72
2023-04-01,65,325.0,,,,,0.21,22.2,-2.4,0.19,15.240185320653495,16000,711.4118507681053,726.6520360887588,719.031943428432,,0.72
2023-05-01,65,323.8,32.0,31.0,136.018,1028.167,0.21,22.2,-2.4,0.19,15.240185320653495,16000,711.4118507681053,726.6520360887588,719.031943428432,,0.72
2023-06-01,65,323.9,32.0,30.0,151.598,1145.952,0.21,22.2,-2.4,0.19,15.240185320653495,16000,711.4118507681053,726.6520360887588,719.031943428432,,0.72
2023-07-01,65,322.8,32.0,31.0,149.76,1132.095,0.21,22.2,-2.4,0.19,15.240185320653495,16000,711.4118507681053,726.6520360887588,719.031943428432,,0.72
2023-08-01,65,319.6,32.0,31.0,152.56,1153.286,0.21,22.2,-2.4,0.19,15.240185320653495,16000,711.4118507681053,726.6520360887588,719.031943428432,,0.72
2023-09-01,65,317.0,32.0,30.0,143.114,1075.833,0.21,22.2,-2.4,0.19,15.240185320653495,16000,711.4118507681053,726.6520360887588,719.031943428432,,0.72
2023-10-01,65,325.7,32.0,17.0,95.226,719.69,0.21,22.2,-2.4,0.19,15.240185320653495,16000,711.4118507681053,726.6520360887588,719.031943428432,,0.72
2023-11-01,65,319.4,32.0,30.0,174.495,1332.333,0.21,22.2,-2.4,0.19,15.240185320653495,16000,711.4118507681053,726.6520360887588,719.031943428432,,0.72
2023-12-01,65,314.8,32.0,31.0,173.951,1312.429,0.21,22.2,-2.4,0.19,15.240185320653495,16000,711.4118507681053,726.6520360887588,719.031943428432,,0.72
2024-01-01,65,263.3,128.0,31.0,195.19,1635.881,0.21,22.2,-2.4,0.19,15.240185320653495,16000,711.4118507681053,726.6520360887588,719.031943428432,,0.72
2024-02-01,65,281.0,48.0,29.0,181.221,1518.81,0.21,22.2,-2.4,0.19,15.240185320653495,16000,711.4118507681053,726.6520360887588,719.031943428432,,0.72
2024-03-01,65,281.0,48.0,31.0,195.132,1635.381,0.21,22.2,-2.4,0.19,15.240185320653495,16000,711.4118507681053,726.6520360887588,719.031943428432,,0.72
2024-04-01,65,281.4,48.0,30.0,172.383,1444.738,0.21,22.2,-2.4,0.19,15.240185320653495,16000,711.4118507681053,726.6520360887588,719.031943428432,,0.72
2024-05-01,65,295.0,48.0,31.0,174.584,1463.191,0.21,22.2,-2.4,0.19,15.240185320653495,16000,711.4118507681053,726.6520360887588,719.031943428432,,0.72
2024-06-01,65,278.5,48.0,30.0,155.474,1303.024,0.21,22.2,-2.4,0.19,15.240185320653495,16000,711.4118507681053,726.6520360887588,719.031943428432,,0.72
2024-07-01,65,274.0,48.0,31.0,150.36,1260.167,0.21,22.2,-2.4,0.19,15.240185320653495,16000,711.4118507681053,726.6520360887588,719.031943428432,,0.72
2024-08-01,65,277.4,48.0,31.0,149.581,1253.643,0.21,22.2,-2.4,0.19,15.240185320653495,16000,711.4118507681053,726.6520360887588,719.031943428432,,0.72
2024-09-01,65,274.3,48.0,30.0,171.527,1437.571,0.21,22.2,-2.4,0.19,15.240185320653495,16000,711.4118507681053,726.6520360887588,719.031943428432,,0.72
2024-10-01,65,262.8,48.0,31.0,178.107,1492.714,0.21,22.2,-2.4,0.19,15.240185320653495,16000,711.4118507681053,726.6520360887588,719.031943428432,,0.72
2024-11-01,65,267.0,48.0,30.0,158.086,1324.905,0.21,22.2,-2.4,0.19,15.240185320653495,16000,711.4118507681053,726.6520360887588,719.031943428432,,0.72
2024-12-01,65,263.6,48.0,31.0,191.684,1606.5,0.21,22.2,-2.4,0.19,15.240185320653495,16000,711.4118507681053,726.6520360887588,719.031943428432,,0.72
2025-01-01,65,261.2,48.0,31.0,186.73,1564.976,0.21,22.2,-2.4,0.19,15.240185320653495,16000,711.4118507681053,726.6520360887588,719.031943428432,,0.72
2025-02-01,65,391.4,48.0,20.0,127.82,1071.262,0.21,22.2,-2.4,0.19,15.240185320653495,16000,711.4118507681053,726.6520360887588,719.031943428432,,0.72
2025-03-01,65,257.4,48.0,31.0,208.372,1746.357,0.21,22.2,-2.4,0.19,15.240185320653495,16000,711.4118507681053,726.6520360887588,719.031943428432,,0.72
2025-04-01,65,256.7,48.0,30.0,202.39,1696.214,0.21,22.2,-2.4,0.19,15.240185320653495,16000,711.4118507681053,726.6520360887588,719.031943428432,,0.72
2025-05-01,65,254.9,48.0,31.0,204.87,1717.0,0.21,22.2,-2.4,0.19,15.240185320653495,16000,711.4118507681053,726.6520360887588,719.031943428432,,0.72
2025-06-01,65,255.2,48.0,30.0,200.534,1680.667,0.21,22.2,-2.4,0.19,15.240185320653495,16000,711.4118507681053,726.6520360887588,719.031943428432,,0.72
1996-08-01,67,777.5,,,138.067,0.0,0.2,8.2,-1.2,0.26,9.144111192392188,16000,716.2887100707144,725.4328212631066,720.8607656669105,,0.76
1996-09-01,67,832.7,,,132.933,0.0,0.2,8.2,-1.2,0.26,9.144111192392188,16000,716.2887100707144,725.4328212631066,720.8607656669105,,0.76
1996-10-01,67,779.8,,,146.225,0.0,0.2,8.2,-1.2,0.26,9.144111192392188,16000,716.2887100707144,725.4328212631066,720.8607656669105,,0.76
1996-11-01,67,781.0,,,140.474,0.0,0.2,8.2,-1.2,0.26,9.144111192392188,16000,716.2887100707144,725.4328212631066,720.8607656669105,,0.76
1996-12-01,67,777.0,,,139.511,0.0,0.2,8.2,-1.2,0.26,9.144111192392188,16000,716.2887100707144,725.4328212631066,720.8607656669105,,0.76
1998-07-01,67,777.5,,,106.843,233.452,0.2,8.2,-1.2,0.26,9.144111192392188,16000,716.2887100707144,725.4328212631066,720.8607656669105,,0.76
1999-02-01,67,772.1,,,84.81,319.071,0.2,8.2,-1.2,0.26,9.144111192392188,16000,716.2887100707144,725.4328212631066,720.8607656669105,,0.76
1999-07-01,67,701.8,,,126.369,401.762,0.2,8.2,-1.2,0.26,9.144111192392188,16000,716.2887100707144,725.4328212631066,720.8607656669105,,0.76
1999-08-01,67,710.8,,,115.138,414.071,0.2,8.2,-1.2,0.26,9.144111192392188,16000,716.2887100707144,725.4328212631066,720.8607656669105,,0.76
1999-10-01,67,714.9,,,118.359,458.69,0.2,8.2,-1.2,0.26,9.144111192392188,16000,716.2887100707144,725.4328212631066,720.8607656669105,,0.76
2000-05-01,67,704.4,,,111.666,1028.024,0.2,8.2,-1.2,0.26,9.144111192392188,16000,716.2887100707144,725.4328212631066,720.8607656669105,,0.76
2000-06-01,67,691.1,,,112.065,795.833,0.2,8.2,-1.2,0.26,9.144111192392188,16000,716.2887100707144,725.4328212631066,720.8607656669105,,0.76
2000-08-01,67,705.5,,,122.558,1054.952,0.2,8.2,-1.2,0.26,9.144111192392188,16000,716.2887100707144,725.4328212631066,720.8607656669105,,0.76
2000-11-01,67,,,,102.104,768.833,0.2,8.2,-1.2,0.26,9.144111192392188,16000,716.2887100707144,725.4328212631066,720.8607656669105,,0.76
2001-01-01,67,702.4,,,104.97,895.024,0.2,8.2,-1.2,0.26,9.144111192392188,16000,716.2887100707144,725.4328212631066,720.8607656669105,,0.76
2001-02-01,67,703.6,,,92.665,0.0,0.2,8.2,-1.2,0.26,9.144111192392188,16000,716.2887100707144,725.4328212631066,720.8607656669105,,0.76
2001-03-01,67,707.2,,,102.504,875.119,0.2,8.2,-1.2,0.26,9.144111192392188,16000,716.2887100707144,725.4328212631066,720.8607656669105,,0.76
2001-05-01,67,700.7,,,95.681,961.5,0.2,8.2,-1.2,0.26,9.144111192392188,16000,716.2887100707144,725.4328212631066,720.8607656669105,,0.76
2001-06-01,67,701.0,,,103.778,977.071,0.2,8.2,-1.2,0.26,9.144111192392188,16000,716.2887100707144,725.4328212631066,720.8607656669105,,0.76
2001-07-01,67,701.9,,,101.041,1094.976,0.2,8.2,-1.2,0.26,9.144111192392188,16000,716.2887100707144,725.4328212631066,720.8607656669105,,0.76
2001-08-01,67,697.5,,,124.159,1000.476,0.2,8.2,-1.2,0.26,9.144111192392188,16000,716.2887100707144,725.4328212631066,720.8607656669105,,0.76
2001-09-01,67,699.8,,,112.117,1071.048,0.2,8.2,-1.2,0.26,9.144111192392188,16000,716.2887100707144,725.4328212631066,720.8607656669105,,0.76
2001-10-01,67,716.7,,,121.179,637.595,0.2,8.2,-1.2,0.26,9.144111192392188,16000,716.2887100707144,725.4328212631066,720.8607656669105,,0.76
2001-11-01,67,701.0,,,121.139,1017.571,0.2,8.2,-1.2,0.26,9.144111192392188,16000,716.2887100707144,725.4328212631066,720.8607656669105,,0.76
2001-12-01,67,691.3,,,124.288,766.833,0.2,8.2,-1.2,0.26,9.144111192392188,16000,716.2887100707144,725.4328212631066,720.8607656669105,,0.76
2002-01-01,67,,,,121.074,513.81,0.2,8.2,-1.2,0.26,9.144111192392188,16000,716.2887100707144,725.4328212631066,720.8607656669105,,0.76
2002-02-01,67,694.2,,,106.176,839.905,0.2,8.2,-1.2,0.26,9.144111192392188,16000,716.2887100707144,725.4328212631066,720.8607656669105,,0.76
2002-03-01,67,694.5,,,114.133,893.619,0.2,8.2,-1.2,0.26,9.144111192392188,16000,716.2887100707144,725.4328212631066,720.8607656669105,,0.76
2002-04-01,67,693.4,,,97.287,765.619,0.2,8.2,-1.2,0.26,9.144111192392188,16000,716.2887100707144,725.4328212631066,720.8607656669105,,0.76
2002-05-01,67,688.2,,,125.424,839.143,0.2,8.2,-1.2,0.26,9.144111192392188,16000,716.2887100707144,725.4328212631066,720.8607656669105,,0.76
2002-06-01,67,700.6,,,124.087,485.595,0.2,8.2,-1.2,0.26,9.144111192392188,16000,716.2887100707144,725.4328212631066,720.8607656669105,,0.76
2002-07-01,67,,,,129.282,856.786,0.2,8.2,-1.2,0.26,9.144111192392188,16000,716.2887100707144,725.4328212631066,720.8607656669105,,0.76
2002-08-01,67,663.1,,,139.135,829.167,0.2,8.2,-1.2,0.26,9.144111192392188,16000,716.2887100707144,725.4328212631066,720.8607656669105,,0.76
2002-09-01,67,,,,121.154,798.476,0.2,8.2,-1.2,0.26,9.144111192392188,16000,716.2887100707144,725.4328212631066,720.8607656669105,,0.76
2002-10-01,67,684.5,,,111.072,599.595,0.2,8.2,-1.2,0.26,9.144111192392188,16000,716.2887100707144,725.4328212631066,720.8607656669105,,0.76
2002-11-01,67,688.8,,,113.24,542.262,0.2,8.2,-1.2,0.26,9.144111192392188,16000,716.2887100707144,725.4328212631066,720.8607656669105,,0.76
2002-12-01,67,689.0,,,115.352,545.429,0.2,8.2,-1.2,0.26,9.144111192392188,16000,716.2887100707144,725.4328212631066,720.8607656669105,,0.76
2003-01-01,67,688.5,,,117.002,681.095,0.2,8.2,-1.2,0.26,9.144111192392188,16000,716.2887100707144,725.4328212631066,720.8607656669105,,0.76
2003-02-01,67,684.1,,,105.201,532.0,0.2,8.2,-1.2,0.26,9.144111192392188,16000,716.2887100707144,725.4328212631066,720.8607656669105,,0.76
2003-03-01,67,683.3,,,111.275,1065.31,0.2,8.2,-1.2,0.26,9.144111192392188,16000,716.2887100707144,725.4328212631066,720.8607656669105,,0.76
2003-04-01,67,683.3,,,96.633,898.738,0.2,8.2,-1.2,0.26,9.144111192392188,16000,716.2887100707144,725.4328212631066,720.8607656669105,,0.76
2003-05-01,67,662.2,,,112.05,414.595,0.2,8.2,-1.2,0.26,9.144111192392188,16000,716.2887100707144,725.4328212631066,720.8607656669105,,0.76
2003-06-01,67,681.1,,,111.659,688.214,0.2,8.2,-1.2,0.26,9.144111192392188,16000,716.2887100707144,725.4328212631066,720.8607656669105,,0.76
2003-07-01,67,,,,113.472,699.857,0.2,8.2,-1.2,0.26,9.144111192392188,16000,716.2887100707144,725.4328212631066,720.8607656669105,,0.76
2003-08-01,67,,,,93.198,573.976,0.2,8.2,-1.2,0.26,9.144111192392188,16000,716.2887100707144,725.4328212631066,720.8607656669105,,0.76
2003-09-01,67,,,,113.875,701.381,0.2,8.2,-1.2,0.26,9.144111192392188,16000,716.2887100707144,725.4328212631066,720.8607656669105,,0.76
2003-10-01,67,,,,99.296,347.833,0.2,8.2,-1.2,0.26,9.144111192392188,16000,716.2887100707144,725.4328212631066,720.8607656669105,,0.76
2003-11-01,67,,,,98.068,377.119,0.2,8.2,-1.2,0.26,9.144111192392188,16000,716.2887100707144,725.4328212631066,720.8607656669105,,0.76
2003-12-01,67,,,,61.714,237.286,0.2,8.2,-1.2,0.26,9.144111192392188,16000,716.2887100707144,725.4328212631066,720.8607656669105,,0.76
2004-01-01,67,651.2,,,55.118,297.095,0.2,8.2,-1.2,0.26,9.144111192392188,16000,716.2887100707144,725.4328212631066,720.8607656669105,,0.76
2004-02-01,67,683.3,,,99.195,659.143,0.2,8.2,-1.2,0.26,9.144111192392188,16000,716.2887100707144,725.4328212631066,720.8607656669105,,0.76
2004-03-01,67,663.2,,,102.31,578.929,0.2,8.2,-1.2,0.26,9.144111192392188,16000,716.2887100707144,725.4328212631066,720.8607656669105,,0.76
2004-04-01,67,671.0,,,97.097,549.524,0.2,8.2,-1.2,0.26,9.144111192392188,16000,716.2887100707144,725.4328212631066,720.8607656669105,,0.76
2004-05-01,67,664.2,,,106.719,614.595,0.2,8.2,-1.2,0.26,9.144111192392188,16000,716.2887100707144,725.4328212631066,720.8607656669105,,0.76
2004-06-01,67,677.8,,,107.267,594.643,0.2,8.2,-1.2,0.26,9.144111192392188,16000,716.2887100707144,725.4328212631066,720.8607656669105,,0.76
2004-07-01,67,661.8,,,109.385,598.31,0.2,8.2,-1.2,0.26,9.144111192392188,16000,716.2887100707144,725.4328212631066,720.8607656669105,,0.76
2004-08-01,67,666.6,,,107.23,538.167,0.2,8.2,-1.2,0.26,9.144111192392188,16000,716.2887100707144,725.4328212631066,720.8607656669105,,0.76
2004-09-01,67,669.8,,,97.263,624.69,0.2,8.2,-1.2,0.26,9.144111192392188,16000,716.2887100707144,725.4328212631066,720.8607656669105,,0.76
2004-10-01,67,663.4,,,71.225,428.024,0.2,8.2,-1.2,0.26,9.144111192392188,16000,716.2887100707144,725.4328212631066,720.8607656669105,,0.76
2004-11-01,67,667.3,,,101.866,604.31,0.2,8.2,-1.2,0.26,9.144111192392188,16000,716.2887100707144,725.4328212631066,720.8607656669105,,0.76
2004-12-01,67,661.1,,,97.815,274.048,0.2,8.2,-1.2,0.26,9.144111192392188,16000,716.2887100707144,725.4328212631066,720.8607656669105,,0.76
2005-01-01,67,665.2,,,90.697,264.69,0.2,8.2,-1.2,0.26,9.144111192392188,16000,716.2887100707144,725.4328212631066,720.8607656669105,,0.76
2005-02-01,67,665.2,,,87.681,260.976,0.2,8.2,-1.2,0.26,9.144111192392188,16000,716.2887100707144,725.4328212631066,720.8607656669105,,0.76
2005-03-01,67,659.5,,,39.171,117.405,0.2,8.2,-1.2,0.26,9.144111192392188,16000,716.2887100707144,725.4328212631066,720.8607656669105,,0.76
2005-04-01,67,676.0,,,39.886,124.405,0.2,8.2,-1.2,0.26,9.144111192392188,16000,716.2887100707144,725.4328212631066,720.8607656669105,,0.76
2005-05-01,67,670.8,,,88.879,699.667,0.2,8.2,-1.2,0.26,9.144111192392188,16000,716.2887100707144,725.4328212631066,720.8607656669105,,0.76
2005-06-01,67,672.2,,,55.654,264.595,0.2,8.2,-1.2,0.26,9.144111192392188,16000,716.2887100707144,725.4328212631066,720.8607656669105,,0.76
2005-07-01,67,660.5,,,105.934,629.571,0.2,8.2,-1.2,0.26,9.144111192392188,16000,716.2887100707144,725.4328212631066,720.8607656669105,,0.76
2005-08-01,67,660.8,,,92.839,537.667,0.2,8.2,-1.2,0.26,9.144111192392188,16000,716.2887100707144,725.4328212631066,720.8607656669105,,0.76
2005-09-01,67,666.5,,,81.859,465.619,0.2,8.2,-1.2,0.26,9.144111192392188,16000,716.2887100707144,725.4328212631066,720.8607656669105,,0.76
2005-10-01,67,653.8,,,98.535,558.071,0.2,8.2,-1.2,0.26,9.144111192392188,16000,716.2887100707144,725.4328212631066,720.8607656669105,,0.76
2005-11-01,67,654.7,,,91.331,517.929,0.2,8.2,-1.2,0.26,9.144111192392188,16000,716.2887100707144,725.4328212631066,720.8607656669105,,0.76
2005-12-01,67,653.2,,,96.999,568.31,0.2,8.2,-1.2,0.26,9.144111192392188,16000,716.2887100707144,725.4328212631066,720.8607656669105,,0.76
2006-01-01,67,646.2,,,58.569,339.952,0.2,8.2,-1.2,0.26,9.144111192392188,16000,716.2887100707144,725.4328212631066,720.8607656669105,881.0,0.76
2006-02-01,67,652.5,,,90.651,541.738,0.2,8.2,-1.2,0.26,9.144111192392188,16000,716.2887100707144,725.4328212631066,720.8607656669105,,0.76
2006-03-01,67,652.6,,,76.446,547.952,0.2,8.2,-1.2,0.26,9.144111192392188,16000,716.2887100707144,725.4328212631066,720.8607656669105,,0.76
2006-04-01,67,650.6,,,67.991,362.929,0.2,8.2,-1.2,0.26,9.144111192392188,16000,716.2887100707144,725.4328212631066,720.8607656669105,,0.76
2006-05-01,67,657.7,,,107.559,574.238,0.2,8.2,-1.2,0.26,9.144111192392188,16000,716.2887100707144,725.4328212631066,720.8607656669105,,0.76
2006-06-01,67,648.7,,,97.073,534.524,0.2,8.2,-1.2,0.26,9.144111192392188,16000,716.2887100707144,725.4328212631066,720.8607656669105,,0.76
2006-07-01,67,646.1,,,99.209,546.905,0.2,8.2,-1.2,0.26,9.144111192392188,16000,716.2887100707144,725.4328212631066,720.8607656669105,,0.76
2006-08-01,67,647.5,,,96.381,747.786,0.2,8.2,-1.2,0.26,9.144111192392188,16000,716.2887100707144,725.4328212631066,720.8607656669105,,0.76
2006-09-01,67,630.3,,,44.042,347.762,0.2,8.2,-1.2,0.26,9.144111192392188,16000,716.2887100707144,725.4328212631066,720.8607656669105,,0.76
2006-10-01,67,667.1,,,76.486,565.643,0.2,8.2,-1.2,0.26,9.144111192392188,16000,716.2887100707144,725.4328212631066,720.8607656669105,,0.76
2006-11-01,67,643.6,,,95.276,833.714,0.2,8.2,-1.2,0.26,9.144111192392188,16000,716.2887100707144,725.4328212631066,720.8607656669105,,0.76
2006-12-01,67,640.3,,,100.914,863.214,0.2,8.2,-1.2,0.26,9.144111192392188,16000,716.2887100707144,725.4328212631066,720.8607656669105,,0.76
2007-01-01,67,638.9,,,101.261,857.667,0.2,8.2,-1.2,0.26,9.144111192392188,16000,716.2887100707144,725.4328212631066,720.8607656669105,,0.76
2007-02-01,67,633.5,,,89.551,729.667,0.2,8.2,-1.2,0.26,9.144111192392188,16000,716.2887100707144,725.4328212631066,720.8607656669105,,0.76
2007-03-01,67,630.1,,,95.011,770.238,0.2,8.2,-1.2,0.26,9.144111192392188,16000,716.2887100707144,725.4328212631066,720.8607656669105,,0.76
2007-04-01,67,636.6,,,67.819,380.976,0.2,8.2,-1.2,0.26,9.144111192392188,16000,716.2887100707144,725.4328212631066,720.8607656669105,,0.76
2007-05-01,67,644.6,,,86.99,530.548,0.2,8.2,-1.2,0.26,9.144111192392188,16000,716.2887100707144,725.4328212631066,720.8607656669105,,0.76
2007-06-01,67,637.9,,,78.689,66.667,0.2,8.2,-1.2,0.26,9.144111192392188,16000,716.2887100707144,725.4328212631066,720.8607656669105,,0.76
2007-07-01,67,628.8,,,110.305,621.405,0.2,8.2,-1.2,0.26,9.144111192392188,16000,716.2887100707144,725.4328212631066,720.8607656669105,,0.76
2007-08-01,67,633.6,,,69.036,393.119,0.2,8.2,-1.2,0.26,9.144111192392188,16000,716.2887100707144,725.4328212631066,720.8607656669105,,0.76
2007-09-01,67,628.5,,,72.969,418.81,0.2,8.2,-1.2,0.26,9.144111192392188,16000,716.2887100707144,725.4328212631066,720.8607656669105,,0.76
2007-10-01,67,631.7,,,83.92,559.167,0.2,8.2,-1.2,0.26,9.144111192392188,16000,716.2887100707144,725.4328212631066,720.8607656669105,,0.76
2007-11-01,67,622.3,,,88.341,482.738,0.2,8.2,-1.2,0.26,9.144111192392188,16000,716.2887100707144,725.4328212631066,720.8607656669105,,0.76
2007-12-01,67,627.1,,,91.004,330.81,0.2,8.2,-1.2,0.26,9.144111192392188,16000,716.2887100707144,725.4328212631066,720.8607656669105,,0.76
2008-01-01,67,626.4,,,96.986,56.238,0.2,8.2,-1.2,0.26,9.144111192392188,16000,716.2887100707144,725.4328212631066,720.8607656669105,,0.76
2008-02-01,67,620.1,,,96.112,349.857,0.2,8.2,-1.2,0.26,9.144111192392188,16000,716.2887100707144,725.4328212631066,720.8607656669105,,0.76
2008-03-01,67,621.6,,,91.658,631.381,0.2,8.2,-1.2,0.26,9.144111192392188,16000,716.2887100707144,725.4328212631066,720.8607656669105,,0.76
2008-04-01,67,621.2,,,96.674,797.357,0.2,8.2,-1.2,0.26,9.144111192392188,16000,716.2887100707144,725.4328212631066,720.8607656669105,,0.76
2008-05-01,67,618.7,,,99.487,816.405,0.2,8.2,-1.2,0.26,9.144111192392188,16000,716.2887100707144,725.4328212631066,720.8607656669105,,0.76
2008-06-01,67,615.0,,,99.189,814.476,0.2,8.2,-1.2,0.26,9.144111192392188,16000,716.2887100707144,725.4328212631066,720.8607656669105,,0.76
2008-07-01,67,600.5,,,103.218,919.143,0.2,8.2,-1.2,0.26,9.144111192392188,16000,716.2887100707144,725.4328212631066,720.8607656669105,,0.76
2008-08-01,67,614.4,,,104.995,916.476,0.2,8.2,-1.2,0.26,9.144111192392188,16000,716.2887100707144,725.4328212631066,720.8607656669105,,0.76
2008-09-01,67,614.5,,,91.612,701.31,0.2,8.2,-1.2,0.26,9.144111192392188,16000,716.2887100707144,725.4328212631066,720.8607656669105,,0.76
2008-10-01,67,606.8,,,100.453,769.167,0.2,8.2,-1.2,0.26,9.144111192392188,16000,716.2887100707144,725.4328212631066,720.8607656669105,,0.76
2008-11-01,67,615.0,,,65.306,588.405,0.2,8.2,-1.2,0.26,9.144111192392188,16000,716.2887100707144,725.4328212631066,720.8607656669105,,0.76
2008-12-01,67,608.4,,,102.015,1138.81,0.2,8.2,-1.2,0.26,9.144111192392188,16000,716.2887100707144,725.4328212631066,720.8607656669105,,0.76
2009-01-01,67,603.9,,,99.342,268.31,0.2,8.2,-1.2,0.26,9.144111192392188,16000,716.2887100707144,725.4328212631066,720.8607656669105,,0.76
2009-02-01,67,603.8,,,95.76,125.333,0.2,8.2,-1.2,0.26,9.144111192392188,16000,716.2887100707144,725.4328212631066,720.8607656669105,,0.76
2009-03-01,67,607.2,,,101.671,133.095,0.2,8.2,-1.2,0.26,9.144111192392188,16000,716.2887100707144,725.4328212631066,720.8607656669105,,0.76
2009-04-01,67,610.4,,,72.582,592.667,0.2,8.2,-1.2,0.26,9.144111192392188,16000,716.2887100707144,725.4328212631066,720.8607656669105,,0.76
2009-05-01,67,603.6,,,97.836,1100.262,0.2,8.2,-1.2,0.26,9.144111192392188,16000,716.2887100707144,725.4328212631066,720.8607656669105,,0.76
2009-06-01,67,599.4,,,100.31,1075.976,0.2,8.2,-1.2,0.26,9.144111192392188,16000,716.2887100707144,725.4328212631066,720.8607656669105,,0.76
2009-07-01,67,601.3,,,102.457,1004.405,0.2,8.2,-1.2,0.26,9.144111192392188,16000,716.2887100707144,725.4328212631066,720.8607656669105,,0.76
2009-08-01,67,590.4,,,107.234,811.143,0.2,8.2,-1.2,0.26,9.144111192392188,16000,716.2887100707144,725.4328212631066,720.8607656669105,,0.76
2009-09-01,67,601.8,,,102.688,818.286,0.2,8.2,-1.2,0.26,9.144111192392188,16000,716.2887100707144,725.4328212631066,720.8607656669105,,0.76
2009-10-01,67,609.1,,,80.054,567.738,0.2,8.2,-1.2,0.26,9.144111192392188,16000,716.2887100707144,725.4328212631066,720.8607656669105,,0.76
2009-11-01,67,589.1,,,103.862,729.952,0.2,8.2,-1.2,0.26,9.144111192392188,16000,716.2887100707144,725.4328212631066,720.8607656669105,,0.76
2009-12-01,67,568.3,,,103.788,681.333,0.2,8.2,-1.2,0.26,9.144111192392188,16000,716.2887100707144,725.4328212631066,720.8607656669105,,0.76
2010-01-01,67,581.9,,,112.365,805.31,0.2,8.2,-1.2,0.26,9.144111192392188,16000,716.2887100707144,725.4328212631066,720.8607656669105,816.0,0.76
2010-02-01,67,582.3,,,97.753,936.762,0.2,8.2,-1.2,0.26,9.144111192392188,16000,716.2887100707144,725.4328212631066,720.8607656669105,,0.76
2010-03-01,67,580.4,,,104.121,997.738,0.2,8.2,-1.2,0.26,9.144111192392188,16000,716.2887100707144,725.4328212631066,720.8607656669105,,0.76
2010-04-01,67,582.0,,,106.31,879.381,0.2,8.2,-1.2,0.26,9.144111192392188,16000,716.2887100707144,725.4328212631066,720.8607656669105,,0.76
2010-05-01,67,573.5,,,110.977,918.048,0.2,8.2,-1.2,0.26,9.144111192392188,16000,716.2887100707144,725.4328212631066,720.8607656669105,,0.76
2010-06-01,67,556.8,,,111.385,998.81,0.2,8.2,-1.2,0.26,9.144111192392188,16000,716.2887100707144,725.4328212631066,720.8607656669105,,0.76
2010-07-01,67,560.1,,,113.804,1149.643,0.2,8.2,-1.2,0.26,9.144111192392188,16000,716.2887100707144,725.4328212631066,720.8607656669105,,0.76
2010-08-01,67,579.9,,,109.471,1098.595,0.2,8.2,-1.2,0.26,9.144111192392188,16000,716.2887100707144,725.4328212631066,720.8607656669105,,0.76
2010-09-01,67,560.2,,,111.601,1109.667,0.2,8.2,-1.2,0.26,9.144111192392188,16000,716.2887100707144,725.4328212631066,720.8607656669105,,0.76
2010-10-01,67,555.8,,,115.588,1313.786,0.2,8.2,-1.2,0.26,9.144111192392188,16000,716.2887100707144,725.4328212631066,720.8607656669105,,0.76
2010-11-01,67,553.8,,,110.196,1252.429,0.2,8.2,-1.2,0.26,9.144111192392188,16000,716.2887100707144,725.4328212631066,720.8607656669105,,0.76
2010-12-01,67,565.2,,,99.959,1183.143,0.2,8.2,-1.2,0.26,9.144111192392188,16000,716.2887100707144,725.4328212631066,720.8607656669105,,0.76
2011-01-01,67,556.2,,,115.192,1328.5,0.2,8.2,-1.2,0.26,9.144111192392188,16000,716.2887100707144,725.4328212631066,720.8607656669105,,0.76
2011-02-01,67,557.7,,,104.193,1180.333,0.2,8.2,-1.2,0.26,9.144111192392188,16000,716.2887100707144,725.4328212631066,720.8607656669105,,0.76
2011-03-01,67,563.5,,,110.71,1202.857,0.2,8.2,-1.2,0.26,9.144111192392188,16000,716.2887100707144,725.4328212631066,720.8607656669105,,0.76
2011-04-01,67,556.2,,,111.577,1195.738,0.2,8.2,-1.2,0.26,9.144111192392188,16000,716.2887100707144,725.4328212631066,720.8607656669105,,0.76
2011-05-01,67,551.4,,,118.581,1106.429,0.2,8.2,-1.2,0.26,9.144111192392188,16000,716.2887100707144,725.4328212631066,720.8607656669105,,0.76
2011-06-01,67,548.3,,,116.155,931.857,0.2,8.2,-1.2,0.26,9.144111192392188,16000,716.2887100707144,725.4328212631066,720.8607656669105,,0.76
2011-07-01,67,546.5,,,120.362,906.405,0.2,8.2,-1.2,0.26,9.144111192392188,16000,716.2887100707144,725.4328212631066,720.8607656669105,,0.76
2011-08-01,67,546.3,,,119.892,902.952,0.2,8.2,-1.2,0.26,9.144111192392188,16000,716.2887100707144,725.4328212631066,720.8607656669105,,0.76
2011-09-01,67,544.8,,,117.187,882.429,0.2,8.2,-1.2,0.26,9.144111192392188,16000,716.2887100707144,725.4328212631066,720.8607656669105,,0.76
2011-10-01,67,540.2,,,117.025,881.214,0.2,8.2,-1.2,0.26,9.144111192392188,16000,716.2887100707144,725.4328212631066,720.8607656669105,,0.76
2011-11-01,67,538.9,,,115.735,1181.095,0.2,8.2,-1.2,0.26,9.144111192392188,16000,716.2887100707144,725.4328212631066,720.8607656669105,,0.76
2011-12-01,67,537.8,,,78.996,806.191,0.2,8.2,-1.2,0.26,9.144111192392188,16000,716.2887100707144,725.4328212631066,720.8607656669105,,0.76
2012-01-01,67,572.7,,,77.772,779.238,0.2,8.2,-1.2,0.26,9.144111192392188,16000,716.2887100707144,725.4328212631066,720.8607656669105,799.0,0.76
2012-02-01,67,590.1,,,74.025,724.833,0.2,8.2,-1.2,0.26,9.144111192392188,16000,716.2887100707144,725.4328212631066,720.8607656669105,,0.76
2012-03-01,67,578.5,,,76.759,634.286,0.2,8.2,-1.2,0.26,9.144111192392188,16000,716.2887100707144,725.4328212631066,720.8607656669105,,0.76
2012-04-01,67,511.5,,,128.418,1053.429,0.2,8.2,-1.2,0.26,9.144111192392188,16000,716.2887100707144,725.4328212631066,720.8607656669105,,0.76
2012-05-01,67,509.5,,,122.887,1007.357,0.2,8.2,-1.2,0.26,9.144111192392188,16000,716.2887100707144,725.4328212631066,720.8607656669105,,0.76
2012-06-01,67,514.4,,,124.351,1128.595,0.2,8.2,-1.2,0.26,9.144111192392188,16000,716.2887100707144,725.4328212631066,720.8607656669105,,0.76
2012-07-01,67,515.2,,,126.874,1180.286,0.2,8.2,-1.2,0.26,9.144111192392188,16000,716.2887100707144,725.4328212631066,720.8607656669105,,0.76
2012-08-01,67,513.1,,,123.892,1093.714,0.2,8.2,-1.2,0.26,9.144111192392188,16000,716.2887100707144,725.4328212631066,720.8607656669105,,0.76
2012-09-01,67,528.6,,,114.271,944.048,0.2,8.2,-1.2,0.26,9.144111192392188,16000,716.2887100707144,725.4328212631066,720.8607656669105,,0.76
2012-10-01,67,517.6,,,116.083,982.31,0.2,8.2,-1.2,0.26,9.144111192392188,16000,716.2887100707144,725.4328212631066,720.8607656669105,,0.76
2012-11-01,67,512.7,,,122.538,1215.738,0.2,8.2,-1.2,0.26,9.144111192392188,16000,716.2887100707144,725.4328212631066,720.8607656669105,,0.76
2012-12-01,67,517.2,,,117.841,1160.143,0.2,8.2,-1.2,0.26,9.144111192392188,16000,716.2887100707144,725.4328212631066,720.8607656669105,,0.76
2013-01-01,67,517.5,,,115.975,1196.905,0.2,8.2,-1.2,0.26,9.144111192392188,16000,716.2887100707144,725.4328212631066,720.8607656669105,,0.76
2013-02-01,67,519.7,,,105.899,1078.905,0.2,8.2,-1.2,0.26,9.144111192392188,16000,716.2887100707144,725.4328212631066,720.8607656669105,,0.76
2013-03-01,67,516.2,,,107.506,1084.167,0.2,8.2,-1.2,0.26,9.144111192392188,16000,716.2887100707144,725.4328212631066,720.8607656669105,,0.76
2013-04-01,67,538.8,,,95.541,955.738,0.2,8.2,-1.2,0.26,9.144111192392188,16000,716.2887100707144,725.4328212631066,720.8607656669105,,0.76
2013-05-01,67,523.6,,,114.246,1127.762,0.2,8.2,-1.2,0.26,9.144111192392188,16000,716.2887100707144,725.4328212631066,720.8607656669105,,0.76
2013-06-01,67,526.5,,,107.301,1009.048,0.2,8.2,-1.2,0.26,9.144111192392188,16000,716.2887100707144,725.4328212631066,720.8607656669105,,0.76
2013-07-01,67,526.2,,,108.564,1020.929,0.2,8.2,-1.2,0.26,9.144111192392188,16000,716.2887100707144,725.4328212631066,720.8607656669105,,0.76
2013-08-01,67,508.9,,,116.69,1097.357,0.2,8.2,-1.2,0.26,9.144111192392188,16000,716.2887100707144,725.4328212631066,720.8607656669105,,0.76
2013-09-01,67,515.6,,,114.552,1074.786,0.2,8.2,-1.2,0.26,9.144111192392188,16000,716.2887100707144,725.4328212631066,720.8607656669105,,0.76
2013-10-01,67,503.2,,,73.626,1395.643,0.2,8.2,-1.2,0.26,9.144111192392188,16000,716.2887100707144,725.4328212631066,720.8607656669105,,0.76
2013-11-01,67,554.0,,,71.85,1364.429,0.2,8.2,-1.2,0.26,9.144111192392188,16000,716.2887100707144,725.4328212631066,720.8607656669105,,0.76
2013-12-01,67,552.6,,,73.95,1100.0,0.2,8.2,-1.2,0.26,9.144111192392188,16000,716.2887100707144,725.4328212631066,720.8607656669105,,0.76
2014-01-01,67,551.5,,,73.664,1.109,0.2,8.2,-1.2,0.26,9.144111192392188,16000,716.2887100707144,725.4328212631066,720.8607656669105,,0.76
2014-02-01,67,552.1,,,67.084,1261.833,0.2,8.2,-1.2,0.26,9.144111192392188,16000,716.2887100707144,725.4328212631066,720.8607656669105,,0.76
2014-03-01,67,549.4,,,68.073,1337.595,0.2,8.2,-1.2,0.26,9.144111192392188,16000,716.2887100707144,725.4328212631066,720.8607656669105,,0.76
2014-04-01,67,549.6,,,64.03,1001.667,0.2,8.2,-1.2,0.26,9.144111192392188,16000,716.2887100707144,725.4328212631066,720.8607656669105,,0.76
2014-05-01,67,550.3,,,61.538,1006.786,0.2,8.2,-1.2,0.26,9.144111192392188,16000,716.2887100707144,725.4328212631066,720.8607656669105,,0.76
2014-06-01,67,548.5,,,72.815,1338.738,0.2,8.2,-1.2,0.26,9.144111192392188,16000,716.2887100707144,725.4328212631066,720.8607656669105,,0.76
2014-07-01,67,548.2,,,77.649,1482.571,0.2,8.2,-1.2,0.26,9.144111192392188,16000,716.2887100707144,725.4328212631066,720.8607656669105,,0.76
2014-08-01,67,545.8,,,76.105,1495.571,0.2,8.2,-1.2,0.26,9.144111192392188,16000,716.2887100707144,725.4328212631066,720.8607656669105,,0.76
2014-09-01,67,560.9,,,72.557,1434.929,0.2,8.2,-1.2,0.26,9.144111192392188,16000,716.2887100707144,725.4328212631066,720.8607656669105,,0.76
2014-10-01,67,544.0,,,71.373,1402.714,0.2,8.2,-1.2,0.26,9.144111192392188,16000,716.2887100707144,725.4328212631066,720.8607656669105,777.0,0.76
2014-11-01,67,542.8,,,74.445,1463.167,0.2,8.2,-1.2,0.26,9.144111192392188,16000,716.2887100707144,725.4328212631066,720.8607656669105,,0.76
2014-12-01,67,541.8,,,77.066,1514.619,0.2,8.2,-1.2,0.26,9.144111192392188,16000,716.2887100707144,725.4328212631066,720.8607656669105,,0.76
2015-01-01,67,541.5,,,76.246,1498.381,0.2,8.2,-1.2,0.26,9.144111192392188,16000,716.2887100707144,725.4328212631066,720.8607656669105,,0.76
2015-02-01,67,540.7,,,68.99,1355.833,0.2,8.2,-1.2,0.26,9.144111192392188,16000,716.2887100707144,725.4328212631066,720.8607656669105,,0.76
2015-03-01,67,539.4,,,77.118,1515.571,0.2,8.2,-1.2,0.26,9.144111192392188,16000,716.2887100707144,725.4328212631066,720.8607656669105,,0.76
2015-04-01,67,535.3,,,73.942,1453.214,0.2,8.2,-1.2,0.26,9.144111192392188,16000,716.2887100707144,725.4328212631066,720.8607656669105,,0.76
2015-05-01,67,535.9,,,71.516,1405.357,0.2,8.2,-1.2,0.26,9.144111192392188,16000,716.2887100707144,725.4328212631066,720.8607656669105,,0.76
2015-06-01,67,534.8,,,78.748,1547.691,0.2,8.2,-1.2,0.26,9.144111192392188,16000,716.2887100707144,725.4328212631066,720.8607656669105,,0.76
2015-07-01,67,533.8,,,80.704,1586.071,0.2,8.2,-1.2,0.26,9.144111192392188,16000,716.2887100707144,725.4328212631066,720.8607656669105,,0.76
2015-08-01,67,531.6,32.0,27.0,67.194,1351.214,0.2,8.2,-1.2,0.26,9.144111192392188,16000,716.2887100707144,725.4328212631066,720.8607656669105,,0.76
2015-09-01,67,534.3,32.0,30.0,80.45,1575.357,0.2,8.2,-1.2,0.26,9.144111192392188,16000,716.2887100707144,725.4328212631066,720.8607656669105,,0.76
2015-10-01,67,528.6,32.0,31.0,77.608,1519.191,0.2,8.2,-1.2,0.26,9.144111192392188,16000,716.2887100707144,725.4328212631066,720.8607656669105,,0.76
2015-11-01,67,530.4,32.0,30.0,67.625,1248.905,0.2,8.2,-1.2,0.26,9.144111192392188,16000,716.2887100707144,725.4328212631066,720.8607656669105,,0.76
2015-12-01,67,530.1,32.0,31.0,75.341,1388.905,0.2,8.2,-1.2,0.26,9.144111192392188,16000,716.2887100707144,725.4328212631066,720.8607656669105,,0.76
2016-01-01,67,529.3,32.0,31.0,79.331,1462.786,0.2,8.2,-1.2,0.26,9.144111192392188,16000,716.2887100707144,725.4328212631066,720.8607656669105,,0.76
2016-02-01,67,536.8,32.0,29.0,71.644,1406.976,0.2,8.2,-1.2,0.26,9.144111192392188,16000,716.2887100707144,725.4328212631066,720.8607656669105,,0.76
2016-03-01,67,526.5,32.0,31.0,71.097,1396.333,0.2,8.2,-1.2,0.26,9.144111192392188,16000,716.2887100707144,725.4328212631066,720.8607656669105,,0.76
2016-04-01,67,525.4,32.0,30.0,71.808,1410.905,0.2,8.2,-1.2,0.26,9.144111192392188,16000,716.2887100707144,725.4328212631066,720.8607656669105,,0.76
2016-05-01,67,528.9,32.0,31.0,73.536,1455.357,0.2,8.2,-1.2,0.26,9.144111192392188,16000,716.2887100707144,725.4328212631066,720.8607656669105,,0.76
2016-06-01,67,522.2,32.0,30.0,73.526,1480.119,0.2,8.2,-1.2,0.26,9.144111192392188,16000,716.2887100707144,725.4328212631066,720.8607656669105,,0.76
2016-07-01,67,503.2,32.0,31.0,76.44,1543.143,0.2,8.2,-1.2,0.26,9.144111192392188,16000,716.2887100707144,725.4328212631066,720.8607656669105,,0.76
2016-08-01,67,518.8,32.0,31.0,76.313,1499.524,0.2,8.2,-1.2,0.26,9.144111192392188,16000,716.2887100707144,725.4328212631066,720.8607656669105,,0.76
2016-09-01,67,515.7,32.0,30.0,73.132,1437.048,0.2,8.2,-1.2,0.26,9.144111192392188,16000,716.2887100707144,725.4328212631066,720.8607656669105,,0.76
2016-10-01,67,509.6,32.0,31.0,72.412,1422.524,0.2,8.2,-1.2,0.26,9.144111192392188,16000,716.2887100707144,725.4328212631066,720.8607656669105,,0.76
2016-11-01,67,513.0,32.0,30.0,76.505,1503.119,0.2,8.2,-1.2,0.26,9.144111192392188,16000,716.2887100707144,725.4328212631066,720.8607656669105,,0.76
2016-12-01,67,512.2,32.0,31.0,77.099,1514.452,0.2,8.2,-1.2,0.26,9.144111192392188,16000,716.2887100707144,725.4328212631066,720.8607656669105,,0.76
2017-01-01,67,510.0,32.0,31.0,76.316,1499.262,0.2,8.2,-1.2,0.26,9.144111192392188,16000,716.2887100707144,725.4328212631066,720.8607656669105,,0.76
2017-02-01,67,511.7,32.0,28.0,61.324,1204.738,0.2,8.2,-1.2,0.26,9.144111192392188,16000,716.2887100707144,725.4328212631066,720.8607656669105,,0.76
2017-03-01,67,508.7,32.0,31.0,77.472,1521.643,0.2,8.2,-1.2,0.26,9.144111192392188,16000,716.2887100707144,725.4328212631066,720.8607656669105,,0.76
2017-04-01,67,504.7,32.0,30.0,71.705,1389.5,0.2,8.2,-1.2,0.26,9.144111192392188,16000,716.2887100707144,725.4328212631066,720.8607656669105,,0.76
2017-05-01,67,502.4,32.0,31.0,78.941,1550.929,0.2,8.2,-1.2,0.26,9.144111192392188,16000,716.2887100707144,725.4328212631066,720.8607656669105,,0.76
2017-06-01,67,501.1,32.0,30.0,78.444,1541.191,0.2,8.2,-1.2,0.26,9.144111192392188,16000,716.2887100707144,725.4328212631066,720.8607656669105,,0.76
2017-07-01,67,503.2,32.0,31.0,81.066,1592.357,0.2,8.2,-1.2,0.26,9.144111192392188,16000,716.2887100707144,725.4328212631066,720.8607656669105,,0.76
2017-08-01,67,499.0,32.0,31.0,81.578,1602.524,0.2,8.2,-1.2,0.26,9.144111192392188,16000,716.2887100707144,725.4328212631066,720.8607656669105,,0.76
2017-09-01,67,493.2,32.0,28.0,74.325,1460.119,0.2,8.2,-1.2,0.26,9.144111192392188,16000,716.2887100707144,725.4328212631066,720.8607656669105,,0.76
2017-10-01,67,499.9,32.0,31.0,76.582,1504.476,0.2,8.2,-1.2,0.26,9.144111192392188,16000,716.2887100707144,725.4328212631066,720.8607656669105,,0.76
2017-11-01,67,488.0,32.0,30.0,74.446,1462.262,0.2,8.2,-1.2,0.26,9.144111192392188,16000,716.2887100707144,725.4328212631066,720.8607656669105,,0.76
2017-12-01,67,495.7,32.0,31.0,83.731,1644.786,0.2,8.2,-1.2,0.26,9.144111192392188,16000,716.2887100707144,725.4328212631066,720.8607656669105,,0.76
2018-01-01,67,492.7,32.0,31.0,80.27,1576.81,0.2,8.2,-1.2,0.26,9.144111192392188,16000,716.2887100707144,725.4328212631066,720.8607656669105,,0.76
2018-02-01,67,492.1,32.0,28.0,49.207,966.643,0.2,8.2,-1.2,0.26,9.144111192392188,16000,716.2887100707144,725.4328212631066,720.8607656669105,,0.76
2018-03-01,67,491.6,32.0,31.0,76.69,2696.952,0.2,8.2,-1.2,0.26,9.144111192392188,16000,716.2887100707144,725.4328212631066,720.8607656669105,,0.76
2018-04-01,67,480.6,32.0,30.0,81.166,2854.357,0.2,8.2,-1.2,0.26,9.144111192392188,16000,716.2887100707144,725.4328212631066,720.8607656669105,,0.76
2018-05-01,67,495.7,32.0,21.0,58.719,1808.595,0.2,8.2,-1.2,0.26,9.144111192392188,16000,716.2887100707144,725.4328212631066,720.8607656669105,,0.76
2018-06-01,67,486.1,32.0,30.0,81.956,2524.167,0.2,8.2,-1.2,0.26,9.144111192392188,16000,716.2887100707144,725.4328212631066,720.8607656669105,,0.76
2018-07-01,67,486.4,32.0,31.0,84.613,2605.976,0.2,8.2,-1.2,0.26,9.144111192392188,16000,716.2887100707144,725.4328212631066,720.8607656669105,,0.76
2018-08-01,67,484.4,32.0,31.0,84.342,2597.524,0.2,8.2,-1.2,0.26,9.144111192392188,16000,716.2887100707144,725.4328212631066,720.8607656669105,,0.76
2018-09-01,67,482.6,32.0,30.0,81.165,2499.691,0.2,8.2,-1.2,0.26,9.144111192392188,16000,716.2887100707144,725.4328212631066,720.8607656669105,,0.76
2018-10-01,67,476.1,32.0,31.0,82.818,2550.595,0.2,8.2,-1.2,0.26,9.144111192392188,16000,716.2887100707144,725.4328212631066,720.8607656669105,,0.76
2018-11-01,67,479.0,32.0,30.0,79.0,2444.929,0.2,8.2,-1.2,0.26,9.144111192392188,16000,716.2887100707144,725.4328212631066,720.8607656669105,,0.76
2018-12-01,67,474.8,32.0,31.0,79.267,2441.191,0.2,8.2,-1.2,0.26,9.144111192392188,16000,716.2887100707144,725.4328212631066,720.8607656669105,,0.76
2019-01-01,67,467.2,32.0,31.0,76.631,2360.095,0.2,8.2,-1.2,0.26,9.144111192392188,16000,716.2887100707144,725.4328212631066,720.8607656669105,,0.76
2019-02-01,67,473.9,32.0,28.0,69.677,2146.357,0.2,8.2,-1.2,0.26,9.144111192392188,16000,716.2887100707144,725.4328212631066,720.8607656669105,,0.76
2019-03-01,67,478.4,32.0,31.0,78.846,2428.548,0.2,8.2,-1.2,0.26,9.144111192392188,16000,716.2887100707144,725.4328212631066,720.8607656669105,,0.76
2019-04-01,67,458.2,32.0,30.0,76.535,2357.429,0.2,8.2,-1.2,0.26,9.144111192392188,16000,716.2887100707144,725.4328212631066,720.8607656669105,,0.76
2019-05-01,67,,32.0,31.0,79.776,2457.31,0.2,8.2,-1.2,0.26,9.144111192392188,16000,716.2887100707144,725.4328212631066,720.8607656669105,,0.76
2019-06-01,67,472.5,32.0,27.0,70.394,2168.143,0.2,8.2,-1.2,0.26,9.144111192392188,16000,716.2887100707144,725.4328212631066,720.8607656669105,,0.76
2019-07-01,67,472.8,32.0,31.0,78.717,2424.071,0.2,8.2,-1.2,0.26,9.144111192392188,16000,716.2887100707144,725.4328212631066,720.8607656669105,,0.76
2019-08-01,67,469.5,32.0,31.0,79.83,2458.476,0.2,8.2,-1.2,0.26,9.144111192392188,16000,716.2887100707144,725.4328212631066,720.8607656669105,,0.76
2019-09-01,67,469.0,32.0,30.0,75.804,2334.571,0.2,8.2,-1.2,0.26,9.144111192392188,16000,716.2887100707144,725.4328212631066,720.8607656669105,,0.76
2019-10-01,67,463.1,32.0,31.0,74.541,2295.595,0.2,8.2,-1.2,0.26,9.144111192392188,16000,716.2887100707144,725.4328212631066,720.8607656669105,,0.76
2019-11-01,67,446.5,32.0,30.0,69.12,2129.024,0.2,8.2,-1.2,0.26,9.144111192392188,16000,716.2887100707144,725.4328212631066,720.8607656669105,,0.76
2019-12-01,67,460.5,32.0,31.0,72.89,2244.738,0.2,8.2,-1.2,0.26,9.144111192392188,16000,716.2887100707144,725.4328212631066,720.8607656669105,,0.76
2020-01-01,67,464.2,32.0,26.0,65.293,2010.786,0.2,8.2,-1.2,0.26,9.144111192392188,16000,716.2887100707144,725.4328212631066,720.8607656669105,,0.76
2020-02-01,67,463.8,32.0,29.0,71.983,2217.31,0.2,8.2,-1.2,0.26,9.144111192392188,16000,716.2887100707144,725.4328212631066,720.8607656669105,,0.76
2020-03-01,67,463.8,32.0,31.0,77.083,2374.048,0.2,8.2,-1.2,0.26,9.144111192392188,16000,716.2887100707144,725.4328212631066,720.8607656669105,,0.76
2020-06-01,67,,32.0,30.0,74.25,2286.429,0.2,8.2,-1.2,0.26,9.144111192392188,16000,716.2887100707144,725.4328212631066,720.8607656669105,,0.76
2020-07-01,67,452.7,32.0,30.0,77.444,2385.024,0.2,8.2,-1.2,0.26,9.144111192392188,16000,716.2887100707144,725.4328212631066,720.8607656669105,,0.76
2020-08-01,67,441.1,32.0,31.0,79.991,2463.452,0.2,8.2,-1.2,0.26,9.144111192392188,16000,716.2887100707144,725.4328212631066,720.8607656669105,,0.76
2020-09-01,67,452.4,32.0,30.0,75.023,2310.833,0.2,8.2,-1.2,0.26,9.144111192392188,16000,716.2887100707144,725.4328212631066,720.8607656669105,,0.76
2020-10-01,67,445.5,32.0,31.0,76.569,2358.405,0.2,8.2,-1.2,0.26,9.144111192392188,16000,716.2887100707144,725.4328212631066,720.8607656669105,,0.76
2020-11-01,67,445.8,32.0,30.0,69.699,2146.5,0.2,8.2,-1.2,0.26,9.144111192392188,16000,716.2887100707144,725.4328212631066,720.8607656669105,,0.76
2020-12-01,67,440.8,32.0,31.0,77.198,2377.857,0.2,8.2,-1.2,0.26,9.144111192392188,16000,716.2887100707144,725.4328212631066,720.8607656669105,,0.76
2021-01-01,67,440.3,32.0,31.0,74.397,2291.333,0.2,8.2,-1.2,0.26,9.144111192392188,16000,716.2887100707144,725.4328212631066,720.8607656669105,,0.76
2021-02-01,67,442.0,32.0,28.0,65.716,2023.524,0.2,8.2,-1.2,0.26,9.144111192392188,16000,716.2887100707144,725.4328212631066,720.8607656669105,,0.76
2021-03-01,67,439.6,32.0,31.0,71.285,2195.5,0.2,8.2,-1.2,0.26,9.144111192392188,16000,716.2887100707144,725.4328212631066,720.8607656669105,,0.76
2021-04-01,67,437.2,32.0,30.0,69.64,2144.857,0.2,8.2,-1.2,0.26,9.144111192392188,16000,716.2887100707144,725.4328212631066,720.8607656669105,,0.76
2021-05-01,67,436.3,32.0,31.0,75.364,2321.024,0.2,8.2,-1.2,0.26,9.144111192392188,16000,716.2887100707144,725.4328212631066,720.8607656669105,,0.76
2021-06-01,67,431.5,32.0,30.0,77.87,1555.024,0.2,8.2,-1.2,0.26,9.144111192392188,16000,716.2887100707144,725.4328212631066,720.8607656669105,,0.76
2021-07-01,67,435.8,32.0,31.0,81.732,1611.119,0.2,8.2,-1.2,0.26,9.144111192392188,16000,716.2887100707144,725.4328212631066,720.8607656669105,,0.76
2021-08-01,67,434.5,32.0,31.0,82.882,1403.5,0.2,8.2,-1.2,0.26,9.144111192392188,16000,716.2887100707144,725.4328212631066,720.8607656669105,,0.76
2021-09-01,67,432.5,32.0,30.0,80.154,1357.452,0.2,8.2,-1.2,0.26,9.144111192392188,16000,716.2887100707144,725.4328212631066,720.8607656669105,,0.76
2021-10-01,67,430.2,32.0,31.0,82.31,1393.857,0.2,8.2,-1.2,0.26,9.144111192392188,16000,716.2887100707144,725.4328212631066,720.8607656669105,,0.76
2021-11-01,67,430.7,32.0,25.0,53.768,910.714,0.2,8.2,-1.2,0.26,9.144111192392188,16000,716.2887100707144,725.4328212631066,720.8607656669105,,0.76
2021-12-01,67,439.7,32.0,29.0,73.576,1245.667,0.2,8.2,-1.2,0.26,9.144111192392188,16000,716.2887100707144,725.4328212631066,720.8607656669105,,0.76
2022-01-01,67,347.8,48.0,31.0,115.53,1956.0,0.2,8.2,-1.2,0.26,9.144111192392188,16000,716.2887100707144,725.4328212631066,720.8607656669105,,0.76
2022-02-01,67,330.1,48.0,28.0,104.844,1775.643,0.2,8.2,-1.2,0.26,9.144111192392188,16000,716.2887100707144,725.4328212631066,720.8607656669105,,0.76
2022-03-01,67,328.2,32.0,31.0,117.308,1986.238,0.2,8.2,-1.2,0.26,9.144111192392188,16000,716.2887100707144,725.4328212631066,720.8607656669105,,0.76
2022-04-01,67,324.0,48.0,30.0,115.841,1962.167,0.2,8.2,-1.2,0.26,9.144111192392188,16000,716.2887100707144,725.4328212631066,720.8607656669105,,0.76
2022-05-01,67,322.6,48.0,31.0,119.876,2047.5,0.2,8.2,-1.2,0.26,9.144111192392188,16000,716.2887100707144,725.4328212631066,720.8607656669105,,0.76
2022-06-01,67,326.2,48.0,30.0,113.2,1916.691,0.2,8.2,-1.2,0.26,9.144111192392188,16000,716.2887100707144,725.4328212631066,720.8607656669105,,0.76
2022-07-01,67,326.2,48.0,31.0,111.609,1889.952,0.2,8.2,-1.2,0.26,9.144111192392188,16000,716.2887100707144,725.4328212631066,720.8607656669105,,0.76
2022-08-01,67,314.3,48.0,31.0,111.495,1918.762,0.2,8.2,-1.2,0.26,9.144111192392188,16000,716.2887100707144,725.4328212631066,720.8607656669105,,0.76
2022-09-01,67,321.0,48.0,30.0,109.261,1850.024,0.2,8.2,-1.2,0.26,9.144111192392188,16000,716.2887100707144,725.4328212631066,720.8607656669105,,0.76
2022-10-01,67,322.3,48.0,31.0,107.058,2661.595,0.2,8.2,-1.2,0.26,9.144111192392188,16000,716.2887100707144,725.4328212631066,720.8607656669105,,0.76
2022-11-01,67,318.1,48.0,30.0,101.527,2524.048,0.2,8.2,-1.2,0.26,9.144111192392188,16000,716.2887100707144,725.4328212631066,720.8607656669105,,0.76
2022-12-01,67,323.7,48.0,31.0,105.613,2625.191,0.2,8.2,-1.2,0.26,9.144111192392188,16000,716.2887100707144,725.4328212631066,720.8607656669105,,0.76
2023-01-01,67,316.9,48.0,31.0,107.244,2665.405,0.2,8.2,-1.2,0.26,9.144111192392188,16000,716.2887100707144,725.4328212631066,720.8607656669105,,0.76
2023-02-01,67,307.4,48.0,28.0,83.832,2084.071,0.2,8.2,-1.2,0.26,9.144111192392188,16000,716.2887100707144,725.4328212631066,720.8607656669105,,0.76
2023-03-01,67,316.0,48.0,26.0,81.787,2033.214,0.2,8.2,-1.2,0.26,9.144111192392188,16000,716.2887100707144,725.4328212631066,720.8607656669105,,0.76
2023-04-01,67,306.6,,,,,0.2,8.2,-1.2,0.26,9.144111192392188,16000,716.2887100707144,725.4328212631066,720.8607656669105,,0.76
2023-05-01,67,306.6,48.0,31.0,101.498,2522.691,0.2,8.2,-1.2,0.26,9.144111192392188,16000,716.2887100707144,725.4328212631066,720.8607656669105,,0.76
2023-06-01,67,299.6,48.0,30.0,102.74,2553.595,0.2,8.2,-1.2,0.26,9.144111192392188,16000,716.2887100707144,725.4328212631066,720.8607656669105,,0.76
2023-07-01,67,309.0,48.0,31.0,105.327,2617.976,0.2,8.2,-1.2,0.26,9.144111192392188,16000,716.2887100707144,725.4328212631066,720.8607656669105,,0.76
2023-08-01,67,302.2,48.0,31.0,100.991,2510.262,0.2,8.2,-1.2,0.26,9.144111192392188,16000,716.2887100707144,725.4328212631066,720.8607656669105,,0.76
2023-09-01,67,297.9,48.0,30.0,98.069,2423.976,0.2,8.2,-1.2,0.26,9.144111192392188,16000,716.2887100707144,725.4328212631066,720.8607656669105,,0.76
2023-10-01,67,297.1,48.0,21.0,72.587,1803.762,0.2,8.2,-1.2,0.26,9.144111192392188,16000,716.2887100707144,725.4328212631066,720.8607656669105,,0.76
2023-11-01,67,306.0,48.0,30.0,103.964,2610.048,0.2,8.2,-1.2,0.26,9.144111192392188,16000,716.2887100707144,725.4328212631066,720.8607656669105,,0.76
2023-12-01,67,302.4,48.0,31.0,107.797,2674.167,0.2,8.2,-1.2,0.26,9.144111192392188,16000,716.2887100707144,725.4328212631066,720.8607656669105,,0.76
2024-01-01,67,270.0,128.0,31.0,115.404,2862.881,0.2,8.2,-1.2,0.26,9.144111192392188,16000,716.2887100707144,725.4328212631066,720.8607656669105,,0.76
2024-02-01,67,237.6,128.0,29.0,110.201,2733.81,0.2,8.2,-1.2,0.26,9.144111192392188,16000,716.2887100707144,725.4328212631066,720.8607656669105,,0.76
2024-03-01,67,255.0,128.0,31.0,116.947,2901.143,0.2,8.2,-1.2,0.26,9.144111192392188,16000,716.2887100707144,725.4328212631066,720.8607656669105,,0.76
2024-04-01,67,251.2,128.0,30.0,111.938,2776.881,0.2,8.2,-1.2,0.26,9.144111192392188,16000,716.2887100707144,725.4328212631066,720.8607656669105,,0.76
2024-05-01,67,278.9,128.0,31.0,106.666,2646.095,0.2,8.2,-1.2,0.26,9.144111192392188,16000,716.2887100707144,725.4328212631066,720.8607656669105,,0.76
2024-06-01,67,278.4,128.0,30.0,106.001,2629.619,0.2,8.2,-1.2,0.26,9.144111192392188,16000,716.2887100707144,725.4328212631066,720.8607656669105,,0.76
2024-07-01,67,256.8,128.0,31.0,110.154,2732.643,0.2,8.2,-1.2,0.26,9.144111192392188,16000,716.2887100707144,725.4328212631066,720.8607656669105,,0.76
2024-08-01,67,249.4,128.0,31.0,109.758,2722.81,0.2,8.2,-1.2,0.26,9.144111192392188,16000,716.2887100707144,725.4328212631066,720.8607656669105,,0.76
2024-09-01,67,266.9,128.0,30.0,104.818,2600.262,0.2,8.2,-1.2,0.26,9.144111192392188,16000,716.2887100707144,725.4328212631066,720.8607656669105,,0.76
2024-10-01,67,241.3,128.0,31.0,109.146,2707.619,0.2,8.2,-1.2,0.26,9.144111192392188,16000,716.2887100707144,725.4328212631066,720.8607656669105,,0.76
2024-11-01,67,238.0,128.0,30.0,105.718,2622.595,0.2,8.2,-1.2,0.26,9.144111192392188,16000,716.2887100707144,725.4328212631066,720.8607656669105,,0.76
2024-12-01,67,244.4,128.0,31.0,110.379,5172.405,0.2,8.2,-1.2,0.26,9.144111192392188,16000,716.2887100707144,725.4328212631066,720.8607656669105,,0.76
2025-01-01,67,243.1,128.0,22.0,89.734,2914.952,0.2,8.2,-1.2,0.26,9.144111192392188,16000,716.2887100707144,725.4328212631066,720.8607656669105,,0.76
2025-02-01,67,219.9,128.0,28.0,102.709,2547.952,0.2,8.2,-1.2,0.26,9.144111192392188,16000,716.2887100707144,725.4328212631066,720.8607656669105,,0.76
2025-03-01,67,235.0,128.0,31.0,110.923,2751.714,0.2,8.2,-1.2,0.26,9.144111192392188,16000,716.2887100707144,725.4328212631066,720.8607656669105,,0.76
2025-04-01,67,236.0,128.0,30.0,105.837,2625.548,0.2,8.2,-1.2,0.26,9.144111192392188,16000,716.2887100707144,725.4328212631066,720.8607656669105,,0.76
2025-05-01,67,225.4,128.0,31.0,111.092,2755.905,0.2,8.2,-1.2,0.26,9.144111192392188,16000,716.2887100707144,725.4328212631066,720.8607656669105,,0.76
2025-06-01,67,231.0,128.0,30.0,109.942,2727.381,0.2,8.2,-1.2,0.26,9.144111192392188,16000,716.2887100707144,725.4328212631066,720.8607656669105,,0.76
2004-07-01,75,815.3,,,221.447,3.071,0.2,12.5,1.1,0.35,12.192148256522842,14000,716.2887100707144,728.4808583272372,722.3847841989758,,0.74
2004-08-01,75,751.3,,,204.118,13.548,0.2,12.5,1.1,0.35,12.192148256522842,14000,716.2887100707144,728.4808583272372,722.3847841989758,,0.74
2004-09-01,75,743.3,,,203.992,71.905,0.2,12.5,1.1,0.35,12.192148256522842,14000,716.2887100707144,728.4808583272372,722.3847841989758,,0.74
2004-10-01,75,761.6,,,201.869,62.024,0.2,12.5,1.1,0.35,12.192148256522842,14000,716.2887100707144,728.4808583272372,722.3847841989758,,0.74
2004-11-01,75,760.7,,,189.872,72.167,0.2,12.5,1.1,0.35,12.192148256522842,14000,716.2887100707144,728.4808583272372,722.3847841989758,,0.74
2004-12-01,75,759.4,,,191.073,73.095,0.2,12.5,1.1,0.35,12.192148256522842,14000,716.2887100707144,728.4808583272372,722.3847841989758,,0.74
2005-01-01,75,744.1,,,194.024,114.405,0.2,12.5,1.1,0.35,12.192148256522842,14000,716.2887100707144,728.4808583272372,722.3847841989758,,0.74
2005-02-01,75,751.5,,,172.152,120.643,0.2,12.5,1.1,0.35,12.192148256522842,14000,716.2887100707144,728.4808583272372,722.3847841989758,,0.74
2005-03-01,75,758.1,,,191.835,170.714,0.2,12.5,1.1,0.35,12.192148256522842,14000,716.2887100707144,728.4808583272372,722.3847841989758,,0.74
2005-04-01,75,749.6,,,179.523,131.548,0.2,12.5,1.1,0.35,12.192148256522842,14000,716.2887100707144,728.4808583272372,722.3847841989758,,0.74
2005-05-01,75,759.1,,,183.496,151.857,0.2,12.5,1.1,0.35,12.192148256522842,14000,716.2887100707144,728.4808583272372,722.3847841989758,,0.74
2005-06-01,75,710.1,,,205.357,164.19,0.2,12.5,1.1,0.35,12.192148256522842,14000,716.2887100707144,728.4808583272372,722.3847841989758,,0.74
2005-07-01,75,705.7,,,215.953,240.333,0.2,12.5,1.1,0.35,12.192148256522842,14000,716.2887100707144,728.4808583272372,722.3847841989758,,0.74
2005-08-01,75,700.5,,,216.125,210.452,0.2,12.5,1.1,0.35,12.192148256522842,14000,716.2887100707144,728.4808583272372,722.3847841989758,,0.74
2005-09-01,75,699.7,,,207.0,247.476,0.2,12.5,1.1,0.35,12.192148256522842,14000,716.2887100707144,728.4808583272372,722.3847841989758,,0.74
2005-10-01,75,692.7,,,216.213,273.762,0.2,12.5,1.1,0.35,12.192148256522842,14000,716.2887100707144,728.4808583272372,722.3847841989758,,0.74
2005-11-01,75,692.2,,,200.193,259.69,0.2,12.5,1.1,0.35,12.192148256522842,14000,716.2887100707144,728.4808583272372,722.3847841989758,,0.74
2005-12-01,75,688.7,,,211.832,277.095,0.2,12.5,1.1,0.35,12.192148256522842,14000,716.2887100707144,728.4808583272372,722.3847841989758,,0.74
2006-01-01,75,666.6,,,216.652,266.071,0.2,12.5,1.1,0.35,12.192148256522842,14000,716.2887100707144,728.4808583272372,722.3847841989758,955.0,0.74
2006-02-01,75,672.7,,,195.375,226.19,0.2,12.5,1.1,0.35,12.192148256522842,14000,716.2887100707144,728.4808583272372,722.3847841989758,,0.74
2006-03-01,75,672.6,,,217.846,358.929,0.2,12.5,1.1,0.35,12.192148256522842,14000,716.2887100707144,728.4808583272372,722.3847841989758,,0.74
2006-04-01,75,665.5,,,211.653,499.19,0.2,12.5,1.1,0.35,12.192148256522842,14000,716.2887100707144,728.4808583272372,722.3847841989758,,0.74
2006-05-01,75,670.7,,,214.374,440.381,0.2,12.5,1.1,0.35,12.192148256522842,14000,716.2887100707144,728.4808583272372,722.3847841989758,,0.74
2006-06-01,75,669.7,,,206.482,232.714,0.2,12.5,1.1,0.35,12.192148256522842,14000,716.2887100707144,728.4808583272372,722.3847841989758,,0.74
2006-07-01,75,664.8,,,211.062,243.929,0.2,12.5,1.1,0.35,12.192148256522842,14000,716.2887100707144,728.4808583272372,722.3847841989758,,0.74
2006-08-01,75,662.2,,,210.214,217.762,0.2,12.5,1.1,0.35,12.192148256522842,14000,716.2887100707144,728.4808583272372,722.3847841989758,,0.74
2006-09-01,75,662.3,,,203.598,199.119,0.2,12.5,1.1,0.35,12.192148256522842,14000,716.2887100707144,728.4808583272372,722.3847841989758,,0.74
2006-10-01,75,658.4,,,202.291,333.452,0.2,12.5,1.1,0.35,12.192148256522842,14000,716.2887100707144,728.4808583272372,722.3847841989758,,0.74
2006-11-01,75,652.7,,,202.263,243.048,0.2,12.5,1.1,0.35,12.192148256522842,14000,716.2887100707144,728.4808583272372,722.3847841989758,,0.74
2006-12-01,75,654.6,,,207.418,356.857,0.2,12.5,1.1,0.35,12.192148256522842,14000,716.2887100707144,728.4808583272372,722.3847841989758,,0.74
2007-01-01,75,653.1,,,209.071,295.762,0.2,12.5,1.1,0.35,12.192148256522842,14000,716.2887100707144,728.4808583272372,722.3847841989758,,0.74
2007-02-01,75,647.1,,,190.479,278.833,0.2,12.5,1.1,0.35,12.192148256522842,14000,716.2887100707144,728.4808583272372,722.3847841989758,,0.74
2007-03-01,75,650.1,,,208.025,324.024,0.2,12.5,1.1,0.35,12.192148256522842,14000,716.2887100707144,728.4808583272372,722.3847841989758,,0.74
2007-04-01,75,646.1,,,191.745,340.952,0.2,12.5,1.1,0.35,12.192148256522842,14000,716.2887100707144,728.4808583272372,722.3847841989758,,0.74
2007-05-01,75,677.4,,,184.67,341.429,0.2,12.5,1.1,0.35,12.192148256522842,14000,716.2887100707144,728.4808583272372,722.3847841989758,,0.74
2007-06-01,75,682.4,,,183.811,250.548,0.2,12.5,1.1,0.35,12.192148256522842,14000,716.2887100707144,728.4808583272372,722.3847841989758,,0.74
2007-07-01,75,675.6,,,180.122,263.857,0.2,12.5,1.1,0.35,12.192148256522842,14000,716.2887100707144,728.4808583272372,722.3847841989758,,0.74
2007-08-01,75,690.4,,,166.683,209.095,0.2,12.5,1.1,0.35,12.192148256522842,14000,716.2887100707144,728.4808583272372,722.3847841989758,,0.74
2007-09-01,75,674.8,,,177.213,253.381,0.2,12.5,1.1,0.35,12.192148256522842,14000,716.2887100707144,728.4808583272372,722.3847841989758,,0.74
2007-10-01,75,653.4,,,177.793,235.119,0.2,12.5,1.1,0.35,12.192148256522842,14000,716.2887100707144,728.4808583272372,722.3847841989758,,0.74
2007-11-01,75,671.3,,,169.038,227.31,0.2,12.5,1.1,0.35,12.192148256522842,14000,716.2887100707144,728.4808583272372,722.3847841989758,,0.74
2007-12-01,75,673.6,,,171.882,29.81,0.2,12.5,1.1,0.35,12.192148256522842,14000,716.2887100707144,728.4808583272372,722.3847841989758,,0.74
2008-01-01,75,676.4,,,170.332,284.333,0.2,12.5,1.1,0.35,12.192148256522842,14000,716.2887100707144,728.4808583272372,722.3847841989758,,0.74
2008-02-01,75,672.7,,,157.261,111.595,0.2,12.5,1.1,0.35,12.192148256522842,14000,716.2887100707144,728.4808583272372,722.3847841989758,,0.74
2008-03-01,75,681.1,,,167.65,138.452,0.2,12.5,1.1,0.35,12.192148256522842,14000,716.2887100707144,728.4808583272372,722.3847841989758,,0.74
2008-04-01,75,682.5,,,161.581,129.929,0.2,12.5,1.1,0.35,12.192148256522842,14000,716.2887100707144,728.4808583272372,722.3847841989758,,0.74
2008-05-01,75,689.9,,,155.286,134.81,0.2,12.5,1.1,0.35,12.192148256522842,14000,716.2887100707144,728.4808583272372,722.3847841989758,,0.74
2008-06-01,75,678.7,,,156.085,135.619,0.2,12.5,1.1,0.35,12.192148256522842,14000,716.2887100707144,728.4808583272372,722.3847841989758,,0.74
2008-07-01,75,665.1,,,162.648,355.452,0.2,12.5,1.1,0.35,12.192148256522842,14000,716.2887100707144,728.4808583272372,722.3847841989758,,0.74
2008-08-01,75,683.9,,,153.992,400.5,0.2,12.5,1.1,0.35,12.192148256522842,14000,716.2887100707144,728.4808583272372,722.3847841989758,,0.74
2008-09-01,75,667.4,,,164.38,549.643,0.2,12.5,1.1,0.35,12.192148256522842,14000,716.2887100707144,728.4808583272372,722.3847841989758,,0.74
2008-10-01,75,659.7,,,171.323,618.429,0.2,12.5,1.1,0.35,12.192148256522842,14000,716.2887100707144,728.4808583272372,722.3847841989758,,0.74
2008-11-01,75,654.1,,,169.199,886.333,0.2,12.5,1.1,0.35,12.192148256522842,14000,716.2887100707144,728.4808583272372,722.3847841989758,,0.74
2008-12-01,75,650.2,,,173.716,1112.214,0.2,12.5,1.1,0.35,12.192148256522842,14000,716.2887100707144,728.4808583272372,722.3847841989758,,0.74
2009-01-01,75,653.3,,,171.935,496.833,0.2,12.5,1.1,0.35,12.192148256522842,14000,716.2887100707144,728.4808583272372,722.3847841989758,,0.74
2009-02-01,75,659.6,,,153.77,268.714,0.2,12.5,1.1,0.35,12.192148256522842,14000,716.2887100707144,728.4808583272372,722.3847841989758,,0.74
2009-03-01,75,658.4,,,166.027,280.31,0.2,12.5,1.1,0.35,12.192148256522842,14000,716.2887100707144,728.4808583272372,722.3847841989758,,0.74
2009-04-01,75,665.6,,,154.675,250.238,0.2,12.5,1.1,0.35,12.192148256522842,14000,716.2887100707144,728.4808583272372,722.3847841989758,,0.74
2009-05-01,75,667.2,,,164.139,266.19,0.2,12.5,1.1,0.35,12.192148256522842,14000,716.2887100707144,728.4808583272372,722.3847841989758,,0.74
2009-06-01,75,650.9,,,162.293,269.048,0.2,12.5,1.1,0.35,12.192148256522842,14000,716.2887100707144,728.4808583272372,722.3847841989758,,0.74
2009-07-01,75,646.3,,,167.011,287.048,0.2,12.5,1.1,0.35,12.192148256522842,14000,716.2887100707144,728.4808583272372,722.3847841989758,,0.74
2009-08-01,75,638.5,,,157.203,312.405,0.2,12.5,1.1,0.35,12.192148256522842,14000,716.2887100707144,728.4808583272372,722.3847841989758,,0.74
2009-09-01,75,618.3,,,175.719,349.143,0.2,12.5,1.1,0.35,12.192148256522842,14000,716.2887100707144,728.4808583272372,722.3847841989758,,0.74
2009-10-01,75,614.7,,,174.643,353.643,0.2,12.5,1.1,0.35,12.192148256522842,14000,716.2887100707144,728.4808583272372,722.3847841989758,,0.74
2009-11-01,75,611.8,,,176.984,399.738,0.2,12.5,1.1,0.35,12.192148256522842,14000,716.2887100707144,728.4808583272372,722.3847841989758,,0.74
2009-12-01,75,613.6,,,179.36,415.214,0.2,12.5,1.1,0.35,12.192148256522842,14000,716.2887100707144,728.4808583272372,722.3847841989758,,0.74
2010-01-01,75,618.7,,,175.32,405.857,0.2,12.5,1.1,0.35,12.192148256522842,14000,716.2887100707144,728.4808583272372,722.3847841989758,868.0,0.74
2010-02-01,75,616.5,,,158.808,409.667,0.2,12.5,1.1,0.35,12.192148256522842,14000,716.2887100707144,728.4808583272372,722.3847841989758,,0.74
2010-03-01,75,611.0,,,178.213,464.762,0.2,12.5,1.1,0.35,12.192148256522842,14000,716.2887100707144,728.4808583272372,722.3847841989758,,0.74
2010-04-01,75,680.5,,,169.457,514.024,0.2,12.5,1.1,0.35,12.192148256522842,14000,716.2887100707144,728.4808583272372,722.3847841989758,,0.74
2010-05-01,75,615.3,,,174.351,484.071,0.2,12.5,1.1,0.35,12.192148256522842,14000,716.2887100707144,728.4808583272372,722.3847841989758,,0.74
2010-06-01,75,618.7,,,170.801,501.857,0.2,12.5,1.1,0.35,12.192148256522842,14000,716.2887100707144,728.4808583272372,722.3847841989758,,0.74
2010-07-01,75,608.1,,,178.625,606.929,0.2,12.5,1.1,0.35,12.192148256522842,14000,716.2887100707144,728.4808583272372,722.3847841989758,,0.74
2010-08-01,75,606.1,,,152.506,496.786,0.2,12.5,1.1,0.35,12.192148256522842,14000,716.2887100707144,728.4808583272372,722.3847841989758,,0.74
2010-09-01,75,602.2,,,167.063,570.833,0.2,12.5,1.1,0.35,12.192148256522842,14000,716.2887100707144,728.4808583272372,722.3847841989758,,0.74
2010-10-01,75,604.8,,,171.071,571.071,0.2,12.5,1.1,0.35,12.192148256522842,14000,716.2887100707144,728.4808583272372,722.3847841989758,,0.74
2010-11-01,75,607.8,,,163.735,593.571,0.2,12.5,1.1,0.35,12.192148256522842,14000,716.2887100707144,728.4808583272372,722.3847841989758,,0.74
2010-12-01,75,600.5,,,173.946,613.452,0.2,12.5,1.1,0.35,12.192148256522842,14000,716.2887100707144,728.4808583272372,722.3847841989758,,0.74
2011-01-01,75,589.9,,,170.14,553.952,0.2,12.5,1.1,0.35,12.192148256522842,14000,716.2887100707144,728.4808583272372,722.3847841989758,,0.74
2011-02-01,75,593.6,,,158.038,407.262,0.2,12.5,1.1,0.35,12.192148256522842,14000,716.2887100707144,728.4808583272372,722.3847841989758,,0.74
2011-03-01,75,598.4,,,175.133,395.929,0.2,12.5,1.1,0.35,12.192148256522842,14000,716.2887100707144,728.4808583272372,722.3847841989758,,0.74
2011-04-01,75,586.0,,,165.436,426.333,0.2,12.5,1.1,0.35,12.192148256522842,14000,716.2887100707144,728.4808583272372,722.3847841989758,,0.74
2011-05-01,75,598.6,,,176.771,492.524,0.2,12.5,1.1,0.35,12.192148256522842,14000,716.2887100707144,728.4808583272372,722.3847841989758,,0.74
2011-06-01,75,591.5,,,168.879,487.619,0.2,12.5,1.1,0.35,12.192148256522842,14000,716.2887100707144,728.4808583272372,722.3847841989758,,0.74
2011-07-01,75,592.3,,,172.323,491.286,0.2,12.5,1.1,0.35,12.192148256522842,14000,716.2887100707144,728.4808583272372,722.3847841989758,,0.74
2011-08-01,75,588.5,,,174.053,485.333,0.2,12.5,1.1,0.35,12.192148256522842,14000,716.2887100707144,728.4808583272372,722.3847841989758,,0.74
2011-09-01,75,591.0,,,168.464,467.81,0.2,12.5,1.1,0.35,12.192148256522842,14000,716.2887100707144,728.4808583272372,722.3847841989758,,0.74
2011-10-01,75,597.5,,,168.137,453.452,0.2,12.5,1.1,0.35,12.192148256522842,14000,716.2887100707144,728.4808583272372,722.3847841989758,,0.74
2011-11-01,75,585.2,,,165.638,480.571,0.2,12.5,1.1,0.35,12.192148256522842,14000,716.2887100707144,728.4808583272372,722.3847841989758,,0.74
2011-12-01,75,576.5,,,175.344,508.762,0.2,12.5,1.1,0.35,12.192148256522842,14000,716.2887100707144,728.4808583272372,722.3847841989758,,0.74
2012-01-01,75,581.4,,,175.519,647.929,0.2,12.5,1.1,0.35,12.192148256522842,14000,716.2887100707144,728.4808583272372,722.3847841989758,,0.74
2012-02-01,75,577.2,,,161.355,541.333,0.2,12.5,1.1,0.35,12.192148256522842,14000,716.2887100707144,728.4808583272372,722.3847841989758,,0.74
2012-03-01,75,566.3,,,169.192,501.881,0.2,12.5,1.1,0.35,12.192148256522842,14000,716.2887100707144,728.4808583272372,722.3847841989758,,0.74
2012-04-01,75,573.9,,,167.461,518.024,0.2,12.5,1.1,0.35,12.192148256522842,14000,716.2887100707144,728.4808583272372,722.3847841989758,,0.74
2012-05-01,75,568.9,,,178.175,497.857,0.2,12.5,1.1,0.35,12.192148256522842,14000,716.2887100707144,728.4808583272372,722.3847841989758,,0.74
2012-06-01,75,566.4,,,162.687,482.714,0.2,12.5,1.1,0.35,12.192148256522842,14000,716.2887100707144,728.4808583272372,722.3847841989758,,0.74
2012-07-01,75,567.1,,,169.712,542.524,0.2,12.5,1.1,0.35,12.192148256522842,14000,716.2887100707144,728.4808583272372,722.3847841989758,,0.74
2012-08-01,75,568.1,,,174.309,579.31,0.2,12.5,1.1,0.35,12.192148256522842,14000,716.2887100707144,728.4808583272372,722.3847841989758,,0.74
2012-09-01,75,575.4,,,164.57,619.762,0.2,12.5,1.1,0.35,12.192148256522842,14000,716.2887100707144,728.4808583272372,722.3847841989758,,0.74
2012-10-01,75,561.5,,,166.422,578.238,0.2,12.5,1.1,0.35,12.192148256522842,14000,716.2887100707144,728.4808583272372,722.3847841989758,,0.74
2012-11-01,75,565.3,,,161.135,474.024,0.2,12.5,1.1,0.35,12.192148256522842,14000,716.2887100707144,728.4808583272372,722.3847841989758,,0.74
2012-12-01,75,594.4,,,151.148,390.905,0.2,12.5,1.1,0.35,12.192148256522842,14000,716.2887100707144,728.4808583272372,722.3847841989758,,0.74
2013-01-01,75,586.2,,,153.377,439.167,0.2,12.5,1.1,0.35,12.192148256522842,14000,716.2887100707144,728.4808583272372,722.3847841989758,,0.74
2013-02-01,75,585.4,,,137.935,385.238,0.2,12.5,1.1,0.35,12.192148256522842,14000,716.2887100707144,728.4808583272372,722.3847841989758,,0.74
2013-03-01,75,591.7,,,153.041,468.167,0.2,12.5,1.1,0.35,12.192148256522842,14000,716.2887100707144,728.4808583272372,722.3847841989758,,0.74
2013-04-01,75,593.1,,,147.457,417.905,0.2,12.5,1.1,0.35,12.192148256522842,14000,716.2887100707144,728.4808583272372,722.3847841989758,,0.74
2013-05-01,75,577.5,,,160.369,491.333,0.2,12.5,1.1,0.35,12.192148256522842,14000,716.2887100707144,728.4808583272372,722.3847841989758,,0.74
2013-06-01,75,577.0,,,150.203,454.19,0.2,12.5,1.1,0.35,12.192148256522842,14000,716.2887100707144,728.4808583272372,722.3847841989758,,0.74
2013-07-01,75,574.6,,,159.229,448.476,0.2,12.5,1.1,0.35,12.192148256522842,14000,716.2887100707144,728.4808583272372,722.3847841989758,,0.74
2013-08-01,75,569.7,,,157.862,403.714,0.2,12.5,1.1,0.35,12.192148256522842,14000,716.2887100707144,728.4808583272372,722.3847841989758,,0.74
2013-09-01,75,571.4,,,154.03,395.905,0.2,12.5,1.1,0.35,12.192148256522842,14000,716.2887100707144,728.4808583272372,722.3847841989758,,0.74
2013-10-01,75,570.2,,,135.819,397.571,0.2,12.5,1.1,0.35,12.192148256522842,14000,716.2887100707144,728.4808583272372,722.3847841989758,,0.74
2013-11-01,75,562.1,,,157.836,466.095,0.2,12.5,1.1,0.35,12.192148256522842,14000,716.2887100707144,728.4808583272372,722.3847841989758,,0.74
2013-12-01,75,557.1,,,157.133,515.524,0.2,12.5,1.1,0.35,12.192148256522842,14000,716.2887100707144,728.4808583272372,722.3847841989758,,0.74
2014-01-01,75,554.9,,,158.311,499.905,0.2,12.5,1.1,0.35,12.192148256522842,14000,716.2887100707144,728.4808583272372,722.3847841989758,,0.74
2014-02-01,75,561.3,,,140.316,736.952,0.2,12.5,1.1,0.35,12.192148256522842,14000,716.2887100707144,728.4808583272372,722.3847841989758,,0.74
2014-03-01,75,551.7,,,154.149,809.381,0.2,12.5,1.1,0.35,12.192148256522842,14000,716.2887100707144,728.4808583272372,722.3847841989758,,0.74
2014-04-01,75,565.2,,,148.34,479.476,0.2,12.5,1.1,0.35,12.192148256522842,14000,716.2887100707144,728.4808583272372,722.3847841989758,,0.74
2014-05-01,75,557.2,,,153.291,528.762,0.2,12.5,1.1,0.35,12.192148256522842,14000,716.2887100707144,728.4808583272372,722.3847841989758,,0.74
2014-06-01,75,546.8,,,152.453,560.548,0.2,12.5,1.1,0.35,12.192148256522842,14000,716.2887100707144,728.4808583272372,722.3847841989758,,0.74
2014-07-01,75,550.4,,,159.674,601.429,0.2,12.5,1.1,0.35,12.192148256522842,14000,716.2887100707144,728.4808583272372,722.3847841989758,,0.74
2014-08-01,75,546.7,,,163.989,656.857,0.2,12.5,1.1,0.35,12.192148256522842,14000,716.2887100707144,728.4808583272372,722.3847841989758,,0.74
2014-09-01,75,557.1,,,151.266,648.143,0.2,12.5,1.1,0.35,12.192148256522842,14000,716.2887100707144,728.4808583272372,722.3847841989758,,0.74
2014-10-01,75,548.4,,,149.328,638.238,0.2,12.5,1.1,0.35,12.192148256522842,14000,716.2887100707144,728.4808583272372,722.3847841989758,,0.74
2014-11-01,75,546.2,,,150.803,645.524,0.2,12.5,1.1,0.35,12.192148256522842,14000,716.2887100707144,728.4808583272372,722.3847841989758,,0.74
2014-12-01,75,542.7,,,155.236,815.262,0.2,12.5,1.1,0.35,12.192148256522842,14000,716.2887100707144,728.4808583272372,722.3847841989758,,0.74
2015-01-01,75,541.7,,,158.613,752.0,0.2,12.5,1.1,0.35,12.192148256522842,14000,716.2887100707144,728.4808583272372,722.3847841989758,,0.74
2015-02-01,75,517.2,,,141.986,745.643,0.2,12.5,1.1,0.35,12.192148256522842,14000,716.2887100707144,728.4808583272372,722.3847841989758,,0.74
2015-03-01,75,516.4,,,160.484,842.786,0.2,12.5,1.1,0.35,12.192148256522842,14000,716.2887100707144,728.4808583272372,722.3847841989758,,0.74
2015-04-01,75,545.5,,,151.987,798.191,0.2,12.5,1.1,0.35,12.192148256522842,14000,716.2887100707144,728.4808583272372,722.3847841989758,,0.74
2015-05-01,75,547.2,,,154.446,811.0,0.2,12.5,1.1,0.35,12.192148256522842,14000,716.2887100707144,728.4808583272372,722.3847841989758,,0.74
2015-06-01,75,530.2,,,153.77,807.214,0.2,12.5,1.1,0.35,12.192148256522842,14000,716.2887100707144,728.4808583272372,722.3847841989758,,0.74
2015-07-01,75,535.1,,,155.115,814.595,0.2,12.5,1.1,0.35,12.192148256522842,14000,716.2887100707144,728.4808583272372,722.3847841989758,,0.74
2015-08-01,75,527.5,64.0,31.0,155.878,823.167,0.2,12.5,1.1,0.35,12.192148256522842,14000,716.2887100707144,728.4808583272372,722.3847841989758,,0.74
2015-09-01,75,529.4,64.0,30.0,153.869,805.119,0.2,12.5,1.1,0.35,12.192148256522842,14000,716.2887100707144,728.4808583272372,722.3847841989758,,0.74
2015-10-01,75,534.5,64.0,31.0,156.754,819.952,0.2,12.5,1.1,0.35,12.192148256522842,14000,716.2887100707144,728.4808583272372,722.3847841989758,,0.74
2015-11-01,75,517.4,64.0,30.0,149.996,784.786,0.2,12.5,1.1,0.35,12.192148256522842,14000,716.2887100707144,728.4808583272372,722.3847841989758,,0.74
2015-12-01,75,520.3,64.0,31.0,156.853,823.071,0.2,12.5,1.1,0.35,12.192148256522842,14000,716.2887100707144,728.4808583272372,722.3847841989758,,0.74
2016-01-01,75,510.6,64.0,31.0,155.869,818.095,0.2,12.5,1.1,0.35,12.192148256522842,14000,716.2887100707144,728.4808583272372,722.3847841989758,,0.74
2016-02-01,75,502.8,64.0,29.0,153.682,806.5,0.2,12.5,1.1,0.35,12.192148256522842,14000,716.2887100707144,728.4808583272372,722.3847841989758,,0.74
2016-03-01,75,491.9,64.0,31.0,168.709,885.405,0.2,12.5,1.1,0.35,12.192148256522842,14000,716.2887100707144,728.4808583272372,722.3847841989758,,0.74
2016-04-01,75,490.5,64.0,30.0,160.477,842.571,0.2,12.5,1.1,0.35,12.192148256522842,14000,716.2887100707144,728.4808583272372,722.3847841989758,,0.74
2016-05-01,75,484.0,64.0,25.0,140.37,736.881,0.2,12.5,1.1,0.35,12.192148256522842,14000,716.2887100707144,728.4808583272372,722.3847841989758,,0.74
2016-06-01,75,484.3,64.0,30.0,166.288,872.952,0.2,12.5,1.1,0.35,12.192148256522842,14000,716.2887100707144,728.4808583272372,722.3847841989758,,0.74
2016-07-01,75,449.5,64.0,31.0,175.26,920.214,0.2,12.5,1.1,0.35,12.192148256522842,14000,716.2887100707144,728.4808583272372,722.3847841989758,,0.74
2016-08-01,75,472.0,64.0,31.0,169.625,890.667,0.2,12.5,1.1,0.35,12.192148256522842,14000,716.2887100707144,728.4808583272372,722.3847841989758,,0.74
2016-09-01,75,473.9,64.0,30.0,165.168,867.262,0.2,12.5,1.1,0.35,12.192148256522842,14000,716.2887100707144,728.4808583272372,722.3847841989758,,0.74
2016-10-01,75,476.7,64.0,31.0,165.032,866.333,0.2,12.5,1.1,0.35,12.192148256522842,14000,716.2887100707144,728.4808583272372,722.3847841989758,,0.74
2016-11-01,75,461.0,64.0,30.0,160.723,843.81,0.2,12.5,1.1,0.35,12.192148256522842,14000,716.2887100707144,728.4808583272372,722.3847841989758,,0.74
2016-12-01,75,468.9,64.0,31.0,170.765,896.333,0.2,12.5,1.1,0.35,12.192148256522842,14000,716.2887100707144,728.4808583272372,722.3847841989758,,0.74
2017-01-01,75,453.2,64.0,31.0,165.389,868.238,0.2,12.5,1.1,0.35,12.192148256522842,14000,716.2887100707144,728.4808583272372,722.3847841989758,,0.74
2017-02-01,75,459.0,64.0,28.0,153.834,807.571,0.2,12.5,1.1,0.35,12.192148256522842,14000,716.2887100707144,728.4808583272372,722.3847841989758,,0.74
2017-03-01,75,456.4,64.0,31.0,174.551,916.119,0.2,12.5,1.1,0.35,12.192148256522842,14000,716.2887100707144,728.4808583272372,722.3847841989758,,0.74
2017-04-01,75,481.7,64.0,30.0,154.854,714.786,0.2,12.5,1.1,0.35,12.192148256522842,14000,716.2887100707144,728.4808583272372,722.3847841989758,,0.74
2017-05-01,75,454.4,64.0,31.0,171.762,813.333,0.2,12.5,1.1,0.35,12.192148256522842,14000,716.2887100707144,728.4808583272372,722.3847841989758,,0.74
2017-06-01,75,451.0,64.0,30.0,166.166,763.167,0.2,12.5,1.1,0.35,12.192148256522842,14000,716.2887100707144,728.4808583272372,722.3847841989758,,0.74
2017-07-01,75,449.5,64.0,31.0,167.823,777.31,0.2,12.5,1.1,0.35,12.192148256522842,14000,716.2887100707144,728.4808583272372,722.3847841989758,,0.74
2017-08-01,75,441.7,64.0,31.0,171.859,902.119,0.2,12.5,1.1,0.35,12.192148256522842,14000,716.2887100707144,728.4808583272372,722.3847841989758,,0.74
2017-09-01,75,448.2,64.0,30.0,159.462,1033.238,0.2,12.5,1.1,0.35,12.192148256522842,14000,716.2887100707144,728.4808583272372,722.3847841989758,,0.74
2017-10-01,75,455.9,64.0,31.0,158.155,830.238,0.2,12.5,1.1,0.35,12.192148256522842,14000,716.2887100707144,728.4808583272372,722.3847841989758,,0.74
2017-11-01,75,437.4,64.0,30.0,158.856,853.31,0.2,12.5,1.1,0.35,12.192148256522842,14000,716.2887100707144,728.4808583272372,722.3847841989758,,0.74
2017-12-01,75,434.7,64.0,31.0,163.827,898.214,0.2,12.5,1.1,0.35,12.192148256522842,14000,716.2887100707144,728.4808583272372,722.3847841989758,,0.74
2018-01-01,75,437.2,64.0,31.0,170.781,896.476,0.2,12.5,1.1,0.35,12.192148256522842,14000,716.2887100707144,728.4808583272372,722.3847841989758,,0.74
2018-02-01,75,425.0,64.0,28.0,152.071,798.262,0.2,12.5,1.1,0.35,12.192148256522842,14000,716.2887100707144,728.4808583272372,722.3847841989758,,0.74
2018-03-01,75,433.7,64.0,31.0,171.978,902.691,0.2,12.5,1.1,0.35,12.192148256522842,14000,716.2887100707144,728.4808583272372,722.3847841989758,,0.74
2018-04-01,75,417.1,64.0,30.0,168.022,881.929,0.2,12.5,1.1,0.35,12.192148256522842,14000,716.2887100707144,728.4808583272372,722.3847841989758,,0.74
2018-05-01,75,413.2,64.0,22.0,127.709,667.881,0.2,12.5,1.1,0.35,12.192148256522842,14000,716.2887100707144,728.4808583272372,722.3847841989758,,0.74
2018-06-01,75,416.5,64.0,30.0,170.612,1087.333,0.2,12.5,1.1,0.35,12.192148256522842,14000,716.2887100707144,728.4808583272372,722.3847841989758,,0.74
2018-07-01,75,417.1,64.0,31.0,170.902,1089.167,0.2,12.5,1.1,0.35,12.192148256522842,14000,716.2887100707144,728.4808583272372,722.3847841989758,,0.74
2018-08-01,75,405.8,64.0,31.0,172.767,1101.0,0.2,12.5,1.1,0.35,12.192148256522842,14000,716.2887100707144,728.4808583272372,722.3847841989758,,0.74
2018-09-01,75,406.5,64.0,26.0,144.69,922.095,0.2,12.5,1.1,0.35,12.192148256522842,14000,716.2887100707144,728.4808583272372,722.3847841989758,,0.74
2018-10-01,75,403.6,64.0,31.0,174.822,1114.095,0.2,12.5,1.1,0.35,12.192148256522842,14000,716.2887100707144,728.4808583272372,722.3847841989758,,0.74
2018-11-01,75,398.0,64.0,30.0,164.0,1043.429,0.2,12.5,1.1,0.35,12.192148256522842,14000,716.2887100707144,728.4808583272372,722.3847841989758,,0.74
2018-12-01,75,400.2,64.0,31.0,167.237,1065.762,0.2,12.5,1.1,0.35,12.192148256522842,14000,716.2887100707144,728.4808583272372,722.3847841989758,,0.74
2019-01-01,75,404.1,64.0,31.0,163.717,1043.357,0.2,12.5,1.1,0.35,12.192148256522842,14000,716.2887100707144,728.4808583272372,722.3847841989758,,0.74
2019-02-01,75,416.9,64.0,28.0,145.844,929.643,0.2,12.5,1.1,0.35,12.192148256522842,14000,716.2887100707144,728.4808583272372,722.3847841989758,,0.74
2019-03-01,75,413.5,64.0,31.0,161.233,1027.643,0.2,12.5,1.1,0.35,12.192148256522842,14000,716.2887100707144,728.4808583272372,722.3847841989758,,0.74
2019-04-01,75,405.5,64.0,30.0,157.889,1006.333,0.2,12.5,1.1,0.35,12.192148256522842,14000,716.2887100707144,728.4808583272372,722.3847841989758,,0.74
2019-05-01,75,,64.0,31.0,167.432,1067.19,0.2,12.5,1.1,0.35,12.192148256522842,14000,716.2887100707144,728.4808583272372,722.3847841989758,,0.74
2019-06-01,75,393.3,64.0,30.0,165.361,1053.905,0.2,12.5,1.1,0.35,12.192148256522842,14000,716.2887100707144,728.4808583272372,722.3847841989758,,0.74
2019-07-01,75,419.7,64.0,31.0,164.231,1046.524,0.2,12.5,1.1,0.35,12.192148256522842,14000,716.2887100707144,728.4808583272372,722.3847841989758,,0.74
2019-08-01,75,398.5,64.0,31.0,164.667,1049.357,0.2,12.5,1.1,0.35,12.192148256522842,14000,716.2887100707144,728.4808583272372,722.3847841989758,,0.74
2019-09-01,75,393.9,64.0,30.0,157.273,1002.262,0.2,12.5,1.1,0.35,12.192148256522842,14000,716.2887100707144,728.4808583272372,722.3847841989758,,0.74
2019-10-01,75,413.5,64.0,31.0,159.408,1015.833,0.2,12.5,1.1,0.35,12.192148256522842,14000,716.2887100707144,728.4808583272372,722.3847841989758,,0.74
2019-11-01,75,354.5,64.0,30.0,147.687,941.31,0.2,12.5,1.1,0.35,12.192148256522842,14000,716.2887100707144,728.4808583272372,722.3847841989758,,0.74
2019-12-01,75,423.8,64.0,31.0,152.629,972.619,0.2,12.5,1.1,0.35,12.192148256522842,14000,716.2887100707144,728.4808583272372,722.3847841989758,,0.74
2020-01-01,75,387.3,64.0,31.0,163.652,1042.881,0.2,12.5,1.1,0.35,12.192148256522842,14000,716.2887100707144,728.4808583272372,722.3847841989758,,0.74
2020-02-01,75,384.0,64.0,29.0,145.34,926.405,0.2,12.5,1.1,0.35,12.192148256522842,14000,716.2887100707144,728.4808583272372,722.3847841989758,,0.74
2020-03-01,75,384.0,64.0,31.0,154.314,983.452,0.2,12.5,1.1,0.35,12.192148256522842,14000,716.2887100707144,728.4808583272372,722.3847841989758,,0.74
2020-06-01,75,,64.0,30.0,152.783,973.548,0.2,12.5,1.1,0.35,12.192148256522842,14000,716.2887100707144,728.4808583272372,722.3847841989758,,0.74
2020-07-01,75,374.6,64.0,31.0,162.655,1036.548,0.2,12.5,1.1,0.35,12.192148256522842,14000,716.2887100707144,728.4808583272372,722.3847841989758,,0.74
2020-08-01,75,385.1,64.0,31.0,161.603,1029.833,0.2,12.5,1.1,0.35,12.192148256522842,14000,716.2887100707144,728.4808583272372,722.3847841989758,,0.74
2020-09-01,75,382.3,64.0,30.0,156.174,995.405,0.2,12.5,1.1,0.35,12.192148256522842,14000,716.2887100707144,728.4808583272372,722.3847841989758,,0.74
2020-10-01,75,375.2,64.0,31.0,160.702,1024.238,0.2,12.5,1.1,0.35,12.192148256522842,14000,716.2887100707144,728.4808583272372,722.3847841989758,,0.74
2020-11-01,75,417.6,64.0,13.0,65.303,416.143,0.2,12.5,1.1,0.35,12.192148256522842,14000,716.2887100707144,728.4808583272372,722.3847841989758,,0.74
2020-12-01,75,354.4,64.0,30.0,157.382,1003.119,0.2,12.5,1.1,0.35,12.192148256522842,14000,716.2887100707144,728.4808583272372,722.3847841989758,,0.74
2021-01-01,75,360.4,64.0,31.0,168.168,1071.738,0.2,12.5,1.1,0.35,12.192148256522842,14000,716.2887100707144,728.4808583272372,722.3847841989758,,0.74
2021-02-01,75,322.7,64.0,28.0,152.042,968.762,0.2,12.5,1.1,0.35,12.192148256522842,14000,716.2887100707144,728.4808583272372,722.3847841989758,,0.74
2021-03-01,75,370.4,64.0,31.0,163.721,1043.405,0.2,12.5,1.1,0.35,12.192148256522842,14000,716.2887100707144,728.4808583272372,722.3847841989758,,0.74
2021-04-01,75,358.8,64.0,30.0,165.502,1054.762,0.2,12.5,1.1,0.35,12.192148256522842,14000,716.2887100707144,728.4808583272372,722.3847841989758,,0.74
2021-05-01,75,329.6,64.0,31.0,173.8,1107.595,0.2,12.5,1.1,0.35,12.192148256522842,14000,716.2887100707144,728.4808583272372,722.3847841989758,,0.74
2021-06-01,75,329.5,64.0,30.0,165.473,1054.5,0.2,12.5,1.1,0.35,12.192148256522842,14000,716.2887100707144,728.4808583272372,722.3847841989758,,0.74
2021-07-01,75,318.4,64.0,31.0,173.594,1417.262,0.2,12.5,1.1,0.35,12.192148256522842,14000,716.2887100707144,728.4808583272372,722.3847841989758,,0.74
2021-08-01,75,317.8,64.0,31.0,174.376,1423.643,0.2,12.5,1.1,0.35,12.192148256522842,14000,716.2887100707144,728.4808583272372,722.3847841989758,,0.74
2021-09-01,75,327.2,64.0,30.0,164.36,1342.024,0.2,12.5,1.1,0.35,12.192148256522842,14000,716.2887100707144,728.4808583272372,722.3847841989758,,0.74
2021-10-01,75,313.9,64.0,31.0,171.984,1404.167,0.2,12.5,1.1,0.35,12.192148256522842,14000,716.2887100707144,728.4808583272372,722.3847841989758,,0.74
2021-11-01,75,309.2,64.0,30.0,160.551,1311.071,0.2,12.5,1.1,0.35,12.192148256522842,14000,716.2887100707144,728.4808583272372,722.3847841989758,,0.74
2021-12-01,75,301.5,64.0,31.0,163.126,1380.952,0.2,12.5,1.1,0.35,12.192148256522842,14000,716.2887100707144,728.4808583272372,722.3847841989758,,0.74
2022-01-01,75,295.2,64.0,31.0,167.862,1409.738,0.2,12.5,1.1,0.35,12.192148256522842,14000,716.2887100707144,728.4808583272372,722.3847841989758,,0.74
2022-02-01,75,303.6,64.0,28.0,150.325,1284.357,0.2,12.5,1.1,0.35,12.192148256522842,14000,716.2887100707144,728.4808583272372,722.3847841989758,,0.74
2022-03-01,75,293.8,64.0,31.0,168.162,1424.619,0.2,12.5,1.1,0.35,12.192148256522842,14000,716.2887100707144,728.4808583272372,722.3847841989758,,0.74
2022-04-01,75,285.1,64.0,30.0,165.475,1350.857,0.2,12.5,1.1,0.35,12.192148256522842,14000,716.2887100707144,728.4808583272372,722.3847841989758,,0.74
2022-05-01,75,281.5,64.0,31.0,169.792,1469.0,0.2,12.5,1.1,0.35,12.192148256522842,14000,716.2887100707144,728.4808583272372,722.3847841989758,,0.74
2022-06-01,75,284.6,64.0,30.0,161.183,1315.786,0.2,12.5,1.1,0.35,12.192148256522842,14000,716.2887100707144,728.4808583272372,722.3847841989758,,0.74
2022-07-01,75,307.5,64.0,31.0,160.53,1310.619,0.2,12.5,1.1,0.35,12.192148256522842,14000,716.2887100707144,728.4808583272372,722.3847841989758,,0.74
2022-08-01,75,289.1,64.0,31.0,166.979,1363.119,0.2,12.5,1.1,0.35,12.192148256522842,14000,716.2887100707144,728.4808583272372,722.3847841989758,,0.74
2022-09-01,75,287.5,64.0,30.0,163.477,1334.548,0.2,12.5,1.1,0.35,12.192148256522842,14000,716.2887100707144,728.4808583272372,722.3847841989758,,0.74
2022-10-01,75,299.8,64.0,31.0,162.759,1328.929,0.2,12.5,1.1,0.35,12.192148256522842,14000,716.2887100707144,728.4808583272372,722.3847841989758,,0.74
2022-11-01,75,292.8,64.0,30.0,154.484,1261.357,0.2,12.5,1.1,0.35,12.192148256522842,14000,716.2887100707144,728.4808583272372,722.3847841989758,,0.74
2022-12-01,75,274.0,64.0,31.0,163.424,1334.119,0.2,12.5,1.1,0.35,12.192148256522842,14000,716.2887100707144,728.4808583272372,722.3847841989758,,0.74
2023-01-01,75,278.4,64.0,31.0,165.538,1351.214,0.2,12.5,1.1,0.35,12.192148256522842,14000,716.2887100707144,728.4808583272372,722.3847841989758,,0.74
2023-02-01,75,283.4,64.0,28.0,147.863,1207.262,0.2,12.5,1.1,0.35,12.192148256522842,14000,716.2887100707144,728.4808583272372,722.3847841989758,,0.74
2023-03-01,75,280.9,64.0,31.0,158.137,1291.119,0.2,12.5,1.1,0.35,12.192148256522842,14000,716.2887100707144,728.4808583272372,722.3847841989758,,0.74
2023-04-01,75,272.3,,,,,0.2,12.5,1.1,0.35,12.192148256522842,14000,716.2887100707144,728.4808583272372,722.3847841989758,,0.74
2023-05-01,75,284.2,64.0,31.0,157.509,1285.738,0.2,12.5,1.1,0.35,12.192148256522842,14000,716.2887100707144,728.4808583272372,722.3847841989758,,0.74
2023-06-01,75,272.1,64.0,30.0,155.316,1267.833,0.2,12.5,1.1,0.35,12.192148256522842,14000,716.2887100707144,728.4808583272372,722.3847841989758,,0.74
2023-07-01,75,265.8,64.0,31.0,158.614,1294.81,0.2,12.5,1.1,0.35,12.192148256522842,14000,716.2887100707144,728.4808583272372,722.3847841989758,,0.74
2023-08-01,75,266.2,64.0,31.0,159.508,1302.119,0.2,12.5,1.1,0.35,12.192148256522842,14000,716.2887100707144,728.4808583272372,722.3847841989758,,0.74
2023-09-01,75,263.6,64.0,30.0,154.236,914.738,0.2,12.5,1.1,0.35,12.192148256522842,14000,716.2887100707144,728.4808583272372,722.3847841989758,,0.74
2023-10-01,75,274.2,64.0,28.0,142.816,851.548,0.2,12.5,1.1,0.35,12.192148256522842,14000,716.2887100707144,728.4808583272372,722.3847841989758,,0.74
2023-11-01,75,267.3,64.0,30.0,151.634,913.429,0.2,12.5,1.1,0.35,12.192148256522842,14000,716.2887100707144,728.4808583272372,722.3847841989758,,0.74
2023-12-01,75,282.2,64.0,31.0,154.722,920.976,0.2,12.5,1.1,0.35,12.192148256522842,14000,716.2887100707144,728.4808583272372,722.3847841989758,,0.74
2024-01-01,75,265.6,64.0,31.0,155.066,923.024,0.2,12.5,1.1,0.35,12.192148256522842,14000,716.2887100707144,728.4808583272372,722.3847841989758,,0.74
2024-02-01,75,262.4,64.0,29.0,144.366,859.333,0.2,12.5,1.1,0.35,12.192148256522842,14000,716.2887100707144,728.4808583272372,722.3847841989758,,0.74
2024-03-01,75,261.8,64.0,31.0,151.844,903.833,0.2,12.5,1.1,0.35,12.192148256522842,14000,716.2887100707144,728.4808583272372,722.3847841989758,,0.74
2024-04-01,75,271.5,64.0,30.0,146.527,872.191,0.2,12.5,1.1,0.35,12.192148256522842,14000,716.2887100707144,728.4808583272372,722.3847841989758,,0.74
2024-05-01,75,287.5,64.0,28.0,133.145,931.071,0.2,12.5,1.1,0.35,12.192148256522842,14000,716.2887100707144,728.4808583272372,722.3847841989758,,0.74
2024-06-01,75,282.8,64.0,30.0,145.617,1124.452,0.2,12.5,1.1,0.35,12.192148256522842,14000,716.2887100707144,728.4808583272372,722.3847841989758,,0.74
2024-07-01,75,268.1,64.0,31.0,152.597,1162.429,0.2,12.5,1.1,0.35,12.192148256522842,14000,716.2887100707144,728.4808583272372,722.3847841989758,,0.74
2024-08-01,75,257.8,64.0,31.0,151.156,1277.667,0.2,12.5,1.1,0.35,12.192148256522842,14000,716.2887100707144,728.4808583272372,722.3847841989758,,0.74
2024-09-01,75,227.0,96.0,30.0,153.363,1296.31,0.2,12.5,1.1,0.35,12.192148256522842,14000,716.2887100707144,728.4808583272372,722.3847841989758,,0.74
2024-10-01,75,227.9,96.0,31.0,157.367,1845.643,0.2,12.5,1.1,0.35,12.192148256522842,14000,716.2887100707144,728.4808583272372,722.3847841989758,,0.74
2024-11-01,75,242.2,96.0,30.0,148.621,1763.238,0.2,12.5,1.1,0.35,12.192148256522842,14000,716.2887100707144,728.4808583272372,722.3847841989758,,0.74
2024-12-01,75,235.2,96.0,31.0,154.885,1843.833,0.2,12.5,1.1,0.35,12.192148256522842,14000,716.2887100707144,728.4808583272372,722.3847841989758,,0.74
2025-01-01,75,231.0,96.0,31.0,157.664,1631.333,0.2,12.5,1.1,0.35,12.192148256522842,14000,716.2887100707144,728.4808583272372,722.3847841989758,,0.74
2025-02-01,75,231.0,96.0,28.0,140.253,1534.857,0.2,12.5,1.1,0.35,12.192148256522842,14000,716.2887100707144,728.4808583272372,722.3847841989758,,0.74
2025-03-01,75,219.6,96.0,31.0,155.229,1709.214,0.2,12.5,1.1,0.35,12.192148256522842,14000,716.2887100707144,728.4808583272372,722.3847841989758,,0.74
2025-04-01,75,225.7,96.0,30.0,151.127,1673.881,0.2,12.5,1.1,0.35,12.192148256522842,14000,716.2887100707144,728.4808583272372,722.3847841989758,,0.74
2025-05-01,75,227.2,96.0,31.0,156.554,1712.0,0.2,12.5,1.1,0.35,12.192148256522842,14000,716.2887100707144,728.4808583272372,722.3847841989758,,0.74
2025-06-01,75,219.8,96.0,30.0,150.871,1673.024,0.2,12.5,1.1,0.35,12.192148256522842,14000,716.2887100707144,728.4808583272372,722.3847841989758,,0.74
2003-04-01,81,,,,,,0.2,6.8,-2.5,0.35,11.5,7000,704.5,716.0,710.25,,0.77
2003-05-01,81,,,,,,0.2,6.8,-2.5,0.35,11.5,7000,704.5,716.0,710.25,,0.77
2003-06-01,81,,,,,,0.2,6.8,-2.5,0.35,11.5,7000,704.5,716.0,710.25,,0.77
2003-07-01,81,,,,,,0.2,6.8,-2.5,0.35,11.5,7000,704.5,716.0,710.25,,0.77
2003-08-01,81,,,,,,0.2,6.8,-2.5,0.35,11.5,7000,704.5,716.0,710.25,,0.77
2003-09-01,81,,,,,,0.2,6.8,-2.5,0.35,11.5,7000,704.5,716.0,710.25,,0.77
2003-10-01,81,,,,,,0.2,6.8,-2.5,0.35,11.5,7000,704.5,716.0,710.25,,0.77
2003-11-01,81,,,,,,0.2,6.8,-2.5,0.35,11.5,7000,704.5,716.0,710.25,,0.77
2003-12-01,81,,,,,,0.2,6.8,-2.5,0.35,11.5,7000,704.5,716.0,710.25,,0.77
2004-01-01,81,,,,,,0.2,6.8,-2.5,0.35,11.5,7000,704.5,716.0,710.25,,0.77
2004-02-01,81,,,,,,0.2,6.8,-2.5,0.35,11.5,7000,704.5,716.0,710.25,,0.77
2004-03-01,81,,,,,,0.2,6.8,-2.5,0.35,11.5,7000,704.5,716.0,710.25,,0.77
2004-04-01,81,,,,,,0.2,6.8,-2.5,0.35,11.5,7000,704.5,716.0,710.25,,0.77
2004-05-01,81,,,,,,0.2,6.8,-2.5,0.35,11.5,7000,704.5,716.0,710.25,,0.77
2004-06-01,81,,,,,,0.2,6.8,-2.5,0.35,11.5,7000,704.5,716.0,710.25,,0.77
2004-07-01,81,731.5,,,159.341,19.238,0.2,6.8,-2.5,0.35,11.5,7000,704.5,716.0,710.25,,0.77
2004-08-01,81,716.8,,,162.069,22.429,0.2,6.8,-2.5,0.35,11.5,7000,704.5,716.0,710.25,,0.77
2004-09-01,81,708.9,,,146.913,72.952,0.2,6.8,-2.5,0.35,11.5,7000,704.5,716.0,710.25,,0.77
2004-10-01,81,708.9,,,142.381,71.214,0.2,6.8,-2.5,0.35,11.5,7000,704.5,716.0,710.25,,0.77
2004-11-01,81,726.5,,,134.177,104.881,0.2,6.8,-2.5,0.35,11.5,7000,704.5,716.0,710.25,,0.77
2004-12-01,81,725.5,,,132.793,142.357,0.2,6.8,-2.5,0.35,11.5,7000,704.5,716.0,710.25,,0.77
2005-01-01,81,726.5,,,133.037,120.643,0.2,6.8,-2.5,0.35,11.5,7000,704.5,716.0,710.25,,0.77
2005-02-01,81,715.4,,,121.593,110.905,0.2,6.8,-2.5,0.35,11.5,7000,704.5,716.0,710.25,,0.77
2005-03-01,81,762.1,,,119.269,235.19,0.2,6.8,-2.5,0.35,11.5,7000,704.5,716.0,710.25,,0.77
2005-04-01,81,713.5,,,128.52,206.405,0.2,6.8,-2.5,0.35,11.5,7000,704.5,716.0,710.25,,0.77
2005-05-01,81,709.4,,,129.89,209.881,0.2,6.8,-2.5,0.35,11.5,7000,704.5,716.0,710.25,,0.77
2005-06-01,81,721.5,,,120.701,183.738,0.2,6.8,-2.5,0.35,11.5,7000,704.5,716.0,710.25,,0.77
2005-07-01,81,691.5,,,122.139,151.214,0.2,6.8,-2.5,0.35,11.5,7000,704.5,716.0,710.25,,0.77
2005-08-01,81,709.2,,,121.24,150.286,0.2,6.8,-2.5,0.35,11.5,7000,704.5,716.0,710.25,,0.77
2005-09-01,81,703.2,,,113.234,142.548,0.2,6.8,-2.5,0.35,11.5,7000,704.5,716.0,710.25,,0.77
2005-10-01,81,702.6,,,118.453,150.786,0.2,6.8,-2.5,0.35,11.5,7000,704.5,716.0,710.25,,0.77
2005-11-01,81,703.0,,,108.037,149.952,0.2,6.8,-2.5,0.35,11.5,7000,704.5,716.0,710.25,,0.77
2005-12-01,81,698.2,,,119.176,267.167,0.2,6.8,-2.5,0.35,11.5,7000,704.5,716.0,710.25,,0.77
2006-01-01,81,690.7,,,120.304,269.833,0.2,6.8,-2.5,0.35,11.5,7000,704.5,716.0,710.25,931.0,0.77
2006-02-01,81,686.6,,,107.461,265.548,0.2,6.8,-2.5,0.35,11.5,7000,704.5,716.0,710.25,,0.77
2006-03-01,81,690.3,,,118.106,329.071,0.2,6.8,-2.5,0.35,11.5,7000,704.5,716.0,710.25,,0.77
2006-04-01,81,678.9,,,111.91,195.405,0.2,6.8,-2.5,0.35,11.5,7000,704.5,716.0,710.25,,0.77
2006-05-01,81,684.8,,,115.171,195.857,0.2,6.8,-2.5,0.35,11.5,7000,704.5,716.0,710.25,,0.77
2006-06-01,81,676.2,,,110.505,187.881,0.2,6.8,-2.5,0.35,11.5,7000,704.5,716.0,710.25,,0.77
2006-07-01,81,684.7,,,108.413,195.929,0.2,6.8,-2.5,0.35,11.5,7000,704.5,716.0,710.25,,0.77
2006-08-01,81,679.5,,,110.507,204.738,0.2,6.8,-2.5,0.35,11.5,7000,704.5,716.0,710.25,,0.77
2006-09-01,81,677.1,,,104.588,192.524,0.2,6.8,-2.5,0.35,11.5,7000,704.5,716.0,710.25,,0.77
2006-10-01,81,672.1,,,112.3,199.333,0.2,6.8,-2.5,0.35,11.5,7000,704.5,716.0,710.25,,0.77
2006-11-01,81,671.8,,,101.839,132.619,0.2,6.8,-2.5,0.35,11.5,7000,704.5,716.0,710.25,,0.77
2006-12-01,81,665.4,,,110.165,143.5,0.2,6.8,-2.5,0.35,11.5,7000,704.5,716.0,710.25,,0.77
2007-01-01,81,669.5,,,110.982,144.548,0.2,6.8,-2.5,0.35,11.5,7000,704.5,716.0,710.25,,0.77
2007-02-01,81,664.2,,,99.113,343.548,0.2,6.8,-2.5,0.35,11.5,7000,704.5,716.0,710.25,,0.77
2007-03-01,81,663.3,,,106.614,416.619,0.2,6.8,-2.5,0.35,11.5,7000,704.5,716.0,710.25,,0.77
2007-04-01,81,663.2,,,104.428,415.381,0.2,6.8,-2.5,0.35,11.5,7000,704.5,716.0,710.25,,0.77
2007-05-01,81,659.9,,,105.53,373.762,0.2,6.8,-2.5,0.35,11.5,7000,704.5,716.0,710.25,,0.77
2007-06-01,81,657.8,,,98.399,374.881,0.2,6.8,-2.5,0.35,11.5,7000,704.5,716.0,710.25,,0.77
2007-07-01,81,657.0,,,101.201,402.857,0.2,6.8,-2.5,0.35,11.5,7000,704.5,716.0,710.25,,0.77
2007-08-01,81,657.8,,,101.502,407.548,0.2,6.8,-2.5,0.35,11.5,7000,704.5,716.0,710.25,,0.77
2007-09-01,81,651.3,,,95.734,485.69,0.2,6.8,-2.5,0.35,11.5,7000,704.5,716.0,710.25,,0.77
2007-10-01,81,668.4,,,101.358,536.333,0.2,6.8,-2.5,0.35,11.5,7000,704.5,716.0,710.25,,0.77
2007-11-01,81,642.4,,,97.348,367.714,0.2,6.8,-2.5,0.35,11.5,7000,704.5,716.0,710.25,,0.77
2007-12-01,81,641.4,,,98.939,369.31,0.2,6.8,-2.5,0.35,11.5,7000,704.5,716.0,710.25,,0.77
2008-01-01,81,649.8,,,100.217,395.048,0.2,6.8,-2.5,0.35,11.5,7000,704.5,716.0,710.25,,0.77
2008-02-01,81,646.3,,,92.745,313.286,0.2,6.8,-2.5,0.35,11.5,7000,704.5,716.0,710.25,,0.77
2008-03-01,81,653.3,,,98.807,285.429,0.2,6.8,-2.5,0.35,11.5,7000,704.5,716.0,710.25,,0.77
2008-04-01,81,644.5,,,97.292,325.048,0.2,6.8,-2.5,0.35,11.5,7000,704.5,716.0,710.25,,0.77
2008-05-01,81,643.8,,,97.784,308.381,0.2,6.8,-2.5,0.35,11.5,7000,704.5,716.0,710.25,,0.77
2008-06-01,81,639.8,,,97.3,310.31,0.2,6.8,-2.5,0.35,11.5,7000,704.5,716.0,710.25,,0.77
2008-07-01,81,637.7,,,99.409,409.69,0.2,6.8,-2.5,0.35,11.5,7000,704.5,716.0,710.25,,0.77
2008-08-01,81,627.7,,,84.055,322.476,0.2,6.8,-2.5,0.35,11.5,7000,704.5,716.0,710.25,,0.77
2008-09-01,81,634.4,,,91.053,357.31,0.2,6.8,-2.5,0.35,11.5,7000,704.5,716.0,710.25,,0.77
2008-10-01,81,629.7,,,97.852,386.929,0.2,6.8,-2.5,0.35,11.5,7000,704.5,716.0,710.25,,0.77
2008-11-01,81,643.2,,,62.329,238.857,0.2,6.8,-2.5,0.35,11.5,7000,704.5,716.0,710.25,,0.77
2008-12-01,81,665.3,,,77.592,268.5,0.2,6.8,-2.5,0.35,11.5,7000,704.5,716.0,710.25,,0.77
2009-01-01,81,662.9,,,77.776,269.143,0.2,6.8,-2.5,0.35,11.5,7000,704.5,716.0,710.25,,0.77
2009-02-01,81,658.7,,,70.716,229.429,0.2,6.8,-2.5,0.35,11.5,7000,704.5,716.0,710.25,,0.77
2009-03-01,81,661.3,,,76.607,265.095,0.2,6.8,-2.5,0.35,11.5,7000,704.5,716.0,710.25,,0.77
2009-04-01,81,674.8,,,69.454,451.81,0.2,6.8,-2.5,0.35,11.5,7000,704.5,716.0,710.25,,0.77
2009-05-01,81,662.0,,,69.488,483.095,0.2,6.8,-2.5,0.35,11.5,7000,704.5,716.0,710.25,,0.77
2009-06-01,81,661.3,,,65.391,562.548,0.2,6.8,-2.5,0.35,11.5,7000,704.5,716.0,710.25,,0.77
2009-07-01,81,645.2,,,68.422,592.071,0.2,6.8,-2.5,0.35,11.5,7000,704.5,716.0,710.25,,0.77
2009-08-01,81,658.1,,,71.47,317.286,0.2,6.8,-2.5,0.35,11.5,7000,704.5,716.0,710.25,,0.77
2009-09-01,81,654.0,,,70.321,312.143,0.2,6.8,-2.5,0.35,11.5,7000,704.5,716.0,710.25,,0.77
2009-10-01,81,639.3,,,57.59,224.0,0.2,6.8,-2.5,0.35,11.5,7000,704.5,716.0,710.25,,0.77
2009-11-01,81,654.9,,,69.527,483.5,0.2,6.8,-2.5,0.35,11.5,7000,704.5,716.0,710.25,,0.77
2009-12-01,81,642.7,,,77.368,271.19,0.2,6.8,-2.5,0.35,11.5,7000,704.5,716.0,710.25,,0.77
2010-01-01,81,641.8,,,78.337,274.714,0.2,6.8,-2.5,0.35,11.5,7000,704.5,716.0,710.25,870.0,0.77
2010-02-01,81,638.6,,,69.289,241.524,0.2,6.8,-2.5,0.35,11.5,7000,704.5,716.0,710.25,,0.77
2010-03-01,81,639.6,,,73.202,255.143,0.2,6.8,-2.5,0.35,11.5,7000,704.5,716.0,710.25,,0.77
2010-04-01,81,632.8,,,73.475,256.071,0.2,6.8,-2.5,0.35,11.5,7000,704.5,716.0,710.25,,0.77
2010-05-01,81,628.7,,,78.546,92.429,0.2,6.8,-2.5,0.35,11.5,7000,704.5,716.0,710.25,,0.77
2010-06-01,81,631.7,,,76.776,90.262,0.2,6.8,-2.5,0.35,11.5,7000,704.5,716.0,710.25,,0.77
2010-07-01,81,633.7,,,63.628,76.667,0.2,6.8,-2.5,0.35,11.5,7000,704.5,716.0,710.25,,0.77
2010-08-01,81,628.0,,,68.116,446.714,0.2,6.8,-2.5,0.35,11.5,7000,704.5,716.0,710.25,,0.77
2010-09-01,81,625.6,,,67.267,458.833,0.2,6.8,-2.5,0.35,11.5,7000,704.5,716.0,710.25,,0.77
2010-10-01,81,628.0,,,70.918,499.643,0.2,6.8,-2.5,0.35,11.5,7000,704.5,716.0,710.25,,0.77
2010-11-01,81,630.2,,,68.023,464.881,0.2,6.8,-2.5,0.35,11.5,7000,704.5,716.0,710.25,,0.77
2010-12-01,81,619.7,,,69.385,371.667,0.2,6.8,-2.5,0.35,11.5,7000,704.5,716.0,710.25,,0.77
2011-01-01,81,621.1,,,67.217,459.357,0.2,6.8,-2.5,0.35,11.5,7000,704.5,716.0,710.25,,0.77
2011-02-01,81,613.1,,,54.419,371.976,0.2,6.8,-2.5,0.35,11.5,7000,704.5,716.0,710.25,,0.77
2011-03-01,81,613.7,,,61.665,411.238,0.2,6.8,-2.5,0.35,11.5,7000,704.5,716.0,710.25,,0.77
2011-04-01,81,620.2,,,62.718,322.857,0.2,6.8,-2.5,0.35,11.5,7000,704.5,716.0,710.25,,0.77
2011-05-01,81,593.4,,,38.824,199.857,0.2,6.8,-2.5,0.35,11.5,7000,704.5,716.0,710.25,,0.77
2011-06-01,81,592.5,,,42.667,119.119,0.2,6.8,-2.5,0.35,11.5,7000,704.5,716.0,710.25,,0.77
2011-07-01,81,609.8,,,51.86,174.048,0.2,6.8,-2.5,0.35,11.5,7000,704.5,716.0,710.25,,0.77
2011-08-01,81,608.5,,,72.281,331.762,0.2,6.8,-2.5,0.35,11.5,7000,704.5,716.0,710.25,,0.77
2011-09-01,81,608.6,,,72.18,338.095,0.2,6.8,-2.5,0.35,11.5,7000,704.5,716.0,710.25,,0.77
2011-10-01,81,607.5,,,71.769,340.452,0.2,6.8,-2.5,0.35,11.5,7000,704.5,716.0,710.25,,0.77
2011-11-01,81,603.4,,,73.207,384.143,0.2,6.8,-2.5,0.35,11.5,7000,704.5,716.0,710.25,,0.77
2011-12-01,81,587.5,,,74.798,393.024,0.2,6.8,-2.5,0.35,11.5,7000,704.5,716.0,710.25,,0.77
2012-01-01,81,593.2,,,74.56,391.762,0.2,6.8,-2.5,0.35,11.5,7000,704.5,716.0,710.25,,0.77
2012-02-01,81,587.4,,,70.39,474.333,0.2,6.8,-2.5,0.35,11.5,7000,704.5,716.0,710.25,,0.77
2012-03-01,81,592.4,,,72.664,359.619,0.2,6.8,-2.5,0.35,11.5,7000,704.5,716.0,710.25,,0.77
2012-04-01,81,578.5,,,75.135,371.048,0.2,6.8,-2.5,0.35,11.5,7000,704.5,716.0,710.25,,0.77
2012-05-01,81,586.5,,,48.211,235.929,0.2,6.8,-2.5,0.35,11.5,7000,704.5,716.0,710.25,,0.77
2012-06-01,81,590.1,,,59.214,174.548,0.2,6.8,-2.5,0.35,11.5,7000,704.5,716.0,710.25,,0.77
2012-07-01,81,583.8,,,75.43,212.071,0.2,6.8,-2.5,0.35,11.5,7000,704.5,716.0,710.25,,0.77
2012-08-01,81,583.5,,,72.052,348.738,0.2,6.8,-2.5,0.35,11.5,7000,704.5,716.0,710.25,,0.77
2012-09-01,81,585.4,,,71.265,364.571,0.2,6.8,-2.5,0.35,11.5,7000,704.5,716.0,710.25,,0.77
2012-10-01,81,580.4,,,71.182,346.714,0.2,6.8,-2.5,0.35,11.5,7000,704.5,716.0,710.25,,0.77
2012-11-01,81,577.3,,,71.032,315.762,0.2,6.8,-2.5,0.35,11.5,7000,704.5,716.0,710.25,,0.77
2012-12-01,81,579.4,,,69.525,306.905,0.2,6.8,-2.5,0.35,11.5,7000,704.5,716.0,710.25,,0.77
2013-01-01,81,579.6,,,69.869,327.857,0.2,6.8,-2.5,0.35,11.5,7000,704.5,716.0,710.25,,0.77
2013-02-01,81,573.7,,,61.64,289.238,0.2,6.8,-2.5,0.35,11.5,7000,704.5,716.0,710.25,,0.77
2013-03-01,81,574.7,,,66.011,323.5,0.2,6.8,-2.5,0.35,11.5,7000,704.5,716.0,710.25,,0.77
2013-04-01,81,570.8,,,50.129,243.262,0.2,6.8,-2.5,0.35,11.5,7000,704.5,716.0,710.25,,0.77
2013-05-01,81,578.8,,,54.931,293.833,0.2,6.8,-2.5,0.35,11.5,7000,704.5,716.0,710.25,,0.77
2013-06-01,81,570.3,,,46.284,242.524,0.2,6.8,-2.5,0.35,11.5,7000,704.5,716.0,710.25,,0.77
2013-07-01,81,573.5,,,62.845,346.786,0.2,6.8,-2.5,0.35,11.5,7000,704.5,716.0,710.25,,0.77
2013-08-01,81,570.4,,,69.513,366.143,0.2,6.8,-2.5,0.35,11.5,7000,704.5,716.0,710.25,,0.77
2013-09-01,81,571.5,,,67.511,410.667,0.2,6.8,-2.5,0.35,11.5,7000,704.5,716.0,710.25,,0.77
2013-10-01,81,559.5,,,62.249,378.976,0.2,6.8,-2.5,0.35,11.5,7000,704.5,716.0,710.25,,0.77
2013-11-01,81,554.7,,,60.765,393.405,0.2,6.8,-2.5,0.35,11.5,7000,704.5,716.0,710.25,,0.77
2013-12-01,81,560.2,,,62.332,358.238,0.2,6.8,-2.5,0.35,11.5,7000,704.5,716.0,710.25,,0.77
2014-01-01,81,553.9,,,64.738,333.167,0.2,6.8,-2.5,0.35,11.5,7000,704.5,716.0,710.25,,0.77
2014-02-01,81,542.7,,,52.638,218.5,0.2,6.8,-2.5,0.35,11.5,7000,704.5,716.0,710.25,,0.77
2014-03-01,81,546.5,,,50.905,216.786,0.2,6.8,-2.5,0.35,11.5,7000,704.5,716.0,710.25,,0.77
2014-04-01,81,533.1,,,47.13,200.69,0.2,6.8,-2.5,0.35,11.5,7000,704.5,716.0,710.25,,0.77
2014-05-01,81,556.7,,,58.443,153.238,0.2,6.8,-2.5,0.35,11.5,7000,704.5,716.0,710.25,,0.77
2014-06-01,81,551.7,,,59.612,156.31,0.2,6.8,-2.5,0.35,11.5,7000,704.5,716.0,710.25,,0.77
2014-07-01,81,544.7,,,45.604,119.571,0.2,6.8,-2.5,0.35,11.5,7000,704.5,716.0,710.25,,0.77
2014-08-01,81,557.6,,,41.756,120.19,0.2,6.8,-2.5,0.35,11.5,7000,704.5,716.0,710.25,,0.77
2014-09-01,81,582.8,,,37.733,108.619,0.2,6.8,-2.5,0.35,11.5,7000,704.5,716.0,710.25,,0.77
2014-10-01,81,525.6,,,27.476,79.095,0.2,6.8,-2.5,0.35,11.5,7000,704.5,716.0,710.25,,0.77
2014-11-01,81,532.3,,,26.924,77.524,0.2,6.8,-2.5,0.35,11.5,7000,704.5,716.0,710.25,,0.77
2014-12-01,81,597.5,,,22.184,63.857,0.2,6.8,-2.5,0.35,11.5,7000,704.5,716.0,710.25,,0.77
2015-01-01,81,609.6,,,20.355,58.595,0.2,6.8,-2.5,0.35,11.5,7000,704.5,716.0,710.25,,0.77
2015-02-01,81,616.6,,,21.539,61.929,0.2,6.8,-2.5,0.35,11.5,7000,704.5,716.0,710.25,,0.77
2015-03-01,81,561.5,,,20.894,60.143,0.2,6.8,-2.5,0.35,11.5,7000,704.5,716.0,710.25,,0.77
2015-04-01,81,568.7,,,28.635,82.429,0.2,6.8,-2.5,0.35,11.5,7000,704.5,716.0,710.25,,0.77
2015-05-01,81,598.5,,,30.227,87.0,0.2,6.8,-2.5,0.35,11.5,7000,704.5,716.0,710.25,,0.77
2015-06-01,81,521.7,,,38.039,109.524,0.2,6.8,-2.5,0.35,11.5,7000,704.5,716.0,710.25,,0.77
2015-07-01,81,562.9,,,28.195,185.095,0.2,6.8,-2.5,0.35,11.5,7000,704.5,716.0,710.25,,0.77
2015-08-01,81,518.6,32.0,31.0,31.62,208.714,0.2,6.8,-2.5,0.35,11.5,7000,704.5,716.0,710.25,,0.77
2015-09-01,81,574.4,32.0,30.0,26.575,173.81,0.2,6.8,-2.5,0.35,11.5,7000,704.5,716.0,710.25,,0.77
2015-10-01,81,536.2,32.0,31.0,25.274,165.262,0.2,6.8,-2.5,0.35,11.5,7000,704.5,716.0,710.25,,0.77
2015-11-01,81,505.0,32.0,30.0,22.121,144.667,0.2,6.8,-2.5,0.35,11.5,7000,704.5,716.0,710.25,,0.77
2015-12-01,81,599.9,32.0,31.0,24.892,163.262,0.2,6.8,-2.5,0.35,11.5,7000,704.5,716.0,710.25,,0.77
2016-01-01,81,508.5,32.0,31.0,21.856,143.405,0.2,6.8,-2.5,0.35,11.5,7000,704.5,716.0,710.25,,0.77
2016-02-01,81,527.6,32.0,29.0,43.848,287.619,0.2,6.8,-2.5,0.35,11.5,7000,704.5,716.0,710.25,,0.77
2016-03-01,81,527.6,32.0,27.0,39.986,262.31,0.2,6.8,-2.5,0.35,11.5,7000,704.5,716.0,710.25,,0.77
2016-04-01,81,510.1,32.0,30.0,39.947,262.19,0.2,6.8,-2.5,0.35,11.5,7000,704.5,716.0,710.25,,0.77
2016-05-01,81,504.3,32.0,31.0,31.48,206.595,0.2,6.8,-2.5,0.35,11.5,7000,704.5,716.0,710.25,,0.77
2016-06-01,81,555.4,32.0,30.0,34.487,226.333,0.2,6.8,-2.5,0.35,11.5,7000,704.5,716.0,710.25,,0.77
2016-07-01,81,543.9,32.0,31.0,27.392,179.786,0.2,6.8,-2.5,0.35,11.5,7000,704.5,716.0,710.25,,0.77
2016-08-01,81,495.2,32.0,31.0,27.327,179.381,0.2,6.8,-2.5,0.35,11.5,7000,704.5,716.0,710.25,,0.77
2016-09-01,81,490.0,32.0,30.0,27.266,178.976,0.2,6.8,-2.5,0.35,11.5,7000,704.5,716.0,710.25,,0.77
2016-10-01,81,486.5,32.0,31.0,27.472,180.286,0.2,6.8,-2.5,0.35,11.5,7000,704.5,716.0,710.25,,0.77
2016-11-01,81,506.8,32.0,30.0,28.53,187.238,0.2,6.8,-2.5,0.35,11.5,7000,704.5,716.0,710.25,,0.77
2016-12-01,81,542.8,32.0,31.0,27.679,181.619,0.2,6.8,-2.5,0.35,11.5,7000,704.5,716.0,710.25,,0.77
2017-01-01,81,492.9,32.0,31.0,26.382,173.143,0.2,6.8,-2.5,0.35,11.5,7000,704.5,716.0,710.25,,0.77
2017-02-01,81,553.7,32.0,28.0,20.663,135.595,0.2,6.8,-2.5,0.35,11.5,7000,704.5,716.0,710.25,,0.77
2017-03-01,81,589.1,32.0,31.0,23.929,157.0,0.2,6.8,-2.5,0.35,11.5,7000,704.5,716.0,710.25,,0.77
2017-04-01,81,570.1,32.0,30.0,22.162,145.429,0.2,6.8,-2.5,0.35,11.5,7000,704.5,716.0,710.25,,0.77
2017-05-01,81,577.2,32.0,31.0,22.916,150.405,0.2,6.8,-2.5,0.35,11.5,7000,704.5,716.0,710.25,,0.77
2017-06-01,81,548.7,32.0,30.0,20.489,134.476,0.2,6.8,-2.5,0.35,11.5,7000,704.5,716.0,710.25,,0.77
2017-07-01,81,543.9,32.0,31.0,24.438,160.357,0.2,6.8,-2.5,0.35,11.5,7000,704.5,716.0,710.25,,0.77
2017-08-01,81,544.0,32.0,31.0,23.618,154.976,0.2,6.8,-2.5,0.35,11.5,7000,704.5,716.0,710.25,,0.77
2017-09-01,81,548.9,32.0,30.0,20.632,135.405,0.2,6.8,-2.5,0.35,11.5,7000,704.5,716.0,710.25,,0.77
2017-10-01,81,539.7,32.0,31.0,21.35,181.476,0.2,6.8,-2.5,0.35,11.5,7000,704.5,716.0,710.25,,0.77
2017-11-01,81,558.3,32.0,30.0,20.106,170.881,0.2,6.8,-2.5,0.35,11.5,7000,704.5,716.0,710.25,,0.77
2017-12-01,81,550.7,32.0,31.0,15.547,132.143,0.2,6.8,-2.5,0.35,11.5,7000,704.5,716.0,710.25,,0.77
2018-01-01,81,476.1,32.0,31.0,32.229,381.214,0.2,6.8,-2.5,0.35,11.5,7000,704.5,716.0,710.25,,0.77
2018-02-01,81,520.0,32.0,28.0,37.072,438.524,0.2,6.8,-2.5,0.35,11.5,7000,704.5,716.0,710.25,,0.77
2018-03-01,81,473.5,32.0,31.0,37.486,443.381,0.2,6.8,-2.5,0.35,11.5,7000,704.5,716.0,710.25,,0.77
2018-04-01,81,524.2,32.0,30.0,37.624,445.0,0.2,6.8,-2.5,0.35,11.5,7000,704.5,716.0,710.25,,0.77
2018-05-01,81,463.2,32.0,31.0,35.015,414.214,0.2,6.8,-2.5,0.35,11.5,7000,704.5,716.0,710.25,,0.77
2018-06-01,81,456.5,32.0,30.0,35.562,420.667,0.2,6.8,-2.5,0.35,11.5,7000,704.5,716.0,710.25,,0.77
2018-07-01,81,458.0,32.0,30.0,35.194,416.31,0.2,6.8,-2.5,0.35,11.5,7000,704.5,716.0,710.25,,0.77
2018-08-01,81,457.8,32.0,29.0,38.363,453.762,0.2,6.8,-2.5,0.35,11.5,7000,704.5,716.0,710.25,,0.77
2018-09-01,81,452.7,32.0,30.0,39.104,462.524,0.2,6.8,-2.5,0.35,11.5,7000,704.5,716.0,710.25,,0.77
2018-10-01,81,413.4,32.0,31.0,41.416,489.881,0.2,6.8,-2.5,0.35,11.5,7000,704.5,716.0,710.25,,0.77
2018-11-01,81,456.0,32.0,30.0,38.0,449.5,0.2,6.8,-2.5,0.35,11.5,7000,704.5,716.0,710.25,,0.77
2018-12-01,81,492.5,32.0,31.0,41.766,515.19,0.2,6.8,-2.5,0.35,11.5,7000,704.5,716.0,710.25,,0.77
2019-01-01,81,465.1,32.0,27.0,32.968,389.357,0.2,6.8,-2.5,0.35,11.5,7000,704.5,716.0,710.25,,0.77
2019-02-01,81,434.4,32.0,27.0,29.985,354.214,0.2,6.8,-2.5,0.35,11.5,7000,704.5,716.0,710.25,,0.77
2019-03-01,81,434.1,32.0,31.0,32.68,386.0,0.2,6.8,-2.5,0.35,11.5,7000,704.5,716.0,710.25,,0.77
2019-04-01,81,514.0,32.0,30.0,29.333,346.5,0.2,6.8,-2.5,0.35,11.5,7000,704.5,716.0,710.25,,0.77
2019-05-01,81,,32.0,31.0,28.702,339.048,0.2,6.8,-2.5,0.35,11.5,7000,704.5,716.0,710.25,,0.77
2019-06-01,81,512.0,32.0,30.0,26.154,308.905,0.2,6.8,-2.5,0.35,11.5,7000,704.5,716.0,710.25,,0.77
2019-07-01,81,513.5,32.0,31.0,24.9,294.048,0.2,6.8,-2.5,0.35,11.5,7000,704.5,716.0,710.25,,0.77
2019-08-01,81,485.6,32.0,31.0,22.813,269.429,0.2,6.8,-2.5,0.35,11.5,7000,704.5,716.0,710.25,,0.77
2019-09-01,81,491.3,32.0,30.0,23.451,276.976,0.2,6.8,-2.5,0.35,11.5,7000,704.5,716.0,710.25,,0.77
2019-10-01,81,500.2,32.0,31.0,23.102,272.833,0.2,6.8,-2.5,0.35,11.5,7000,704.5,716.0,710.25,,0.77
2019-11-01,81,495.0,32.0,30.0,21.365,252.357,0.2,6.8,-2.5,0.35,11.5,7000,704.5,716.0,710.25,,0.77
2019-12-01,81,495.0,32.0,31.0,21.205,250.429,0.2,6.8,-2.5,0.35,11.5,7000,704.5,716.0,710.25,,0.77
2020-01-01,81,491.4,32.0,31.0,24.37,287.81,0.2,6.8,-2.5,0.35,11.5,7000,704.5,716.0,710.25,,0.77
2020-02-01,81,470.9,32.0,29.0,22.931,270.881,0.2,6.8,-2.5,0.35,11.5,7000,704.5,716.0,710.25,,0.77
2020-03-01,81,470.9,32.0,31.0,21.633,255.5,0.2,6.8,-2.5,0.35,11.5,7000,704.5,716.0,710.25,,0.77
2020-06-01,81,,32.0,30.0,19.557,230.952,0.2,6.8,-2.5,0.35,11.5,7000,704.5,716.0,710.25,,0.77
2020-07-01,81,439.6,32.0,31.0,19.763,233.405,0.2,6.8,-2.5,0.35,11.5,7000,704.5,716.0,710.25,,0.77
2020-08-01,81,563.3,32.0,31.0,21.684,256.095,0.2,6.8,-2.5,0.35,11.5,7000,704.5,716.0,710.25,,0.77
2020-09-01,81,561.1,32.0,30.0,17.744,209.595,0.2,6.8,-2.5,0.35,11.5,7000,704.5,716.0,710.25,,0.77
2020-10-01,81,561.4,32.0,31.0,6.419,75.81,0.2,6.8,-2.5,0.35,11.5,7000,704.5,716.0,710.25,,0.77
2020-11-01,81,448.1,32.0,30.0,20.751,245.071,0.2,6.8,-2.5,0.35,11.5,7000,704.5,716.0,710.25,,0.77
2020-12-01,81,379.0,32.0,27.0,16.966,200.405,0.2,6.8,-2.5,0.35,11.5,7000,704.5,716.0,710.25,,0.77
2021-01-01,81,431.5,32.0,31.0,20.043,236.714,0.2,6.8,-2.5,0.35,11.5,7000,704.5,716.0,710.25,,0.77
2021-02-01,81,374.1,32.0,28.0,18.352,216.714,0.2,6.8,-2.5,0.35,11.5,7000,704.5,716.0,710.25,,0.77
2021-03-01,81,387.6,32.0,31.0,20.688,244.333,0.2,6.8,-2.5,0.35,11.5,7000,704.5,716.0,710.25,,0.77
2021-04-01,81,389.6,32.0,30.0,20.661,244.024,0.2,6.8,-2.5,0.35,11.5,7000,704.5,716.0,710.25,,0.77
2021-05-01,81,366.8,32.0,31.0,22.701,268.095,0.2,6.8,-2.5,0.35,11.5,7000,704.5,716.0,710.25,,0.77
2021-06-01,81,471.5,32.0,30.0,19.52,81.857,0.2,6.8,-2.5,0.35,11.5,7000,704.5,716.0,710.25,,0.77
2021-07-01,81,431.6,32.0,31.0,23.345,78.286,0.2,6.8,-2.5,0.35,11.5,7000,704.5,716.0,710.25,,0.77
2021-08-01,81,465.0,32.0,31.0,24.355,57.119,0.2,6.8,-2.5,0.35,11.5,7000,704.5,716.0,710.25,,0.77
2021-09-01,81,464.7,32.0,30.0,20.55,48.19,0.2,6.8,-2.5,0.35,11.5,7000,704.5,716.0,710.25,,0.77
2021-10-01,81,373.5,32.0,31.0,28.516,66.881,0.2,6.8,-2.5,0.35,11.5,7000,704.5,716.0,710.25,,0.77
2021-11-01,81,355.2,32.0,30.0,52.561,123.286,0.2,6.8,-2.5,0.35,11.5,7000,704.5,716.0,710.25,,0.77
2021-12-01,81,367.5,32.0,31.0,39.819,595.929,0.2,6.8,-2.5,0.35,11.5,7000,704.5,716.0,710.25,,0.77
2022-01-01,81,346.4,48.0,31.0,61.975,927.548,0.2,6.8,-2.5,0.35,11.5,7000,704.5,716.0,710.25,,0.77
2022-02-01,81,343.2,48.0,28.0,54.085,809.714,0.2,6.8,-2.5,0.35,11.5,7000,704.5,716.0,710.25,,0.77
2022-03-01,81,341.7,32.0,31.0,60.632,962.476,0.2,6.8,-2.5,0.35,11.5,7000,704.5,716.0,710.25,,0.77
2022-04-01,81,337.3,48.0,30.0,59.689,893.405,0.2,6.8,-2.5,0.35,11.5,7000,704.5,716.0,710.25,,0.77
2022-05-01,81,330.6,48.0,31.0,61.92,926.619,0.2,6.8,-2.5,0.35,11.5,7000,704.5,716.0,710.25,,0.77
2022-06-01,81,328.6,48.0,30.0,58.308,872.714,0.2,6.8,-2.5,0.35,11.5,7000,704.5,716.0,710.25,,0.77
2022-07-01,81,328.6,48.0,31.0,59.409,889.286,0.2,6.8,-2.5,0.35,11.5,7000,704.5,716.0,710.25,,0.77
2022-08-01,81,323.9,48.0,31.0,59.331,888.048,0.2,6.8,-2.5,0.35,11.5,7000,704.5,716.0,710.25,,0.77
2022-09-01,81,320.5,48.0,30.0,62.127,929.905,0.2,6.8,-2.5,0.35,11.5,7000,704.5,716.0,710.25,,0.77
2022-10-01,81,288.8,48.0,31.0,68.228,1021.405,0.2,6.8,-2.5,0.35,11.5,7000,704.5,716.0,710.25,,0.77
2022-11-01,81,291.8,48.0,30.0,64.076,959.238,0.2,6.8,-2.5,0.35,11.5,7000,704.5,716.0,710.25,,0.77
2022-12-01,81,260.5,48.0,31.0,69.962,1047.167,0.2,6.8,-2.5,0.35,11.5,7000,704.5,716.0,710.25,,0.77
2023-01-01,81,243.4,48.0,31.0,70.704,1058.167,0.2,6.8,-2.5,0.35,11.5,7000,704.5,716.0,710.25,,0.77
2023-02-01,81,270.1,48.0,28.0,63.219,946.381,0.2,6.8,-2.5,0.35,11.5,7000,704.5,716.0,710.25,,0.77
2023-03-01,81,260.5,48.0,31.0,70.884,1061.119,0.2,6.8,-2.5,0.35,11.5,7000,704.5,716.0,710.25,,0.77
2023-04-01,81,255.8,,,,,0.2,6.8,-2.5,0.35,11.5,7000,704.5,716.0,710.25,,0.77
2023-05-01,81,312.5,48.0,31.0,60.867,910.976,0.2,6.8,-2.5,0.35,11.5,7000,704.5,716.0,710.25,,0.77
2023-06-01,81,312.5,48.0,30.0,62.273,932.024,0.2,6.8,-2.5,0.35,11.5,7000,704.5,716.0,710.25,,0.77
2023-07-01,81,313.5,32.0,31.0,63.735,953.929,0.2,6.8,-2.5,0.35,11.5,7000,704.5,716.0,710.25,,0.77
2023-08-01,81,311.3,32.0,31.0,64.174,960.524,0.2,6.8,-2.5,0.35,11.5,7000,704.5,716.0,710.25,,0.77
2023-09-01,81,307.1,32.0,30.0,62.189,925.595,0.2,6.8,-2.5,0.35,11.5,7000,704.5,716.0,710.25,,0.77
2023-10-01,81,306.0,32.0,31.0,56.816,850.167,0.2,6.8,-2.5,0.35,11.5,7000,704.5,716.0,710.25,,0.77
2023-11-01,81,307.4,32.0,30.0,54.274,820.5,0.2,6.8,-2.5,0.35,11.5,7000,704.5,716.0,710.25,,0.77
2023-12-01,81,301.4,32.0,31.0,55.44,828.167,0.2,6.8,-2.5,0.35,11.5,7000,704.5,716.0,710.25,,0.77
2024-01-01,81,238.1,128.0,31.0,67.079,1002.024,0.2,6.8,-2.5,0.35,11.5,7000,704.5,716.0,710.25,,0.77
2024-02-01,81,231.8,128.0,29.0,62.594,935.024,0.2,6.8,-2.5,0.35,11.5,7000,704.5,716.0,710.25,,0.77
2024-03-01,81,236.3,128.0,31.0,64.828,1394.429,0.2,6.8,-2.5,0.35,11.5,7000,704.5,716.0,710.25,,0.77
2024-04-01,81,232.5,128.0,24.0,49.178,1057.786,0.2,6.8,-2.5,0.35,11.5,7000,704.5,716.0,710.25,,0.77
2024-05-01,81,248.8,128.0,31.0,63.042,1356.0,0.2,6.8,-2.5,0.35,11.5,7000,704.5,716.0,710.25,,0.77
2024-06-01,81,202.7,128.0,30.0,60.64,1304.333,0.2,6.8,-2.5,0.35,11.5,7000,704.5,716.0,710.25,,0.77
2024-07-01,81,210.6,128.0,31.0,64.95,1397.048,0.2,6.8,-2.5,0.35,11.5,7000,704.5,716.0,710.25,,0.77
2024-08-01,81,202.0,128.0,31.0,63.385,1363.381,0.2,6.8,-2.5,0.35,11.5,7000,704.5,716.0,710.25,,0.77
2024-09-01,81,209.6,128.0,30.0,61.161,1315.548,0.2,6.8,-2.5,0.35,11.5,7000,704.5,716.0,710.25,,0.77
2024-10-01,81,210.6,128.0,31.0,62.238,1338.714,0.2,6.8,-2.5,0.35,11.5,7000,704.5,716.0,710.25,,0.77
2024-11-01,81,213.7,128.0,30.0,58.951,1268.0,0.2,6.8,-2.5,0.35,11.5,7000,704.5,716.0,710.25,,0.77
2024-12-01,81,212.2,128.0,31.0,60.65,1304.548,0.2,6.8,-2.5,0.35,11.5,7000,704.5,716.0,710.25,,0.77
2025-01-01,81,213.8,128.0,31.0,59.819,1286.667,0.2,6.8,-2.5,0.35,11.5,7000,704.5,716.0,710.25,,0.77
2025-02-01,81,208.9,128.0,28.0,53.256,1145.5,0.2,6.8,-2.5,0.35,11.5,7000,704.5,716.0,710.25,,0.77
2025-03-01,81,203.3,128.0,31.0,60.51,1301.548,0.2,6.8,-2.5,0.35,11.5,7000,704.5,716.0,710.25,,0.77
2025-04-01,81,202.2,128.0,30.0,57.199,1230.333,0.2,6.8,-2.5,0.35,11.5,7000,704.5,716.0,710.25,,0.77
2025-05-01,81,197.1,128.0,31.0,60.202,1294.905,0.2,6.8,-2.5,0.35,11.5,7000,704.5,716.0,710.25,,0.77
2025-06-01,81,196.4,128.0,30.0,57.246,1231.333,0.2,6.8,-2.5,0.35,11.5,7000,704.5,716.0,710.25,,0.77
2004-01-01,82,760.8,,,90.865,6.476,0.2,3.3,-1.7,0.35,11.099999999999909,14000,714.2,725.3,719.75,,0.77
2004-02-01,82,776.7,,,83.683,6.619,0.2,3.3,-1.7,0.35,11.099999999999909,14000,714.2,725.3,719.75,,0.77
2004-03-01,82,702.6,,,105.487,7.5,0.2,3.3,-1.7,0.35,11.099999999999909,14000,714.2,725.3,719.75,,0.77
2004-04-01,82,698.3,,,110.064,7.833,0.2,3.3,-1.7,0.35,11.099999999999909,14000,714.2,725.3,719.75,,0.77
2004-05-01,82,693.2,,,114.673,13.619,0.2,3.3,-1.7,0.35,11.099999999999909,14000,714.2,725.3,719.75,,0.77
2004-06-01,82,690.3,,,108.69,57.595,0.2,3.3,-1.7,0.35,11.099999999999909,14000,714.2,725.3,719.75,,0.77
2004-07-01,82,716.4,,,99.595,110.595,0.2,3.3,-1.7,0.35,11.099999999999909,14000,714.2,725.3,719.75,,0.77
2004-08-01,82,716.4,,,98.5,122.452,0.2,3.3,-1.7,0.35,11.099999999999909,14000,714.2,725.3,719.75,,0.77
2004-09-01,82,723.9,,,93.218,90.881,0.2,3.3,-1.7,0.35,11.099999999999909,14000,714.2,725.3,719.75,,0.77
2004-10-01,82,710.1,,,88.466,86.381,0.2,3.3,-1.7,0.35,11.099999999999909,14000,714.2,725.3,719.75,,0.77
2004-11-01,82,704.2,,,86.696,84.5,0.2,3.3,-1.7,0.35,11.099999999999909,14000,714.2,725.3,719.75,,0.77
2004-12-01,82,708.4,,,90.579,89.333,0.2,3.3,-1.7,0.35,11.099999999999909,14000,714.2,725.3,719.75,,0.77
2005-01-01,82,705.2,,,88.882,3.548,0.2,3.3,-1.7,0.35,11.099999999999909,14000,714.2,725.3,719.75,,0.77
2005-02-01,82,698.8,,,80.693,79.762,0.2,3.3,-1.7,0.35,11.099999999999909,14000,714.2,725.3,719.75,,0.77
2005-03-01,82,698.8,,,90.211,199.429,0.2,3.3,-1.7,0.35,11.099999999999909,14000,714.2,725.3,719.75,,0.77
2005-04-01,82,700.5,,,85.385,123.214,0.2,3.3,-1.7,0.35,11.099999999999909,14000,714.2,725.3,719.75,,0.77
2005-05-01,82,701.2,,,87.006,120.452,0.2,3.3,-1.7,0.35,11.099999999999909,14000,714.2,725.3,719.75,,0.77
2005-06-01,82,708.5,,,79.365,67.5,0.2,3.3,-1.7,0.35,11.099999999999909,14000,714.2,725.3,719.75,,0.77
2005-07-01,82,700.5,,,81.936,69.714,0.2,3.3,-1.7,0.35,11.099999999999909,14000,714.2,725.3,719.75,,0.77
2005-08-01,82,696.8,,,76.116,64.929,0.2,3.3,-1.7,0.35,11.099999999999909,14000,714.2,725.3,719.75,,0.77
2005-09-01,82,689.8,,,80.791,67.476,0.2,3.3,-1.7,0.35,11.099999999999909,14000,714.2,725.3,719.75,,0.77
2005-10-01,82,686.5,,,83.361,73.905,0.2,3.3,-1.7,0.35,11.099999999999909,14000,714.2,725.3,719.75,,0.77
2005-11-01,82,677.6,,,77.94,69.143,0.2,3.3,-1.7,0.35,11.099999999999909,14000,714.2,725.3,719.75,,0.77
2005-12-01,82,687.4,,,79.203,76.548,0.2,3.3,-1.7,0.35,11.099999999999909,14000,714.2,725.3,719.75,,0.77
2006-01-01,82,678.1,,,81.071,313.905,0.2,3.3,-1.7,0.35,11.099999999999909,14000,714.2,725.3,719.75,946.0,0.77
2006-02-01,82,690.0,,,74.195,274.262,0.2,3.3,-1.7,0.35,11.099999999999909,14000,714.2,725.3,719.75,,0.77
2006-03-01,82,672.9,,,78.552,276.333,0.2,3.3,-1.7,0.35,11.099999999999909,14000,714.2,725.3,719.75,,0.77
2006-04-01,82,688.1,,,77.435,237.714,0.2,3.3,-1.7,0.35,11.099999999999909,14000,714.2,725.3,719.75,,0.77
2006-05-01,82,672.4,,,81.487,305.857,0.2,3.3,-1.7,0.35,11.099999999999909,14000,714.2,725.3,719.75,,0.77
2006-06-01,82,667.9,,,77.429,293.929,0.2,3.3,-1.7,0.35,11.099999999999909,14000,714.2,725.3,719.75,,0.77
2006-07-01,82,671.7,,,75.618,268.667,0.2,3.3,-1.7,0.35,11.099999999999909,14000,714.2,725.3,719.75,,0.77
2006-08-01,82,667.7,,,76.782,178.81,0.2,3.3,-1.7,0.35,11.099999999999909,14000,714.2,725.3,719.75,,0.77
2006-09-01,82,666.7,,,73.694,151.786,0.2,3.3,-1.7,0.35,11.099999999999909,14000,714.2,725.3,719.75,,0.77
2006-10-01,82,663.5,,,79.201,159.476,0.2,3.3,-1.7,0.35,11.099999999999909,14000,714.2,725.3,719.75,,0.77
2006-11-01,82,659.9,,,73.182,183.738,0.2,3.3,-1.7,0.35,11.099999999999909,14000,714.2,725.3,719.75,,0.77
2006-12-01,82,658.7,,,76.99,193.357,0.2,3.3,-1.7,0.35,11.099999999999909,14000,714.2,725.3,719.75,,0.77
2007-01-01,82,657.9,,,74.299,186.595,0.2,3.3,-1.7,0.35,11.099999999999909,14000,714.2,725.3,719.75,,0.77
2007-02-01,82,652.9,,,69.239,300.929,0.2,3.3,-1.7,0.35,11.099999999999909,14000,714.2,725.3,719.75,,0.77
2007-03-01,82,654.1,,,76.97,327.214,0.2,3.3,-1.7,0.35,11.099999999999909,14000,714.2,725.3,719.75,,0.77
2007-04-01,82,655.0,,,73.645,336.976,0.2,3.3,-1.7,0.35,11.099999999999909,14000,714.2,725.3,719.75,,0.77
2007-05-01,82,651.6,,,77.277,330.929,0.2,3.3,-1.7,0.35,11.099999999999909,14000,714.2,725.3,719.75,,0.77
2007-06-01,82,649.9,,,71.105,306.214,0.2,3.3,-1.7,0.35,11.099999999999909,14000,714.2,725.3,719.75,,0.77
2007-07-01,82,647.7,,,75.863,388.238,0.2,3.3,-1.7,0.35,11.099999999999909,14000,714.2,725.3,719.75,,0.77
2007-08-01,82,670.8,,,70.283,358.976,0.2,3.3,-1.7,0.35,11.099999999999909,14000,714.2,725.3,719.75,,0.77
2007-09-01,82,642.3,,,66.896,330.5,0.2,3.3,-1.7,0.35,11.099999999999909,14000,714.2,725.3,719.75,,0.77
2007-10-01,82,661.4,,,61.249,311.048,0.2,3.3,-1.7,0.35,11.099999999999909,14000,714.2,725.3,719.75,,0.77
2007-11-01,82,635.5,,,58.4,296.548,0.2,3.3,-1.7,0.35,11.099999999999909,14000,714.2,725.3,719.75,,0.77
2007-12-01,82,632.1,,,53.949,408.929,0.2,3.3,-1.7,0.35,11.099999999999909,14000,714.2,725.3,719.75,,0.77
2008-01-01,82,646.4,,,62.536,471.214,0.2,3.3,-1.7,0.35,11.099999999999909,14000,714.2,725.3,719.75,,0.77
2008-02-01,82,635.2,,,64.689,470.119,0.2,3.3,-1.7,0.35,11.099999999999909,14000,714.2,725.3,719.75,,0.77
2008-03-01,82,646.2,,,68.936,465.786,0.2,3.3,-1.7,0.35,11.099999999999909,14000,714.2,725.3,719.75,,0.77
2008-04-01,82,637.8,,,66.767,434.071,0.2,3.3,-1.7,0.35,11.099999999999909,14000,714.2,725.3,719.75,,0.77
2008-05-01,82,638.1,,,69.464,306.214,0.2,3.3,-1.7,0.35,11.099999999999909,14000,714.2,725.3,719.75,,0.77
2008-06-01,82,630.9,,,67.432,298.595,0.2,3.3,-1.7,0.35,11.099999999999909,14000,714.2,725.3,719.75,,0.77
2008-07-01,82,630.8,,,64.648,301.738,0.2,3.3,-1.7,0.35,11.099999999999909,14000,714.2,725.3,719.75,,0.77
2008-08-01,82,641.1,,,62.09,289.762,0.2,3.3,-1.7,0.35,11.099999999999909,14000,714.2,725.3,719.75,,0.77
2008-09-01,82,629.2,,,57.409,354.929,0.2,3.3,-1.7,0.35,11.099999999999909,14000,714.2,725.3,719.75,,0.77
2008-10-01,82,618.6,,,59.667,366.5,0.2,3.3,-1.7,0.35,11.099999999999909,14000,714.2,725.3,719.75,,0.77
2008-11-01,82,641.3,,,59.51,349.119,0.2,3.3,-1.7,0.35,11.099999999999909,14000,714.2,725.3,719.75,,0.77
2008-12-01,82,626.3,,,57.504,348.119,0.2,3.3,-1.7,0.35,11.099999999999909,14000,714.2,725.3,719.75,,0.77
2009-01-01,82,622.4,,,56.2,400.048,0.2,3.3,-1.7,0.35,11.099999999999909,14000,714.2,725.3,719.75,,0.77
2009-02-01,82,616.8,,,50.413,367.357,0.2,3.3,-1.7,0.35,11.099999999999909,14000,714.2,725.3,719.75,,0.77
2009-03-01,82,622.6,,,60.1,470.429,0.2,3.3,-1.7,0.35,11.099999999999909,14000,714.2,725.3,719.75,,0.77
2009-04-01,82,618.8,,,55.828,433.952,0.2,3.3,-1.7,0.35,11.099999999999909,14000,714.2,725.3,719.75,,0.77
2009-05-01,82,622.1,,,55.049,314.714,0.2,3.3,-1.7,0.35,11.099999999999909,14000,714.2,725.3,719.75,,0.77
2009-06-01,82,622.2,,,54.146,311.238,0.2,3.3,-1.7,0.35,11.099999999999909,14000,714.2,725.3,719.75,,0.77
2009-07-01,82,620.9,,,56.259,354.071,0.2,3.3,-1.7,0.35,11.099999999999909,14000,714.2,725.3,719.75,,0.77
2009-08-01,82,623.3,,,56.419,324.024,0.2,3.3,-1.7,0.35,11.099999999999909,14000,714.2,725.3,719.75,,0.77
2009-09-01,82,616.3,,,53.892,320.857,0.2,3.3,-1.7,0.35,11.099999999999909,14000,714.2,725.3,719.75,,0.77
2009-10-01,82,636.4,,,51.027,300.119,0.2,3.3,-1.7,0.35,11.099999999999909,14000,714.2,725.3,719.75,,0.77
2009-11-01,82,615.5,,,54.456,410.714,0.2,3.3,-1.7,0.35,11.099999999999909,14000,714.2,725.3,719.75,,0.77
2009-12-01,82,599.1,,,59.701,425.214,0.2,3.3,-1.7,0.35,11.099999999999909,14000,714.2,725.3,719.75,,0.77
2010-01-01,82,597.4,,,61.723,439.667,0.2,3.3,-1.7,0.35,11.099999999999909,14000,714.2,725.3,719.75,854.0,0.77
2010-02-01,82,597.5,,,49.995,356.095,0.2,3.3,-1.7,0.35,11.099999999999909,14000,714.2,725.3,719.75,,0.77
2010-03-01,82,600.0,,,57.605,410.286,0.2,3.3,-1.7,0.35,11.099999999999909,14000,714.2,725.3,719.75,,0.77
2010-04-01,82,593.9,,,60.436,430.405,0.2,3.3,-1.7,0.35,11.099999999999909,14000,714.2,725.3,719.75,,0.77
2010-05-01,82,584.8,,,64.598,868.024,0.2,3.3,-1.7,0.35,11.099999999999909,14000,714.2,725.3,719.75,,0.77
2010-06-01,82,591.0,,,60.881,834.738,0.2,3.3,-1.7,0.35,11.099999999999909,14000,714.2,725.3,719.75,,0.77
2010-07-01,82,579.5,,,62.539,875.881,0.2,3.3,-1.7,0.35,11.099999999999909,14000,714.2,725.3,719.75,,0.77
2010-08-01,82,587.6,,,59.146,799.881,0.2,3.3,-1.7,0.35,11.099999999999909,14000,714.2,725.3,719.75,,0.77
2010-09-01,82,568.1,,,58.337,850.762,0.2,3.3,-1.7,0.35,11.099999999999909,14000,714.2,725.3,719.75,,0.77
2010-10-01,82,576.9,,,62.533,731.333,0.2,3.3,-1.7,0.35,11.099999999999909,14000,714.2,725.3,719.75,,0.77
2010-11-01,82,586.0,,,62.96,736.31,0.2,3.3,-1.7,0.35,11.099999999999909,14000,714.2,725.3,719.75,,0.77
2010-12-01,82,586.7,,,62.14,541.714,0.2,3.3,-1.7,0.35,11.099999999999909,14000,714.2,725.3,719.75,,0.77
2011-01-01,82,571.8,,,73.346,427.881,0.2,3.3,-1.7,0.35,11.099999999999909,14000,714.2,725.3,719.75,,0.77
2011-02-01,82,550.0,,,72.854,414.262,0.2,3.3,-1.7,0.35,11.099999999999909,14000,714.2,725.3,719.75,,0.77
2011-03-01,82,574.4,,,58.721,466.571,0.2,3.3,-1.7,0.35,11.099999999999909,14000,714.2,725.3,719.75,,0.77
2011-04-01,82,570.5,,,57.708,500.976,0.2,3.3,-1.7,0.35,11.099999999999909,14000,714.2,725.3,719.75,,0.77
2011-05-01,82,564.0,,,65.161,565.643,0.2,3.3,-1.7,0.35,11.099999999999909,14000,714.2,725.3,719.75,,0.77
2011-06-01,82,563.1,,,63.693,280.452,0.2,3.3,-1.7,0.35,11.099999999999909,14000,714.2,725.3,719.75,,0.77
2011-07-01,82,558.8,,,63.956,196.667,0.2,3.3,-1.7,0.35,11.099999999999909,14000,714.2,725.3,719.75,,0.77
2011-08-01,82,554.2,,,60.013,184.524,0.2,3.3,-1.7,0.35,11.099999999999909,14000,714.2,725.3,719.75,,0.77
2011-09-01,82,555.8,,,54.741,168.31,0.2,3.3,-1.7,0.35,11.099999999999909,14000,714.2,725.3,719.75,,0.77
2011-10-01,82,554.2,,,54.088,195.333,0.2,3.3,-1.7,0.35,11.099999999999909,14000,714.2,725.3,719.75,,0.77
2011-11-01,82,552.1,,,59.386,269.214,0.2,3.3,-1.7,0.35,11.099999999999909,14000,714.2,725.3,719.75,,0.77
2011-12-01,82,601.2,,,80.959,367.024,0.2,3.3,-1.7,0.35,11.099999999999909,14000,714.2,725.3,719.75,,0.77
2012-01-01,82,580.2,,,51.774,234.714,0.2,3.3,-1.7,0.35,11.099999999999909,14000,714.2,725.3,719.75,,0.77
2012-02-01,82,574.2,,,47.434,232.119,0.2,3.3,-1.7,0.35,11.099999999999909,14000,714.2,725.3,719.75,,0.77
2012-03-01,82,587.6,,,49.44,333.167,0.2,3.3,-1.7,0.35,11.099999999999909,14000,714.2,725.3,719.75,,0.77
2012-04-01,82,570.1,,,49.581,338.762,0.2,3.3,-1.7,0.35,11.099999999999909,14000,714.2,725.3,719.75,,0.77
2012-05-01,82,583.1,,,50.692,297.429,0.2,3.3,-1.7,0.35,11.099999999999909,14000,714.2,725.3,719.75,,0.77
2012-06-01,82,586.5,,,43.988,304.143,0.2,3.3,-1.7,0.35,11.099999999999909,14000,714.2,725.3,719.75,,0.77
2012-07-01,82,581.1,,,44.033,331.238,0.2,3.3,-1.7,0.35,11.099999999999909,14000,714.2,725.3,719.75,,0.77
2012-08-01,82,587.0,,,44.064,331.571,0.2,3.3,-1.7,0.35,11.099999999999909,14000,714.2,725.3,719.75,,0.77
2012-09-01,82,583.4,,,38.82,292.071,0.2,3.3,-1.7,0.35,11.099999999999909,14000,714.2,725.3,719.75,,0.77
2012-10-01,82,583.8,,,8.519,64.095,0.2,3.3,-1.7,0.35,11.099999999999909,14000,714.2,725.3,719.75,,0.77
2012-11-01,82,744.4,,,,,0.2,3.3,-1.7,0.35,11.099999999999909,14000,714.2,725.3,719.75,,0.77
2012-12-01,82,750.5,,,,,0.2,3.3,-1.7,0.35,11.099999999999909,14000,714.2,725.3,719.75,,0.77
2013-01-01,82,751.5,,,,,0.2,3.3,-1.7,0.35,11.099999999999909,14000,714.2,725.3,719.75,,0.77
2013-02-01,82,752.0,,,,,0.2,3.3,-1.7,0.35,11.099999999999909,14000,714.2,725.3,719.75,,0.77
2013-03-01,82,750.6,,,,,0.2,3.3,-1.7,0.35,11.099999999999909,14000,714.2,725.3,719.75,,0.77
2013-04-01,82,572.0,,,49.173,184.952,0.2,3.3,-1.7,0.35,11.099999999999909,14000,714.2,725.3,719.75,,0.77
2013-05-01,82,613.5,,,24.564,92.381,0.2,3.3,-1.7,0.35,11.099999999999909,14000,714.2,725.3,719.75,,0.77
2013-06-01,82,739.8,,,,,0.2,3.3,-1.7,0.35,11.099999999999909,14000,714.2,725.3,719.75,,0.77
2013-07-01,82,744.4,,,,,0.2,3.3,-1.7,0.35,11.099999999999909,14000,714.2,725.3,719.75,,0.77
2013-08-01,82,744.6,,,,,0.2,3.3,-1.7,0.35,11.099999999999909,14000,714.2,725.3,719.75,,0.77
2013-09-01,82,744.8,,,,,0.2,3.3,-1.7,0.35,11.099999999999909,14000,714.2,725.3,719.75,,0.77
2013-10-01,82,742.5,,,,,0.2,3.3,-1.7,0.35,11.099999999999909,14000,714.2,725.3,719.75,,0.77
2013-11-01,82,741.8,,,,,0.2,3.3,-1.7,0.35,11.099999999999909,14000,714.2,725.3,719.75,,0.77
2013-12-01,82,741.3,,,,,0.2,3.3,-1.7,0.35,11.099999999999909,14000,714.2,725.3,719.75,,0.77
2014-01-01,82,739.7,,,,,0.2,3.3,-1.7,0.35,11.099999999999909,14000,714.2,725.3,719.75,,0.77
2014-02-01,82,739.9,,,,,0.2,3.3,-1.7,0.35,11.099999999999909,14000,714.2,725.3,719.75,,0.77
2014-03-01,82,739.5,,,,,0.2,3.3,-1.7,0.35,11.099999999999909,14000,714.2,725.3,719.75,,0.77
2014-04-01,82,738.0,,,,,0.2,3.3,-1.7,0.35,11.099999999999909,14000,714.2,725.3,719.75,,0.77
2014-05-01,82,,,,,,0.2,3.3,-1.7,0.35,11.099999999999909,14000,714.2,725.3,719.75,,0.77
2014-06-01,82,734.9,,,,,0.2,3.3,-1.7,0.35,11.099999999999909,14000,714.2,725.3,719.75,,0.77
2014-07-01,82,734.5,,,,,0.2,3.3,-1.7,0.35,11.099999999999909,14000,714.2,725.3,719.75,,0.77
2014-08-01,82,733.1,,,,,0.2,3.3,-1.7,0.35,11.099999999999909,14000,714.2,725.3,719.75,,0.77
2014-09-01,82,732.3,,,,,0.2,3.3,-1.7,0.35,11.099999999999909,14000,714.2,725.3,719.75,,0.77
2014-10-01,82,,,,,,0.2,3.3,-1.7,0.35,11.099999999999909,14000,714.2,725.3,719.75,,0.77
2014-11-01,82,729.0,,,,,0.2,3.3,-1.7,0.35,11.099999999999909,14000,714.2,725.3,719.75,,0.77
2014-12-01,82,729.5,,,,,0.2,3.3,-1.7,0.35,11.099999999999909,14000,714.2,725.3,719.75,,0.77
2015-01-01,82,728.6,,,,,0.2,3.3,-1.7,0.35,11.099999999999909,14000,714.2,725.3,719.75,,0.77
2015-02-01,82,726.7,,,,,0.2,3.3,-1.7,0.35,11.099999999999909,14000,714.2,725.3,719.75,,0.77
2015-03-01,82,726.6,,,,,0.2,3.3,-1.7,0.35,11.099999999999909,14000,714.2,725.3,719.75,,0.77
2015-04-01,82,725.6,,,1.155,,0.2,3.3,-1.7,0.35,11.099999999999909,14000,714.2,725.3,719.75,,0.77
2015-05-01,82,490.5,,,84.484,,0.2,3.3,-1.7,0.35,11.099999999999909,14000,714.2,725.3,719.75,,0.77
2015-06-01,82,489.7,,,70.34,,0.2,3.3,-1.7,0.35,11.099999999999909,14000,714.2,725.3,719.75,,0.77
2015-07-01,82,497.3,,,71.153,,0.2,3.3,-1.7,0.35,11.099999999999909,14000,714.2,725.3,719.75,,0.77
2015-08-01,82,490.2,32.0,31.0,91.377,,0.2,3.3,-1.7,0.35,11.099999999999909,14000,714.2,725.3,719.75,,0.77
2015-09-01,82,482.6,32.0,30.0,62.53,,0.2,3.3,-1.7,0.35,11.099999999999909,14000,714.2,725.3,719.75,,0.77
2015-10-01,82,503.7,32.0,31.0,60.303,,0.2,3.3,-1.7,0.35,11.099999999999909,14000,714.2,725.3,719.75,,0.77
2015-11-01,82,479.6,32.0,30.0,59.736,,0.2,3.3,-1.7,0.35,11.099999999999909,14000,714.2,725.3,719.75,,0.77
2015-12-01,82,486.6,32.0,31.0,74.751,,0.2,3.3,-1.7,0.35,11.099999999999909,14000,714.2,725.3,719.75,,0.77
2016-01-01,82,461.2,32.0,31.0,107.637,,0.2,3.3,-1.7,0.35,11.099999999999909,14000,714.2,725.3,719.75,,0.77
2016-02-01,82,495.9,32.0,29.0,65.451,111.905,0.2,3.3,-1.7,0.35,11.099999999999909,14000,714.2,725.3,719.75,,0.77
2016-03-01,82,503.1,32.0,28.0,35.879,61.357,0.2,3.3,-1.7,0.35,11.099999999999909,14000,714.2,725.3,719.75,,0.77
2016-04-01,82,482.7,32.0,30.0,52.464,89.738,0.2,3.3,-1.7,0.35,11.099999999999909,14000,714.2,725.3,719.75,,0.77
2016-05-01,82,492.8,32.0,31.0,64.573,122.857,0.2,3.3,-1.7,0.35,11.099999999999909,14000,714.2,725.3,719.75,,0.77
2016-06-01,82,447.9,32.0,30.0,52.562,100.024,0.2,3.3,-1.7,0.35,11.099999999999909,14000,714.2,725.3,719.75,,0.77
2016-07-01,82,440.5,32.0,31.0,57.209,108.881,0.2,3.3,-1.7,0.35,11.099999999999909,14000,714.2,725.3,719.75,,0.77
2016-08-01,82,481.3,32.0,31.0,59.5,113.238,0.2,3.3,-1.7,0.35,11.099999999999909,14000,714.2,725.3,719.75,,0.77
2016-09-01,82,475.8,32.0,30.0,51.812,98.619,0.2,3.3,-1.7,0.35,11.099999999999909,14000,714.2,725.3,719.75,,0.77
2016-10-01,82,475.0,32.0,31.0,49.833,94.81,0.2,3.3,-1.7,0.35,11.099999999999909,14000,714.2,725.3,719.75,,0.77
2016-11-01,82,473.8,32.0,30.0,50.979,97.0,0.2,3.3,-1.7,0.35,11.099999999999909,14000,714.2,725.3,719.75,,0.77
2016-12-01,82,459.1,32.0,31.0,51.038,97.095,0.2,3.3,-1.7,0.35,11.099999999999909,14000,714.2,725.3,719.75,,0.77
2017-01-01,82,472.3,32.0,31.0,45.254,86.119,0.2,3.3,-1.7,0.35,11.099999999999909,14000,714.2,725.3,719.75,,0.77
2017-02-01,82,480.6,32.0,28.0,47.801,90.952,0.2,3.3,-1.7,0.35,11.099999999999909,14000,714.2,725.3,719.75,,0.77
2017-03-01,82,466.2,32.0,31.0,51.148,97.31,0.2,3.3,-1.7,0.35,11.099999999999909,14000,714.2,725.3,719.75,,0.77
2017-04-01,82,490.1,32.0,30.0,45.594,86.738,0.2,3.3,-1.7,0.35,11.099999999999909,14000,714.2,725.3,719.75,,0.77
2017-05-01,82,470.0,32.0,31.0,49.846,94.857,0.2,3.3,-1.7,0.35,11.099999999999909,14000,714.2,725.3,719.75,,0.77
2017-06-01,82,438.7,32.0,30.0,55.017,112.571,0.2,3.3,-1.7,0.35,11.099999999999909,14000,714.2,725.3,719.75,,0.77
2017-07-01,82,440.5,32.0,31.0,55.739,114.024,0.2,3.3,-1.7,0.35,11.099999999999909,14000,714.2,725.3,719.75,,0.77
2017-08-01,82,441.0,32.0,31.0,55.241,962.31,0.2,3.3,-1.7,0.35,11.099999999999909,14000,714.2,725.3,719.75,,0.77
2017-09-01,82,443.1,32.0,30.0,53.16,1061.714,0.2,3.3,-1.7,0.35,11.099999999999909,14000,714.2,725.3,719.75,,0.77
2017-10-01,82,459.6,32.0,31.0,47.335,945.381,0.2,3.3,-1.7,0.35,11.099999999999909,14000,714.2,725.3,719.75,,0.77
2017-11-01,82,437.0,32.0,30.0,44.744,893.476,0.2,3.3,-1.7,0.35,11.099999999999909,14000,714.2,725.3,719.75,,0.77
2017-12-01,82,425.5,32.0,31.0,56.004,1118.429,0.2,3.3,-1.7,0.35,11.099999999999909,14000,714.2,725.3,719.75,,0.77
2018-01-01,82,419.2,32.0,31.0,54.374,1085.881,0.2,3.3,-1.7,0.35,11.099999999999909,14000,714.2,725.3,719.75,,0.77
2018-02-01,82,439.7,32.0,24.0,70.824,1414.452,0.2,3.3,-1.7,0.35,11.099999999999909,14000,714.2,725.3,719.75,,0.77
2018-03-01,82,405.9,32.0,31.0,100.712,2011.167,0.2,3.3,-1.7,0.35,11.099999999999909,14000,714.2,725.3,719.75,,0.77
2018-04-01,82,432.9,32.0,30.0,67.234,1327.429,0.2,3.3,-1.7,0.35,11.099999999999909,14000,714.2,725.3,719.75,,0.77
2018-05-01,82,404.0,32.0,22.0,57.978,1157.952,0.2,3.3,-1.7,0.35,11.099999999999909,14000,714.2,725.3,719.75,,0.77
2018-06-01,82,413.5,32.0,30.0,52.319,1044.881,0.2,3.3,-1.7,0.35,11.099999999999909,14000,714.2,725.3,719.75,,0.77
2018-07-01,82,401.1,32.0,31.0,51.653,1031.571,0.2,3.3,-1.7,0.35,11.099999999999909,14000,714.2,725.3,719.75,,0.77
2018-08-01,82,395.2,32.0,31.0,56.549,1129.286,0.2,3.3,-1.7,0.35,11.099999999999909,14000,714.2,725.3,719.75,,0.77
2018-09-01,82,392.8,32.0,30.0,55.3,1104.357,0.2,3.3,-1.7,0.35,11.099999999999909,14000,714.2,725.3,719.75,,0.77
2018-10-01,82,389.2,32.0,31.0,55.755,1113.429,0.2,3.3,-1.7,0.35,11.099999999999909,14000,714.2,725.3,719.75,,0.77
2018-11-01,82,389.0,32.0,30.0,49.0,976.833,0.2,3.3,-1.7,0.35,11.099999999999909,14000,714.2,725.3,719.75,,0.77
2018-12-01,82,397.3,32.0,31.0,44.591,1443.691,0.2,3.3,-1.7,0.35,11.099999999999909,14000,714.2,725.3,719.75,,0.77
2019-01-01,82,400.2,32.0,27.0,51.141,1542.357,0.2,3.3,-1.7,0.35,11.099999999999909,14000,714.2,725.3,719.75,,0.77
2019-02-01,82,415.1,32.0,26.0,61.257,1847.786,0.2,3.3,-1.7,0.35,11.099999999999909,14000,714.2,725.3,719.75,,0.77
2019-03-01,82,404.5,32.0,31.0,59.37,1790.691,0.2,3.3,-1.7,0.35,11.099999999999909,14000,714.2,725.3,719.75,,0.77
2019-04-01,82,423.0,32.0,24.0,44.726,1349.048,0.2,3.3,-1.7,0.35,11.099999999999909,14000,714.2,725.3,719.75,,0.77
2019-05-01,82,,32.0,31.0,57.088,1721.952,0.2,3.3,-1.7,0.35,11.099999999999909,14000,714.2,725.3,719.75,,0.77
2019-06-01,82,379.2,32.0,30.0,55.357,1669.595,0.2,3.3,-1.7,0.35,11.099999999999909,14000,714.2,725.3,719.75,,0.77
2019-07-01,82,432.2,32.0,31.0,46.166,1392.143,0.2,3.3,-1.7,0.35,11.099999999999909,14000,714.2,725.3,719.75,,0.77
2019-08-01,82,416.0,32.0,31.0,42.291,1275.381,0.2,3.3,-1.7,0.35,11.099999999999909,14000,714.2,725.3,719.75,,0.77
2019-09-01,82,423.2,32.0,30.0,47.271,1034.214,0.2,3.3,-1.7,0.35,11.099999999999909,14000,714.2,725.3,719.75,,0.77
2019-10-01,82,435.8,32.0,31.0,40.249,880.571,0.2,3.3,-1.7,0.35,11.099999999999909,14000,714.2,725.3,719.75,,0.77
2019-11-01,82,432.0,32.0,30.0,37.331,816.881,0.2,3.3,-1.7,0.35,11.099999999999909,14000,714.2,725.3,719.75,,0.77
2019-12-01,82,427.0,32.0,31.0,29.402,643.262,0.2,3.3,-1.7,0.35,11.099999999999909,14000,714.2,725.3,719.75,,0.77
2020-01-01,82,404.0,32.0,31.0,40.02,1262.524,0.2,3.3,-1.7,0.35,11.099999999999909,14000,714.2,725.3,719.75,,0.77
2020-02-01,82,406.2,32.0,29.0,33.079,873.691,0.2,3.3,-1.7,0.35,11.099999999999909,14000,714.2,725.3,719.75,,0.77
2020-03-01,82,406.2,32.0,31.0,67.199,1470.31,0.2,3.3,-1.7,0.35,11.099999999999909,14000,714.2,725.3,719.75,,0.77
2020-06-01,82,,32.0,30.0,69.176,1513.31,0.2,3.3,-1.7,0.35,11.099999999999909,14000,714.2,725.3,719.75,,0.77
2020-07-01,82,395.4,32.0,31.0,57.704,1262.5,0.2,3.3,-1.7,0.35,11.099999999999909,14000,714.2,725.3,719.75,,0.77
2020-08-01,82,402.3,32.0,31.0,74.414,1628.048,0.2,3.3,-1.7,0.35,11.099999999999909,14000,714.2,725.3,719.75,,0.77
2020-09-01,82,404.0,32.0,30.0,71.496,1564.5,0.2,3.3,-1.7,0.35,11.099999999999909,14000,714.2,725.3,719.75,,0.77
2020-10-01,82,398.7,32.0,31.0,70.925,1551.929,0.2,3.3,-1.7,0.35,11.099999999999909,14000,714.2,725.3,719.75,,0.77
2020-11-01,82,417.7,32.0,30.0,56.664,1239.714,0.2,3.3,-1.7,0.35,11.099999999999909,14000,714.2,725.3,719.75,,0.77
2020-12-01,82,380.8,32.0,31.0,70.495,1542.595,0.2,3.3,-1.7,0.35,11.099999999999909,14000,714.2,725.3,719.75,,0.77
2021-01-01,82,382.9,32.0,31.0,81.267,1778.095,0.2,3.3,-1.7,0.35,11.099999999999909,14000,714.2,725.3,719.75,,0.77
2021-02-01,82,382.9,32.0,28.0,77.142,1687.476,0.2,3.3,-1.7,0.35,11.099999999999909,14000,714.2,725.3,719.75,,0.77
2021-03-01,82,545.8,32.0,25.0,67.629,1479.714,0.2,3.3,-1.7,0.35,11.099999999999909,14000,714.2,725.3,719.75,,0.77
2021-04-01,82,363.0,32.0,30.0,85.213,1864.476,0.2,3.3,-1.7,0.35,11.099999999999909,14000,714.2,725.3,719.75,,0.77
2021-05-01,82,308.1,32.0,31.0,90.145,1972.262,0.2,3.3,-1.7,0.35,11.099999999999909,14000,714.2,725.3,719.75,,0.77
2021-06-01,82,335.2,32.0,30.0,85.993,1645.833,0.2,3.3,-1.7,0.35,11.099999999999909,14000,714.2,725.3,719.75,,0.77
2021-07-01,82,311.2,32.0,31.0,89.452,1611.833,0.2,3.3,-1.7,0.35,11.099999999999909,14000,714.2,725.3,719.75,,0.77
2021-08-01,82,320.7,32.0,31.0,90.472,1973.119,0.2,3.3,-1.7,0.35,11.099999999999909,14000,714.2,725.3,719.75,,0.77
2021-09-01,82,320.0,32.0,30.0,83.654,1824.619,0.2,3.3,-1.7,0.35,11.099999999999909,14000,714.2,725.3,719.75,,0.77
2021-10-01,82,302.7,32.0,31.0,89.004,2029.238,0.2,3.3,-1.7,0.35,11.099999999999909,14000,714.2,725.3,719.75,,0.77
2021-11-01,82,295.4,32.0,30.0,83.795,1889.524,0.2,3.3,-1.7,0.35,11.099999999999909,14000,714.2,725.3,719.75,,0.77
2021-12-01,82,290.0,32.0,31.0,88.03,1919.476,0.2,3.3,-1.7,0.35,11.099999999999909,14000,714.2,725.3,719.75,,0.77
2022-01-01,82,290.8,32.0,31.0,73.291,1598.119,0.2,3.3,-1.7,0.35,11.099999999999909,14000,714.2,725.3,719.75,,0.77
2022-02-01,82,295.0,32.0,28.0,73.95,1613.024,0.2,3.3,-1.7,0.35,11.099999999999909,14000,714.2,725.3,719.75,,0.77
2022-03-01,82,287.4,32.0,31.0,86.561,1887.619,0.2,3.3,-1.7,0.35,11.099999999999909,14000,714.2,725.3,719.75,,0.77
2022-04-01,82,282.5,32.0,30.0,86.469,1885.667,0.2,3.3,-1.7,0.35,11.099999999999909,14000,714.2,725.3,719.75,,0.77
2022-05-01,82,280.8,32.0,31.0,89.276,1946.5,0.2,3.3,-1.7,0.35,11.099999999999909,14000,714.2,725.3,719.75,,0.77
2022-06-01,82,296.5,32.0,30.0,85.038,1854.405,0.2,3.3,-1.7,0.35,11.099999999999909,14000,714.2,725.3,719.75,,0.77
2022-07-01,82,299.1,32.0,31.0,83.622,1823.738,0.2,3.3,-1.7,0.35,11.099999999999909,14000,714.2,725.3,719.75,,0.77
2022-09-01,82,300.2,32.0,30.0,83.977,1831.31,0.2,3.3,-1.7,0.35,11.099999999999909,14000,714.2,725.3,719.75,,0.77
2022-10-01,82,295.6,32.0,31.0,84.25,1837.619,0.2,3.3,-1.7,0.35,11.099999999999909,14000,714.2,725.3,719.75,,0.77
2022-11-01,82,302.3,32.0,30.0,73.639,1606.167,0.2,3.3,-1.7,0.35,11.099999999999909,14000,714.2,725.3,719.75,,0.77
2022-12-01,82,262.5,32.0,31.0,80.447,1754.357,0.2,3.3,-1.7,0.35,11.099999999999909,14000,714.2,725.3,719.75,,0.77
2023-01-01,82,264.0,32.0,31.0,84.738,1847.691,0.2,3.3,-1.7,0.35,11.099999999999909,14000,714.2,725.3,719.75,,0.77
2023-02-01,82,279.5,32.0,28.0,74.457,1623.952,0.2,3.3,-1.7,0.35,11.099999999999909,14000,714.2,725.3,719.75,,0.77
2023-03-01,82,257.0,32.0,31.0,79.279,1729.095,0.2,3.3,-1.7,0.35,11.099999999999909,14000,714.2,725.3,719.75,,0.77
2023-04-01,82,243.0,,,,,0.2,3.3,-1.7,0.35,11.099999999999909,14000,714.2,725.3,719.75,,0.77
2023-05-01,82,262.2,32.0,31.0,80.943,1765.024,0.2,3.3,-1.7,0.35,11.099999999999909,14000,714.2,725.3,719.75,,0.77
2023-06-01,82,241.8,32.0,30.0,81.669,1780.857,0.2,3.3,-1.7,0.35,11.099999999999909,14000,714.2,725.3,719.75,,0.77
2023-07-01,82,248.2,64.0,31.0,83.062,1811.31,0.2,3.3,-1.7,0.35,11.099999999999909,14000,714.2,725.3,719.75,,0.77
2023-08-01,82,234.8,64.0,31.0,82.839,1806.476,0.2,3.3,-1.7,0.35,11.099999999999909,14000,714.2,725.3,719.75,,0.77
2023-09-01,82,234.0,64.0,30.0,79.179,1716.976,0.2,3.3,-1.7,0.35,11.099999999999909,14000,714.2,725.3,719.75,,0.77
2023-10-01,82,258.8,64.0,31.0,70.781,1543.143,0.2,3.3,-1.7,0.35,11.099999999999909,14000,714.2,725.3,719.75,,0.77
2023-11-01,82,255.5,64.0,30.0,69.137,1522.786,0.2,3.3,-1.7,0.35,11.099999999999909,14000,714.2,725.3,719.75,,0.77
2023-12-01,82,250.8,64.0,31.0,75.488,1642.952,0.2,3.3,-1.7,0.35,11.099999999999909,14000,714.2,725.3,719.75,,0.77
2024-01-01,82,241.1,128.0,31.0,74.884,1629.786,0.2,3.3,-1.7,0.35,11.099999999999909,14000,714.2,725.3,719.75,,0.77
2024-02-01,82,235.3,128.0,29.0,70.508,1534.548,0.2,3.3,-1.7,0.35,11.099999999999909,14000,714.2,725.3,719.75,,0.77
2024-03-01,82,239.5,128.0,31.0,73.287,1595.048,0.2,3.3,-1.7,0.35,11.099999999999909,14000,714.2,725.3,719.75,,0.77
2024-04-01,82,237.9,128.0,24.0,56.994,1317.381,0.2,3.3,-1.7,0.35,11.099999999999909,14000,714.2,725.3,719.75,,0.77
2024-05-01,82,255.9,128.0,31.0,74.037,1711.31,0.2,3.3,-1.7,0.35,11.099999999999909,14000,714.2,725.3,719.75,,0.77
2024-06-01,82,235.3,128.0,30.0,83.092,1920.619,0.2,3.3,-1.7,0.35,11.099999999999909,14000,714.2,725.3,719.75,,0.77
2024-07-01,82,251.5,128.0,31.0,89.351,2065.286,0.2,3.3,-1.7,0.35,11.099999999999909,14000,714.2,725.3,719.75,,0.77
2024-08-01,82,217.9,128.0,31.0,88.038,2034.929,0.2,3.3,-1.7,0.35,11.099999999999909,14000,714.2,725.3,719.75,,0.77
2024-09-01,82,224.0,128.0,30.0,82.468,1906.191,0.2,3.3,-1.7,0.35,11.099999999999909,14000,714.2,725.3,719.75,,0.77
2024-10-01,82,216.4,128.0,31.0,89.928,2078.619,0.2,3.3,-1.7,0.35,11.099999999999909,14000,714.2,725.3,719.75,,0.77
2024-11-01,82,228.7,128.0,30.0,84.763,1959.238,0.2,3.3,-1.7,0.35,11.099999999999909,14000,714.2,725.3,719.75,,0.77
2024-12-01,82,221.2,128.0,31.0,84.759,1959.143,0.2,3.3,-1.7,0.35,11.099999999999909,14000,714.2,725.3,719.75,,0.77
2025-01-01,82,286.8,128.0,31.0,81.565,1885.31,0.2,3.3,-1.7,0.35,11.099999999999909,14000,714.2,725.3,719.75,,0.77
2025-02-01,82,218.5,128.0,28.0,74.88,1730.81,0.2,3.3,-1.7,0.35,11.099999999999909,14000,714.2,725.3,719.75,,0.77
2025-03-01,82,210.6,128.0,31.0,82.273,1901.691,0.2,3.3,-1.7,0.35,11.099999999999909,14000,714.2,725.3,719.75,,0.77
2025-04-01,82,209.0,128.0,30.0,70.415,1627.595,0.2,3.3,-1.7,0.35,11.099999999999909,14000,714.2,725.3,719.75,,0.77
2025-05-01,82,207.0,128.0,31.0,76.585,1770.214,0.2,3.3,-1.7,0.35,11.099999999999909,14000,714.2,725.3,719.75,,0.77
2025-06-01,82,196.1,128.0,30.0,69.488,1606.167,0.2,3.3,-1.7,0.35,11.099999999999909,14000,714.2,725.3,719.75,,0.77
1990-06-01,E-2,,,,,,0.22,23.6,3.8,0.42,6.096074128261307,14000,729.7000731528896,735.7961472811509,732.7481102170202,,0.78
1990-08-01,E-2,,,,,,0.22,23.6,3.8,0.42,6.096074128261307,14000,729.7000731528896,735.7961472811509,732.7481102170202,,0.78
1990-09-01,E-2,,,,,,0.22,23.6,3.8,0.42,6.096074128261307,14000,729.7000731528896,735.7961472811509,732.7481102170202,,0.78
1990-10-01,E-2,,,,,,0.22,23.6,3.8,0.42,6.096074128261307,14000,729.7000731528896,735.7961472811509,732.7481102170202,,0.78
1995-01-01,E-2,,,,,,0.22,23.6,3.8,0.42,6.096074128261307,14000,729.7000731528896,735.7961472811509,732.7481102170202,,0.78
1995-02-01,E-2,,,,,,0.22,23.6,3.8,0.42,6.096074128261307,14000,729.7000731528896,735.7961472811509,732.7481102170202,,0.78
1995-04-01,E-2,,,,,,0.22,23.6,3.8,0.42,6.096074128261307,14000,729.7000731528896,735.7961472811509,732.7481102170202,,0.78
1995-05-01,E-2,,,,,,0.22,23.6,3.8,0.42,6.096074128261307,14000,729.7000731528896,735.7961472811509,732.7481102170202,,0.78
1995-06-01,E-2,,,,,,0.22,23.6,3.8,0.42,6.096074128261307,14000,729.7000731528896,735.7961472811509,732.7481102170202,,0.78
1995-07-01,E-2,,,,,,0.22,23.6,3.8,0.42,6.096074128261307,14000,729.7000731528896,735.7961472811509,732.7481102170202,,0.78
1995-08-01,E-2,,,,,,0.22,23.6,3.8,0.42,6.096074128261307,14000,729.7000731528896,735.7961472811509,732.7481102170202,,0.78
1995-09-01,E-2,,,,,,0.22,23.6,3.8,0.42,6.096074128261307,14000,729.7000731528896,735.7961472811509,732.7481102170202,,0.78
1995-10-01,E-2,,,,,,0.22,23.6,3.8,0.42,6.096074128261307,14000,729.7000731528896,735.7961472811509,732.7481102170202,,0.78
1995-11-01,E-2,,,,,,0.22,23.6,3.8,0.42,6.096074128261307,14000,729.7000731528896,735.7961472811509,732.7481102170202,,0.78
1995-12-01,E-2,,,,,,0.22,23.6,3.8,0.42,6.096074128261307,14000,729.7000731528896,735.7961472811509,732.7481102170202,,0.78
1996-01-01,E-2,,,,,,0.22,23.6,3.8,0.42,6.096074128261307,14000,729.7000731528896,735.7961472811509,732.7481102170202,,0.78
1996-02-01,E-2,,,,,,0.22,23.6,3.8,0.42,6.096074128261307,14000,729.7000731528896,735.7961472811509,732.7481102170202,,0.78
1996-04-01,E-2,,,,,,0.22,23.6,3.8,0.42,6.096074128261307,14000,729.7000731528896,735.7961472811509,732.7481102170202,,0.78
1996-05-01,E-2,,,,,,0.22,23.6,3.8,0.42,6.096074128261307,14000,729.7000731528896,735.7961472811509,732.7481102170202,,0.78
1996-06-01,E-2,,,,,,0.22,23.6,3.8,0.42,6.096074128261307,14000,729.7000731528896,735.7961472811509,732.7481102170202,,0.78
1996-07-01,E-2,,,,,,0.22,23.6,3.8,0.42,6.096074128261307,14000,729.7000731528896,735.7961472811509,732.7481102170202,,0.78
1996-08-01,E-2,,,,,,0.22,23.6,3.8,0.42,6.096074128261307,14000,729.7000731528896,735.7961472811509,732.7481102170202,,0.78
1996-09-01,E-2,,,,,,0.22,23.6,3.8,0.42,6.096074128261307,14000,729.7000731528896,735.7961472811509,732.7481102170202,,0.78
1996-10-01,E-2,,,,,,0.22,23.6,3.8,0.42,6.096074128261307,14000,729.7000731528896,735.7961472811509,732.7481102170202,,0.78
1996-11-01,E-2,,,,,,0.22,23.6,3.8,0.42,6.096074128261307,14000,729.7000731528896,735.7961472811509,732.7481102170202,,0.78
1996-12-01,E-2,,,,,,0.22,23.6,3.8,0.42,6.096074128261307,14000,729.7000731528896,735.7961472811509,732.7481102170202,,0.78
1998-07-01,E-2,1025.5,,,,,0.22,23.6,3.8,0.42,6.096074128261307,14000,729.7000731528896,735.7961472811509,732.7481102170202,,0.78
1999-02-01,E-2,1026.2,,,,,0.22,23.6,3.8,0.42,6.096074128261307,14000,729.7000731528896,735.7961472811509,732.7481102170202,,0.78
1999-07-01,E-2,,,,,,0.22,23.6,3.8,0.42,6.096074128261307,14000,729.7000731528896,735.7961472811509,732.7481102170202,,0.78
1999-08-01,E-2,,,,,,0.22,23.6,3.8,0.42,6.096074128261307,14000,729.7000731528896,735.7961472811509,732.7481102170202,,0.78
1999-10-01,E-2,,,,,,0.22,23.6,3.8,0.42,6.096074128261307,14000,729.7000731528896,735.7961472811509,732.7481102170202,,0.78
2000-05-01,E-2,,,,,,0.22,23.6,3.8,0.42,6.096074128261307,14000,729.7000731528896,735.7961472811509,732.7481102170202,,0.78
2000-06-01,E-2,,,,,,0.22,23.6,3.8,0.42,6.096074128261307,14000,729.7000731528896,735.7961472811509,732.7481102170202,,0.78
2000-08-01,E-2,,,,,,0.22,23.6,3.8,0.42,6.096074128261307,14000,729.7000731528896,735.7961472811509,732.7481102170202,,0.78
2000-11-01,E-2,1013.8,,,,,0.22,23.6,3.8,0.42,6.096074128261307,14000,729.7000731528896,735.7961472811509,732.7481102170202,,0.78
2001-01-01,E-2,1012.0,,,,,0.22,23.6,3.8,0.42,6.096074128261307,14000,729.7000731528896,735.7961472811509,732.7481102170202,,0.78
2001-02-01,E-2,1015.4,,,,,0.22,23.6,3.8,0.42,6.096074128261307,14000,729.7000731528896,735.7961472811509,732.7481102170202,,0.78
2001-03-01,E-2,1014.5,,,,,0.22,23.6,3.8,0.42,6.096074128261307,14000,729.7000731528896,735.7961472811509,732.7481102170202,,0.78
2001-05-01,E-2,1013.8,,,,,0.22,23.6,3.8,0.42,6.096074128261307,14000,729.7000731528896,735.7961472811509,732.7481102170202,,0.78
2001-06-01,E-2,1016.6,,,,,0.22,23.6,3.8,0.42,6.096074128261307,14000,729.7000731528896,735.7961472811509,732.7481102170202,,0.78
2001-07-01,E-2,1012.4,,,,,0.22,23.6,3.8,0.42,6.096074128261307,14000,729.7000731528896,735.7961472811509,732.7481102170202,,0.78
2001-08-01,E-2,1012.4,,,,,0.22,23.6,3.8,0.42,6.096074128261307,14000,729.7000731528896,735.7961472811509,732.7481102170202,,0.78
2001-09-01,E-2,1012.4,,,,,0.22,23.6,3.8,0.42,6.096074128261307,14000,729.7000731528896,735.7961472811509,732.7481102170202,,0.78
2001-10-01,E-2,1009.3,,,,,0.22,23.6,3.8,0.42,6.096074128261307,14000,729.7000731528896,735.7961472811509,732.7481102170202,,0.78
2001-11-01,E-2,1009.3,,,,,0.22,23.6,3.8,0.42,6.096074128261307,14000,729.7000731528896,735.7961472811509,732.7481102170202,,0.78
2001-12-01,E-2,1006.3,,,,,0.22,23.6,3.8,0.42,6.096074128261307,14000,729.7000731528896,735.7961472811509,732.7481102170202,,0.78
2002-01-01,E-2,,,,,,0.22,23.6,3.8,0.42,6.096074128261307,14000,729.7000731528896,735.7961472811509,732.7481102170202,,0.78
2002-02-01,E-2,1007.2,,,,,0.22,23.6,3.8,0.42,6.096074128261307,14000,729.7000731528896,735.7961472811509,732.7481102170202,,0.78
2002-03-01,E-2,1008.3,,,,,0.22,23.6,3.8,0.42,6.096074128261307,14000,729.7000731528896,735.7961472811509,732.7481102170202,,0.78
2002-04-01,E-2,1007.2,,,,,0.22,23.6,3.8,0.42,6.096074128261307,14000,729.7000731528896,735.7961472811509,732.7481102170202,,0.78
2002-05-01,E-2,1007.2,,,,,0.22,23.6,3.8,0.42,6.096074128261307,14000,729.7000731528896,735.7961472811509,732.7481102170202,,0.78
2002-06-01,E-2,1007.2,,,,,0.22,23.6,3.8,0.42,6.096074128261307,14000,729.7000731528896,735.7961472811509,732.7481102170202,,0.78
2002-07-01,E-2,,,,,,0.22,23.6,3.8,0.42,6.096074128261307,14000,729.7000731528896,735.7961472811509,732.7481102170202,,0.78
2002-08-01,E-2,,,,,,0.22,23.6,3.8,0.42,6.096074128261307,14000,729.7000731528896,735.7961472811509,732.7481102170202,,0.78
2002-09-01,E-2,,,,,,0.22,23.6,3.8,0.42,6.096074128261307,14000,729.7000731528896,735.7961472811509,732.7481102170202,,0.78
2002-10-01,E-2,1006.3,,,,,0.22,23.6,3.8,0.42,6.096074128261307,14000,729.7000731528896,735.7961472811509,732.7481102170202,,0.78
2002-11-01,E-2,,,,,,0.22,23.6,3.8,0.42,6.096074128261307,14000,729.7000731528896,735.7961472811509,732.7481102170202,,0.78
2002-12-01,E-2,,,,,,0.22,23.6,3.8,0.42,6.096074128261307,14000,729.7000731528896,735.7961472811509,732.7481102170202,,0.78
2003-01-01,E-2,1006.3,,,,,0.22,23.6,3.8,0.42,6.096074128261307,14000,729.7000731528896,735.7961472811509,732.7481102170202,,0.78
2003-02-01,E-2,1004.2,,,,,0.22,23.6,3.8,0.42,6.096074128261307,14000,729.7000731528896,735.7961472811509,732.7481102170202,,0.78
2003-03-01,E-2,1003.4,,,,,0.22,23.6,3.8,0.42,6.096074128261307,14000,729.7000731528896,735.7961472811509,732.7481102170202,,0.78
2003-04-01,E-2,1003.4,,,,,0.22,23.6,3.8,0.42,6.096074128261307,14000,729.7000731528896,735.7961472811509,732.7481102170202,,0.78
2003-05-01,E-2,1001.9,,,,,0.22,23.6,3.8,0.42,6.096074128261307,14000,729.7000731528896,735.7961472811509,732.7481102170202,,0.78
2003-06-01,E-2,1001.8,,,,,0.22,23.6,3.8,0.42,6.096074128261307,14000,729.7000731528896,735.7961472811509,732.7481102170202,,0.78
2003-07-01,E-2,,,,,,0.22,23.6,3.8,0.42,6.096074128261307,14000,729.7000731528896,735.7961472811509,732.7481102170202,,0.78
2003-08-01,E-2,,,,,,0.22,23.6,3.8,0.42,6.096074128261307,14000,729.7000731528896,735.7961472811509,732.7481102170202,,0.78
2003-09-01,E-2,,,,,,0.22,23.6,3.8,0.42,6.096074128261307,14000,729.7000731528896,735.7961472811509,732.7481102170202,,0.78
2003-10-01,E-2,,,,,,0.22,23.6,3.8,0.42,6.096074128261307,14000,729.7000731528896,735.7961472811509,732.7481102170202,,0.78
2003-11-01,E-2,,,,,,0.22,23.6,3.8,0.42,6.096074128261307,14000,729.7000731528896,735.7961472811509,732.7481102170202,,0.78
2003-12-01,E-2,,,,,,0.22,23.6,3.8,0.42,6.096074128261307,14000,729.7000731528896,735.7961472811509,732.7481102170202,,0.78
2004-01-01,E-2,999.3,,,,,0.22,23.6,3.8,0.42,6.096074128261307,14000,729.7000731528896,735.7961472811509,732.7481102170202,,0.78
2004-02-01,E-2,996.9,,,,,0.22,23.6,3.8,0.42,6.096074128261307,14000,729.7000731528896,735.7961472811509,732.7481102170202,,0.78
2004-03-01,E-2,997.0,,,,,0.22,23.6,3.8,0.42,6.096074128261307,14000,729.7000731528896,735.7961472811509,732.7481102170202,,0.78
2004-04-01,E-2,997.1,,,,,0.22,23.6,3.8,0.42,6.096074128261307,14000,729.7000731528896,735.7961472811509,732.7481102170202,,0.78
2004-05-01,E-2,996.1,,,,,0.22,23.6,3.8,0.42,6.096074128261307,14000,729.7000731528896,735.7961472811509,732.7481102170202,,0.78
2004-06-01,E-2,995.5,,,,,0.22,23.6,3.8,0.42,6.096074128261307,14000,729.7000731528896,735.7961472811509,732.7481102170202,,0.78
2004-07-01,E-2,995.0,,,,,0.22,23.6,3.8,0.42,6.096074128261307,14000,729.7000731528896,735.7961472811509,732.7481102170202,,0.78
2004-08-01,E-2,993.8,,,,,0.22,23.6,3.8,0.42,6.096074128261307,14000,729.7000731528896,735.7961472811509,732.7481102170202,,0.78
2004-09-01,E-2,994.5,,,,,0.22,23.6,3.8,0.42,6.096074128261307,14000,729.7000731528896,735.7961472811509,732.7481102170202,,0.78
2004-10-01,E-2,993.3,,,,,0.22,23.6,3.8,0.42,6.096074128261307,14000,729.7000731528896,735.7961472811509,732.7481102170202,,0.78
2004-11-01,E-2,990.9,,,,,0.22,23.6,3.8,0.42,6.096074128261307,14000,729.7000731528896,735.7961472811509,732.7481102170202,,0.78
2004-12-01,E-2,992.1,,,,,0.22,23.6,3.8,0.42,6.096074128261307,14000,729.7000731528896,735.7961472811509,732.7481102170202,,0.78
2005-01-01,E-2,985.1,,,,,0.22,23.6,3.8,0.42,6.096074128261307,14000,729.7000731528896,735.7961472811509,732.7481102170202,,0.78
2005-02-01,E-2,985.0,,,,,0.22,23.6,3.8,0.42,6.096074128261307,14000,729.7000731528896,735.7961472811509,732.7481102170202,,0.78
2005-03-01,E-2,986.7,,,,,0.22,23.6,3.8,0.42,6.096074128261307,14000,729.7000731528896,735.7961472811509,732.7481102170202,,0.78
2005-04-01,E-2,983.6,,,,,0.22,23.6,3.8,0.42,6.096074128261307,14000,729.7000731528896,735.7961472811509,732.7481102170202,,0.78
2005-05-01,E-2,983.1,,,,,0.22,23.6,3.8,0.42,6.096074128261307,14000,729.7000731528896,735.7961472811509,732.7481102170202,,0.78
2005-06-01,E-2,982.9,,,,,0.22,23.6,3.8,0.42,6.096074128261307,14000,729.7000731528896,735.7961472811509,732.7481102170202,,0.78
2005-07-01,E-2,984.0,,,,,0.22,23.6,3.8,0.42,6.096074128261307,14000,729.7000731528896,735.7961472811509,732.7481102170202,,0.78
2005-08-01,E-2,981.2,,,,,0.22,23.6,3.8,0.42,6.096074128261307,14000,729.7000731528896,735.7961472811509,732.7481102170202,,0.78
2005-09-01,E-2,981.0,,,,,0.22,23.6,3.8,0.42,6.096074128261307,14000,729.7000731528896,735.7961472811509,732.7481102170202,,0.78
2005-10-01,E-2,976.7,,,,,0.22,23.6,3.8,0.42,6.096074128261307,14000,729.7000731528896,735.7961472811509,732.7481102170202,,0.78
2005-11-01,E-2,975.7,,,,,0.22,23.6,3.8,0.42,6.096074128261307,14000,729.7000731528896,735.7961472811509,732.7481102170202,,0.78
2005-12-01,E-2,974.6,,,,,0.22,23.6,3.8,0.42,6.096074128261307,14000,729.7000731528896,735.7961472811509,732.7481102170202,,0.78
2006-01-01,E-2,971.4,,,,,0.22,23.6,3.8,0.42,6.096074128261307,14000,729.7000731528896,735.7961472811509,732.7481102170202,,0.78
2006-02-01,E-2,970.4,,,,,0.22,23.6,3.8,0.42,6.096074128261307,14000,729.7000731528896,735.7961472811509,732.7481102170202,,0.78
2006-03-01,E-2,968.5,,,,,0.22,23.6,3.8,0.42,6.096074128261307,14000,729.7000731528896,735.7961472811509,732.7481102170202,,0.78
2006-04-01,E-2,967.1,,,,,0.22,23.6,3.8,0.42,6.096074128261307,14000,729.7000731528896,735.7961472811509,732.7481102170202,,0.78
2006-05-01,E-2,965.8,,,,,0.22,23.6,3.8,0.42,6.096074128261307,14000,729.7000731528896,735.7961472811509,732.7481102170202,,0.78
2006-06-01,E-2,963.8,,,,,0.22,23.6,3.8,0.42,6.096074128261307,14000,729.7000731528896,735.7961472811509,732.7481102170202,,0.78
2006-07-01,E-2,962.1,,,,,0.22,23.6,3.8,0.42,6.096074128261307,14000,729.7000731528896,735.7961472811509,732.7481102170202,,0.78
2006-08-01,E-2,960.3,,,,,0.22,23.6,3.8,0.42,6.096074128261307,14000,729.7000731528896,735.7961472811509,732.7481102170202,,0.78
2006-09-01,E-2,960.7,,,,,0.22,23.6,3.8,0.42,6.096074128261307,14000,729.7000731528896,735.7961472811509,732.7481102170202,,0.78
2006-10-01,E-2,958.0,,,,,0.22,23.6,3.8,0.42,6.096074128261307,14000,729.7000731528896,735.7961472811509,732.7481102170202,,0.78
2006-11-01,E-2,957.5,,,,,0.22,23.6,3.8,0.42,6.096074128261307,14000,729.7000731528896,735.7961472811509,732.7481102170202,,0.78
2006-12-01,E-2,954.9,,,,,0.22,23.6,3.8,0.42,6.096074128261307,14000,729.7000731528896,735.7961472811509,732.7481102170202,,0.78
2007-01-01,E-2,953.8,,,,,0.22,23.6,3.8,0.42,6.096074128261307,14000,729.7000731528896,735.7961472811509,732.7481102170202,,0.78
2007-02-01,E-2,952.1,,,,,0.22,23.6,3.8,0.42,6.096074128261307,14000,729.7000731528896,735.7961472811509,732.7481102170202,,0.78
2007-03-01,E-2,950.1,,,,,0.22,23.6,3.8,0.42,6.096074128261307,14000,729.7000731528896,735.7961472811509,732.7481102170202,,0.78
2007-04-01,E-2,,,,,,0.22,23.6,3.8,0.42,6.096074128261307,14000,729.7000731528896,735.7961472811509,732.7481102170202,,0.78
2007-05-01,E-2,947.5,,,,,0.22,23.6,3.8,0.42,6.096074128261307,14000,729.7000731528896,735.7961472811509,732.7481102170202,,0.78
2007-06-01,E-2,946.6,,,,,0.22,23.6,3.8,0.42,6.096074128261307,14000,729.7000731528896,735.7961472811509,732.7481102170202,,0.78
2007-07-01,E-2,943.5,,,,,0.22,23.6,3.8,0.42,6.096074128261307,14000,729.7000731528896,735.7961472811509,732.7481102170202,,0.78
2007-08-01,E-2,940.2,,,,,0.22,23.6,3.8,0.42,6.096074128261307,14000,729.7000731528896,735.7961472811509,732.7481102170202,,0.78
2007-09-01,E-2,937.7,,,,,0.22,23.6,3.8,0.42,6.096074128261307,14000,729.7000731528896,735.7961472811509,732.7481102170202,,0.78
2007-10-01,E-2,936.6,,,,,0.22,23.6,3.8,0.42,6.096074128261307,14000,729.7000731528896,735.7961472811509,732.7481102170202,,0.78
2007-11-01,E-2,933.8,,,,,0.22,23.6,3.8,0.42,6.096074128261307,14000,729.7000731528896,735.7961472811509,732.7481102170202,,0.78
2007-12-01,E-2,932.5,,,,,0.22,23.6,3.8,0.42,6.096074128261307,14000,729.7000731528896,735.7961472811509,732.7481102170202,,0.78
2008-01-01,E-2,930.7,,,,,0.22,23.6,3.8,0.42,6.096074128261307,14000,729.7000731528896,735.7961472811509,732.7481102170202,,0.78
2008-02-01,E-2,,,,,,0.22,23.6,3.8,0.42,6.096074128261307,14000,729.7000731528896,735.7961472811509,732.7481102170202,,0.78
2008-03-01,E-2,927.4,,,,,0.22,23.6,3.8,0.42,6.096074128261307,14000,729.7000731528896,735.7961472811509,732.7481102170202,,0.78
2008-04-01,E-2,,,,,,0.22,23.6,3.8,0.42,6.096074128261307,14000,729.7000731528896,735.7961472811509,732.7481102170202,,0.78
2008-05-01,E-2,925.3,,,,,0.22,23.6,3.8,0.42,6.096074128261307,14000,729.7000731528896,735.7961472811509,732.7481102170202,,0.78
2008-06-01,E-2,923.8,,,,,0.22,23.6,3.8,0.42,6.096074128261307,14000,729.7000731528896,735.7961472811509,732.7481102170202,,0.78
2008-07-01,E-2,922.7,,,,,0.22,23.6,3.8,0.42,6.096074128261307,14000,729.7000731528896,735.7961472811509,732.7481102170202,,0.78
2008-08-01,E-2,919.4,,,,,0.22,23.6,3.8,0.42,6.096074128261307,14000,729.7000731528896,735.7961472811509,732.7481102170202,,0.78
2008-09-01,E-2,919.2,,,,,0.22,23.6,3.8,0.42,6.096074128261307,14000,729.7000731528896,735.7961472811509,732.7481102170202,,0.78
2008-10-01,E-2,917.4,,,,,0.22,23.6,3.8,0.42,6.096074128261307,14000,729.7000731528896,735.7961472811509,732.7481102170202,,0.78
2008-11-01,E-2,914.0,,,,,0.22,23.6,3.8,0.42,6.096074128261307,14000,729.7000731528896,735.7961472811509,732.7481102170202,,0.78
2008-12-01,E-2,913.3,,,,,0.22,23.6,3.8,0.42,6.096074128261307,14000,729.7000731528896,735.7961472811509,732.7481102170202,,0.78
2009-01-01,E-2,912.3,,,,,0.22,23.6,3.8,0.42,6.096074128261307,14000,729.7000731528896,735.7961472811509,732.7481102170202,,0.78
2009-02-01,E-2,911.0,,,,,0.22,23.6,3.8,0.42,6.096074128261307,14000,729.7000731528896,735.7961472811509,732.7481102170202,,0.78
2009-03-01,E-2,910.4,,,,,0.22,23.6,3.8,0.42,6.096074128261307,14000,729.7000731528896,735.7961472811509,732.7481102170202,,0.78
2009-04-01,E-2,908.7,,,,,0.22,23.6,3.8,0.42,6.096074128261307,14000,729.7000731528896,735.7961472811509,732.7481102170202,,0.78
2009-05-01,E-2,907.5,,,,,0.22,23.6,3.8,0.42,6.096074128261307,14000,729.7000731528896,735.7961472811509,732.7481102170202,,0.78
2009-06-01,E-2,905.5,,,,,0.22,23.6,3.8,0.42,6.096074128261307,14000,729.7000731528896,735.7961472811509,732.7481102170202,,0.78
2009-07-01,E-2,904.5,,,,,0.22,23.6,3.8,0.42,6.096074128261307,14000,729.7000731528896,735.7961472811509,732.7481102170202,,0.78
2009-08-01,E-2,901.3,,,,,0.22,23.6,3.8,0.42,6.096074128261307,14000,729.7000731528896,735.7961472811509,732.7481102170202,,0.78
2009-09-01,E-2,900.5,,,,,0.22,23.6,3.8,0.42,6.096074128261307,14000,729.7000731528896,735.7961472811509,732.7481102170202,,0.78
2009-10-01,E-2,898.5,,,,,0.22,23.6,3.8,0.42,6.096074128261307,14000,729.7000731528896,735.7961472811509,732.7481102170202,,0.78
2009-11-01,E-2,898.5,,,,,0.22,23.6,3.8,0.42,6.096074128261307,14000,729.7000731528896,735.7961472811509,732.7481102170202,,0.78
2009-12-01,E-2,897.0,,,,,0.22,23.6,3.8,0.42,6.096074128261307,14000,729.7000731528896,735.7961472811509,732.7481102170202,,0.78
2010-01-01,E-2,895.5,,,,,0.22,23.6,3.8,0.42,6.096074128261307,14000,729.7000731528896,735.7961472811509,732.7481102170202,,0.78
2010-02-01,E-2,894.0,,,,,0.22,23.6,3.8,0.42,6.096074128261307,14000,729.7000731528896,735.7961472811509,732.7481102170202,,0.78
2010-03-01,E-2,892.5,,,,,0.22,23.6,3.8,0.42,6.096074128261307,14000,729.7000731528896,735.7961472811509,732.7481102170202,,0.78
2010-04-01,E-2,891.0,,,,,0.22,23.6,3.8,0.42,6.096074128261307,14000,729.7000731528896,735.7961472811509,732.7481102170202,,0.78
2010-05-01,E-2,886.4,,,,,0.22,23.6,3.8,0.42,6.096074128261307,14000,729.7000731528896,735.7961472811509,732.7481102170202,,0.78
2010-06-01,E-2,886.1,,,,,0.22,23.6,3.8,0.42,6.096074128261307,14000,729.7000731528896,735.7961472811509,732.7481102170202,,0.78
2010-07-01,E-2,886.1,,,,,0.22,23.6,3.8,0.42,6.096074128261307,14000,729.7000731528896,735.7961472811509,732.7481102170202,,0.78
2010-08-01,E-2,885.2,,,,,0.22,23.6,3.8,0.42,6.096074128261307,14000,729.7000731528896,735.7961472811509,732.7481102170202,,0.78
2010-09-01,E-2,885.1,,,,,0.22,23.6,3.8,0.42,6.096074128261307,14000,729.7000731528896,735.7961472811509,732.7481102170202,,0.78
2010-10-01,E-2,885.1,,,,,0.22,23.6,3.8,0.42,6.096074128261307,14000,729.7000731528896,735.7961472811509,732.7481102170202,,0.78
2010-11-01,E-2,877.8,,,,,0.22,23.6,3.8,0.42,6.096074128261307,14000,729.7000731528896,735.7961472811509,732.7481102170202,,0.78
2010-12-01,E-2,878.5,,,,,0.22,23.6,3.8,0.42,6.096074128261307,14000,729.7000731528896,735.7961472811509,732.7481102170202,,0.78
2011-01-01,E-2,875.1,,,,,0.22,23.6,3.8,0.42,6.096074128261307,14000,729.7000731528896,735.7961472811509,732.7481102170202,,0.78
2011-02-01,E-2,873.3,,,,,0.22,23.6,3.8,0.42,6.096074128261307,14000,729.7000731528896,735.7961472811509,732.7481102170202,,0.78
2011-03-01,E-2,,,,,,0.22,23.6,3.8,0.42,6.096074128261307,14000,729.7000731528896,735.7961472811509,732.7481102170202,,0.78
2011-04-01,E-2,872.2,,,,,0.22,23.6,3.8,0.42,6.096074128261307,14000,729.7000731528896,735.7961472811509,732.7481102170202,,0.78
2011-05-01,E-2,871.8,,,,,0.22,23.6,3.8,0.42,6.096074128261307,14000,729.7000731528896,735.7961472811509,732.7481102170202,,0.78
2011-06-01,E-2,867.2,,,,,0.22,23.6,3.8,0.42,6.096074128261307,14000,729.7000731528896,735.7961472811509,732.7481102170202,,0.78
2011-07-01,E-2,865.5,,,,,0.22,23.6,3.8,0.42,6.096074128261307,14000,729.7000731528896,735.7961472811509,732.7481102170202,,0.78
2011-08-01,E-2,865.5,,,,,0.22,23.6,3.8,0.42,6.096074128261307,14000,729.7000731528896,735.7961472811509,732.7481102170202,,0.78
2011-09-01,E-2,866.1,,,,,0.22,23.6,3.8,0.42,6.096074128261307,14000,729.7000731528896,735.7961472811509,732.7481102170202,,0.78
2011-10-01,E-2,861.8,,,,,0.22,23.6,3.8,0.42,6.096074128261307,14000,729.7000731528896,735.7961472811509,732.7481102170202,,0.78
2011-11-01,E-2,860.8,,,,,0.22,23.6,3.8,0.42,6.096074128261307,14000,729.7000731528896,735.7961472811509,732.7481102170202,,0.78
2011-12-01,E-2,857.5,,,,,0.22,23.6,3.8,0.42,6.096074128261307,14000,729.7000731528896,735.7961472811509,732.7481102170202,,0.78
2012-01-01,E-2,856.5,,,,,0.22,23.6,3.8,0.42,6.096074128261307,14000,729.7000731528896,735.7961472811509,732.7481102170202,,0.78
2012-02-01,E-2,858.5,,,,,0.22,23.6,3.8,0.42,6.096074128261307,14000,729.7000731528896,735.7961472811509,732.7481102170202,,0.78
2012-03-01,E-2,854.8,,,,,0.22,23.6,3.8,0.42,6.096074128261307,14000,729.7000731528896,735.7961472811509,732.7481102170202,,0.78
2012-04-01,E-2,853.3,,,,,0.22,23.6,3.8,0.42,6.096074128261307,14000,729.7000731528896,735.7961472811509,732.7481102170202,,0.78
2012-05-01,E-2,851.5,,,,,0.22,23.6,3.8,0.42,6.096074128261307,14000,729.7000731528896,735.7961472811509,732.7481102170202,,0.78
2012-06-01,E-2,850.1,,,,,0.22,23.6,3.8,0.42,6.096074128261307,14000,729.7000731528896,735.7961472811509,732.7481102170202,,0.78
2012-07-01,E-2,850.2,,,,,0.22,23.6,3.8,0.42,6.096074128261307,14000,729.7000731528896,735.7961472811509,732.7481102170202,,0.78
2012-08-01,E-2,849.0,,,,,0.22,23.6,3.8,0.42,6.096074128261307,14000,729.7000731528896,735.7961472811509,732.7481102170202,,0.78
2012-09-01,E-2,845.7,,,,,0.22,23.6,3.8,0.42,6.096074128261307,14000,729.7000731528896,735.7961472811509,732.7481102170202,,0.78
2012-10-01,E-2,845.7,,,,,0.22,23.6,3.8,0.42,6.096074128261307,14000,729.7000731528896,735.7961472811509,732.7481102170202,,0.78
2012-11-01,E-2,841.5,,,,,0.22,23.6,3.8,0.42,6.096074128261307,14000,729.7000731528896,735.7961472811509,732.7481102170202,,0.78
2012-12-01,E-2,,,,,,0.22,23.6,3.8,0.42,6.096074128261307,14000,729.7000731528896,735.7961472811509,732.7481102170202,,0.78
2013-01-01,E-2,840.9,,,,,0.22,23.6,3.8,0.42,6.096074128261307,14000,729.7000731528896,735.7961472811509,732.7481102170202,,0.78
2013-05-01,E-2,683.9,,,290.472,,0.22,23.6,3.8,0.42,6.096074128261307,14000,729.7000731528896,735.7961472811509,732.7481102170202,,0.78
2013-06-01,E-2,684.6,,,274.952,,0.22,23.6,3.8,0.42,6.096074128261307,14000,729.7000731528896,735.7961472811509,732.7481102170202,,0.78
2013-07-01,E-2,680.3,,,293.561,,0.22,23.6,3.8,0.42,6.096074128261307,14000,729.7000731528896,735.7961472811509,732.7481102170202,,0.78
2013-08-01,E-2,680.5,,,291.538,,0.22,23.6,3.8,0.42,6.096074128261307,14000,729.7000731528896,735.7961472811509,732.7481102170202,,0.78
2013-09-01,E-2,674.4,,,285.015,,0.22,23.6,3.8,0.42,6.096074128261307,14000,729.7000731528896,735.7961472811509,732.7481102170202,,0.78
2013-10-01,E-2,670.3,,,298.045,,0.22,23.6,3.8,0.42,6.096074128261307,14000,729.7000731528896,735.7961472811509,732.7481102170202,,0.78
2013-11-01,E-2,664.8,,,282.121,,0.22,23.6,3.8,0.42,6.096074128261307,14000,729.7000731528896,735.7961472811509,732.7481102170202,,0.78
2013-12-01,E-2,663.4,,,287.902,,0.22,23.6,3.8,0.42,6.096074128261307,14000,729.7000731528896,735.7961472811509,732.7481102170202,,0.78
2014-01-01,E-2,662.1,,,251.174,,0.22,23.6,3.8,0.42,6.096074128261307,14000,729.7000731528896,735.7961472811509,732.7481102170202,,0.78
2014-02-01,E-2,659.6,,,253.876,,0.22,23.6,3.8,0.42,6.096074128261307,14000,729.7000731528896,735.7961472811509,732.7481102170202,,0.78
2014-03-01,E-2,656.5,,,285.03,,0.22,23.6,3.8,0.42,6.096074128261307,14000,729.7000731528896,735.7961472811509,732.7481102170202,,0.78
2014-04-01,E-2,655.9,,,275.444,,0.22,23.6,3.8,0.42,6.096074128261307,14000,729.7000731528896,735.7961472811509,732.7481102170202,,0.78
2014-05-01,E-2,648.1,,,280.408,,0.22,23.6,3.8,0.42,6.096074128261307,14000,729.7000731528896,735.7961472811509,732.7481102170202,,0.78
2014-06-01,E-2,629.8,,,273.195,,0.22,23.6,3.8,0.42,6.096074128261307,14000,729.7000731528896,735.7961472811509,732.7481102170202,,0.78
2014-07-01,E-2,621.4,,,271.019,,0.22,23.6,3.8,0.42,6.096074128261307,14000,729.7000731528896,735.7961472811509,732.7481102170202,,0.78
2014-08-01,E-2,614.4,,,266.773,,0.22,23.6,3.8,0.42,6.096074128261307,14000,729.7000731528896,735.7961472811509,732.7481102170202,,0.78
2014-09-01,E-2,617.3,,,245.246,,0.22,23.6,3.8,0.42,6.096074128261307,14000,729.7000731528896,735.7961472811509,732.7481102170202,,0.78
2014-10-01,E-2,610.8,,,259.7,,0.22,23.6,3.8,0.42,6.096074128261307,14000,729.7000731528896,735.7961472811509,732.7481102170202,,0.78
2014-11-01,E-2,605.9,,,250.949,,0.22,23.6,3.8,0.42,6.096074128261307,14000,729.7000731528896,735.7961472811509,732.7481102170202,,0.78
2014-12-01,E-2,605.9,,,247.574,,0.22,23.6,3.8,0.42,6.096074128261307,14000,729.7000731528896,735.7961472811509,732.7481102170202,,0.78
2015-01-01,E-2,600.0,,,243.605,,0.22,23.6,3.8,0.42,6.096074128261307,14000,729.7000731528896,735.7961472811509,732.7481102170202,,0.78
2015-02-01,E-2,602.9,,,203.944,,0.22,23.6,3.8,0.42,6.096074128261307,14000,729.7000731528896,735.7961472811509,732.7481102170202,,0.78
2015-03-01,E-2,593.3,,,217.455,,0.22,23.6,3.8,0.42,6.096074128261307,14000,729.7000731528896,735.7961472811509,732.7481102170202,,0.78
2015-04-01,E-2,,,,201.447,,0.22,23.6,3.8,0.42,6.096074128261307,14000,729.7000731528896,735.7961472811509,732.7481102170202,,0.78
2015-05-01,E-2,,,,250.912,,0.22,23.6,3.8,0.42,6.096074128261307,14000,729.7000731528896,735.7961472811509,732.7481102170202,,0.78
2015-06-01,E-2,590.1,,,242.986,,0.22,23.6,3.8,0.42,6.096074128261307,14000,729.7000731528896,735.7961472811509,732.7481102170202,,0.78
2015-07-01,E-2,587.0,,,247.463,,0.22,23.6,3.8,0.42,6.096074128261307,14000,729.7000731528896,735.7961472811509,732.7481102170202,,0.78
2015-08-01,E-2,582.2,48.0,31.0,246.433,,0.22,23.6,3.8,0.42,6.096074128261307,14000,729.7000731528896,735.7961472811509,732.7481102170202,,0.78
2015-09-01,E-2,577.5,48.0,30.0,239.391,,0.22,23.6,3.8,0.42,6.096074128261307,14000,729.7000731528896,735.7961472811509,732.7481102170202,,0.78
2015-10-01,E-2,583.6,48.0,31.0,243.34,,0.22,23.6,3.8,0.42,6.096074128261307,14000,729.7000731528896,735.7961472811509,732.7481102170202,,0.78
2015-11-01,E-2,573.5,48.0,30.0,233.235,,0.22,23.6,3.8,0.42,6.096074128261307,14000,729.7000731528896,735.7961472811509,732.7481102170202,,0.78
2015-12-01,E-2,570.7,48.0,31.0,244.745,,0.22,23.6,3.8,0.42,6.096074128261307,14000,729.7000731528896,735.7961472811509,732.7481102170202,,0.78
2016-01-01,E-2,565.7,48.0,31.0,242.346,,0.22,23.6,3.8,0.42,6.096074128261307,14000,729.7000731528896,735.7961472811509,732.7481102170202,,0.78
2016-02-01,E-2,596.2,48.0,29.0,214.733,,0.22,23.6,3.8,0.42,6.096074128261307,14000,729.7000731528896,735.7961472811509,732.7481102170202,,0.78
2016-03-01,E-2,595.8,48.0,31.0,218.215,,0.22,23.6,3.8,0.42,6.096074128261307,14000,729.7000731528896,735.7961472811509,732.7481102170202,,0.78
2016-04-01,E-2,572.4,48.0,27.0,189.966,,0.22,23.6,3.8,0.42,6.096074128261307,14000,729.7000731528896,735.7961472811509,732.7481102170202,,0.78
2016-05-01,E-2,584.1,48.0,16.0,119.642,,0.22,23.6,3.8,0.42,6.096074128261307,14000,729.7000731528896,735.7961472811509,732.7481102170202,,0.78
2016-06-01,E-2,579.5,48.0,30.0,216.061,,0.22,23.6,3.8,0.42,6.096074128261307,14000,729.7000731528896,735.7961472811509,732.7481102170202,,0.78
2016-07-01,E-2,544.9,48.0,31.0,228.459,,0.22,23.6,3.8,0.42,6.096074128261307,14000,729.7000731528896,735.7961472811509,732.7481102170202,,0.78
2016-08-01,E-2,569.6,48.0,31.0,223.565,,0.22,23.6,3.8,0.42,6.096074128261307,14000,729.7000731528896,735.7961472811509,732.7481102170202,,0.78
2016-09-01,E-2,568.0,48.0,30.0,216.889,,0.22,23.6,3.8,0.42,6.096074128261307,14000,729.7000731528896,735.7961472811509,732.7481102170202,,0.78
2016-10-01,E-2,570.8,48.0,31.0,216.302,,0.22,23.6,3.8,0.42,6.096074128261307,14000,729.7000731528896,735.7961472811509,732.7481102170202,,0.78
2016-11-01,E-2,560.4,48.0,30.0,207.915,,0.22,23.6,3.8,0.42,6.096074128261307,14000,729.7000731528896,735.7961472811509,732.7481102170202,,0.78
2016-12-01,E-2,551.0,48.0,31.0,203.674,,0.22,23.6,3.8,0.42,6.096074128261307,14000,729.7000731528896,735.7961472811509,732.7481102170202,,0.78
2017-01-01,E-2,560.9,48.0,31.0,195.728,,0.22,23.6,3.8,0.42,6.096074128261307,14000,729.7000731528896,735.7961472811509,732.7481102170202,,0.78
2017-02-01,E-2,561.2,48.0,26.0,172.413,,0.22,23.6,3.8,0.42,6.096074128261307,14000,729.7000731528896,735.7961472811509,732.7481102170202,,0.78
2017-03-01,E-2,551.3,48.0,31.0,209.349,,0.22,23.6,3.8,0.42,6.096074128261307,14000,729.7000731528896,735.7961472811509,732.7481102170202,,0.78
2017-04-01,E-2,547.2,48.0,30.0,195.76,,0.22,23.6,3.8,0.42,6.096074128261307,14000,729.7000731528896,735.7961472811509,732.7481102170202,,0.78
2017-05-01,E-2,552.1,48.0,31.0,207.974,,0.22,23.6,3.8,0.42,6.096074128261307,14000,729.7000731528896,735.7961472811509,732.7481102170202,,0.78
2017-06-01,E-2,543.4,48.0,30.0,206.802,,0.22,23.6,3.8,0.42,6.096074128261307,14000,729.7000731528896,735.7961472811509,732.7481102170202,,0.78
2017-07-01,E-2,544.9,48.0,31.0,213.723,,0.22,23.6,3.8,0.42,6.096074128261307,14000,729.7000731528896,735.7961472811509,732.7481102170202,,0.78
2017-08-01,E-2,543.0,48.0,31.0,214.326,,0.22,23.6,3.8,0.42,6.096074128261307,14000,729.7000731528896,735.7961472811509,732.7481102170202,,0.78
2017-09-01,E-2,542.2,48.0,30.0,203.476,,0.22,23.6,3.8,0.42,6.096074128261307,14000,729.7000731528896,735.7961472811509,732.7481102170202,,0.78
2017-10-01,E-2,549.7,48.0,31.0,211.656,,0.22,23.6,3.8,0.42,6.096074128261307,14000,729.7000731528896,735.7961472811509,732.7481102170202,,0.78
2017-11-01,E-2,548.7,48.0,30.0,207.572,,0.22,23.6,3.8,0.42,6.096074128261307,14000,729.7000731528896,735.7961472811509,732.7481102170202,,0.78
2017-12-01,E-2,532.7,48.0,31.0,210.322,,0.22,23.6,3.8,0.42,6.096074128261307,14000,729.7000731528896,735.7961472811509,732.7481102170202,,0.78
2018-01-01,E-2,524.8,48.0,31.0,215.469,,0.22,23.6,3.8,0.42,6.096074128261307,14000,729.7000731528896,735.7961472811509,732.7481102170202,,0.78
2018-02-01,E-2,523.7,48.0,28.0,194.617,,0.22,23.6,3.8,0.42,6.096074128261307,14000,729.7000731528896,735.7961472811509,732.7481102170202,,0.78
2018-03-01,E-2,519.4,48.0,31.0,213.507,,0.22,23.6,3.8,0.42,6.096074128261307,14000,729.7000731528896,735.7961472811509,732.7481102170202,,0.78
2018-04-01,E-2,530.4,48.0,30.0,201.769,,0.22,23.6,3.8,0.42,6.096074128261307,14000,729.7000731528896,735.7961472811509,732.7481102170202,,0.78
2018-05-01,E-2,515.4,48.0,31.0,206.962,,0.22,23.6,3.8,0.42,6.096074128261307,14000,729.7000731528896,735.7961472811509,732.7481102170202,,0.78
2018-06-01,E-2,518.7,48.0,30.0,199.634,,0.22,23.6,3.8,0.42,6.096074128261307,14000,729.7000731528896,735.7961472811509,732.7481102170202,,0.78
2018-07-01,E-2,514.8,48.0,31.0,208.839,,0.22,23.6,3.8,0.42,6.096074128261307,14000,729.7000731528896,735.7961472811509,732.7481102170202,,0.78
2018-08-01,E-2,510.7,48.0,31.0,214.065,,0.22,23.6,3.8,0.42,6.096074128261307,14000,729.7000731528896,735.7961472811509,732.7481102170202,,0.78
2018-09-01,E-2,508.4,48.0,30.0,205.97,,0.22,23.6,3.8,0.42,6.096074128261307,14000,729.7000731528896,735.7961472811509,732.7481102170202,,0.78
2018-10-01,E-2,506.4,48.0,31.0,213.975,,0.22,23.6,3.8,0.42,6.096074128261307,14000,729.7000731528896,735.7961472811509,732.7481102170202,,0.78
2018-11-01,E-2,509.0,48.0,30.0,204.0,,0.22,23.6,3.8,0.42,6.096074128261307,14000,729.7000731528896,735.7961472811509,732.7481102170202,,0.78
2018-12-01,E-2,505.2,48.0,31.0,198.483,,0.22,23.6,3.8,0.42,6.096074128261307,14000,729.7000731528896,735.7961472811509,732.7481102170202,,0.78
2019-01-01,E-2,505.6,48.0,27.0,173.185,,0.22,23.6,3.8,0.42,6.096074128261307,14000,729.7000731528896,735.7961472811509,732.7481102170202,,0.78
2019-02-01,E-2,500.2,48.0,26.0,161.574,,0.22,23.6,3.8,0.42,6.096074128261307,14000,729.7000731528896,735.7961472811509,732.7481102170202,,0.78
2019-03-01,E-2,506.5,48.0,27.0,159.135,,0.22,23.6,3.8,0.42,6.096074128261307,14000,729.7000731528896,735.7961472811509,732.7481102170202,,0.78
2019-04-01,E-2,485.8,48.0,30.0,175.463,,0.22,23.6,3.8,0.42,6.096074128261307,14000,729.7000731528896,735.7961472811509,732.7481102170202,,0.78
2019-05-01,E-2,,48.0,31.0,182.254,,0.22,23.6,3.8,0.42,6.096074128261307,14000,729.7000731528896,735.7961472811509,732.7481102170202,,0.78
2019-06-01,E-2,503.7,48.0,30.0,176.627,,0.22,23.6,3.8,0.42,6.096074128261307,14000,729.7000731528896,735.7961472811509,732.7481102170202,,0.78
2019-07-01,E-2,523.0,48.0,31.0,165.754,,0.22,23.6,3.8,0.42,6.096074128261307,14000,729.7000731528896,735.7961472811509,732.7481102170202,,0.78
2019-08-01,E-2,513.8,48.0,31.0,164.393,,0.22,23.6,3.8,0.42,6.096074128261307,14000,729.7000731528896,735.7961472811509,732.7481102170202,,0.78
2019-09-01,E-2,517.0,48.0,30.0,155.357,,0.22,23.6,3.8,0.42,6.096074128261307,14000,729.7000731528896,735.7961472811509,732.7481102170202,,0.78
2019-10-01,E-2,524.0,48.0,31.0,156.725,,0.22,23.6,3.8,0.42,6.096074128261307,14000,729.7000731528896,735.7961472811509,732.7481102170202,,0.78
2019-11-01,E-2,519.2,48.0,30.0,154.085,,0.22,23.6,3.8,0.42,6.096074128261307,14000,729.7000731528896,735.7961472811509,732.7481102170202,,0.78
2019-12-01,E-2,509.3,48.0,31.0,162.723,,0.22,23.6,3.8,0.42,6.096074128261307,14000,729.7000731528896,735.7961472811509,732.7481102170202,,0.78
2020-01-01,E-2,519.2,48.0,26.0,106.469,,0.22,23.6,3.8,0.42,6.096074128261307,14000,729.7000731528896,735.7961472811509,732.7481102170202,,0.78
2020-02-01,E-2,505.7,48.0,29.0,148.938,,0.22,23.6,3.8,0.42,6.096074128261307,14000,729.7000731528896,735.7961472811509,732.7481102170202,712.0,0.78
2020-03-01,E-2,505.7,48.0,31.0,155.854,,0.22,23.6,3.8,0.42,6.096074128261307,14000,729.7000731528896,735.7961472811509,732.7481102170202,,0.78
2020-06-01,E-2,,48.0,30.0,152.627,,0.22,23.6,3.8,0.42,6.096074128261307,14000,729.7000731528896,735.7961472811509,732.7481102170202,,0.78
2020-07-01,E-2,484.7,48.0,31.0,157.359,,0.22,23.6,3.8,0.42,6.096074128261307,14000,729.7000731528896,735.7961472811509,732.7481102170202,,0.78
2020-08-01,E-2,484.7,48.0,31.0,154.825,,0.22,23.6,3.8,0.42,6.096074128261307,14000,729.7000731528896,735.7961472811509,732.7481102170202,,0.78
2020-09-01,E-2,478.9,48.0,30.0,147.815,,0.22,23.6,3.8,0.42,6.096074128261307,14000,729.7000731528896,735.7961472811509,732.7481102170202,,0.78
2020-10-01,E-2,481.5,48.0,31.0,148.808,,0.22,23.6,3.8,0.42,6.096074128261307,14000,729.7000731528896,735.7961472811509,732.7481102170202,,0.78
2020-11-01,E-2,488.5,48.0,30.0,135.154,,0.22,23.6,3.8,0.42,6.096074128261307,14000,729.7000731528896,735.7961472811509,732.7481102170202,,0.78
2020-12-01,E-2,469.1,48.0,31.0,127.488,,0.22,23.6,3.8,0.42,6.096074128261307,14000,729.7000731528896,735.7961472811509,732.7481102170202,,0.78
2021-01-01,E-2,356.9,48.0,31.0,160.886,,0.22,23.6,3.8,0.42,6.096074128261307,14000,729.7000731528896,735.7961472811509,732.7481102170202,,0.78
2021-02-01,E-2,352.9,48.0,28.0,180.488,,0.22,23.6,3.8,0.42,6.096074128261307,14000,729.7000731528896,735.7961472811509,732.7481102170202,,0.78
2021-03-01,E-2,390.7,48.0,31.0,194.211,,0.22,23.6,3.8,0.42,6.096074128261307,14000,729.7000731528896,735.7961472811509,732.7481102170202,,0.78
2021-04-01,E-2,348.1,48.0,30.0,201.401,,0.22,23.6,3.8,0.42,6.096074128261307,14000,729.7000731528896,735.7961472811509,732.7481102170202,,0.78
2021-05-01,E-2,338.2,48.0,31.0,218.015,,0.22,23.6,3.8,0.42,6.096074128261307,14000,729.7000731528896,735.7961472811509,732.7481102170202,,0.78
2021-06-01,E-2,364.1,48.0,30.0,214.192,,0.22,23.6,3.8,0.42,6.096074128261307,14000,729.7000731528896,735.7961472811509,732.7481102170202,,0.78
2021-07-01,E-2,338.9,48.0,31.0,222.596,,0.22,23.6,3.8,0.42,6.096074128261307,14000,729.7000731528896,735.7961472811509,732.7481102170202,,0.78
2021-08-01,E-2,341.2,48.0,31.0,222.783,,0.22,23.6,3.8,0.42,6.096074128261307,14000,729.7000731528896,735.7961472811509,732.7481102170202,,0.78
2021-09-01,E-2,350.0,48.0,30.0,208.953,,0.22,23.6,3.8,0.42,6.096074128261307,14000,729.7000731528896,735.7961472811509,732.7481102170202,,0.78
2021-10-01,E-2,346.2,48.0,31.0,215.275,,0.22,23.6,3.8,0.42,6.096074128261307,14000,729.7000731528896,735.7961472811509,732.7481102170202,,0.78
2021-11-01,E-2,331.0,48.0,30.0,197.158,,0.22,23.6,3.8,0.42,6.096074128261307,14000,729.7000731528896,735.7961472811509,732.7481102170202,,0.78
2021-12-01,E-2,414.9,48.0,31.0,187.533,,0.22,23.6,3.8,0.42,6.096074128261307,14000,729.7000731528896,735.7961472811509,732.7481102170202,,0.78
2022-01-01,E-2,413.4,48.0,31.0,160.309,,0.22,23.6,3.8,0.42,6.096074128261307,14000,729.7000731528896,735.7961472811509,732.7481102170202,,0.78
2022-02-01,E-2,412.4,48.0,28.0,150.552,,0.22,23.6,3.8,0.42,6.096074128261307,14000,729.7000731528896,735.7961472811509,732.7481102170202,,0.78
2022-03-01,E-2,413.2,48.0,31.0,156.112,,0.22,23.6,3.8,0.42,6.096074128261307,14000,729.7000731528896,735.7961472811509,732.7481102170202,,0.78
2022-04-01,E-2,454.8,40.0,30.0,136.946,,0.22,23.6,3.8,0.42,6.096074128261307,14000,729.7000731528896,735.7961472811509,732.7481102170202,,0.78
2022-05-01,E-2,452.2,40.0,23.0,110.102,,0.22,23.6,3.8,0.42,6.096074128261307,14000,729.7000731528896,735.7961472811509,732.7481102170202,,0.78
2022-06-01,E-2,459.7,40.0,30.0,144.455,,0.22,23.6,3.8,0.42,6.096074128261307,14000,729.7000731528896,735.7961472811509,732.7481102170202,,0.78
2022-07-01,E-2,449.5,40.0,31.0,148.293,,0.22,23.6,3.8,0.42,6.096074128261307,14000,729.7000731528896,735.7961472811509,732.7481102170202,,0.78
2022-08-01,E-2,426.5,40.0,31.0,147.743,,0.22,23.6,3.8,0.42,6.096074128261307,14000,729.7000731528896,735.7961472811509,732.7481102170202,,0.78
2022-09-01,E-2,425.3,40.0,30.0,154.096,,0.22,23.6,3.8,0.42,6.096074128261307,14000,729.7000731528896,735.7961472811509,732.7481102170202,,0.78
2022-10-01,E-2,444.2,40.0,31.0,139.276,,0.22,23.6,3.8,0.42,6.096074128261307,14000,729.7000731528896,735.7961472811509,732.7481102170202,,0.78
2022-11-01,E-2,440.5,40.0,30.0,131.848,,0.22,23.6,3.8,0.42,6.096074128261307,14000,729.7000731528896,735.7961472811509,732.7481102170202,,0.78
2022-12-01,E-2,433.8,40.0,31.0,135.485,,0.22,23.6,3.8,0.42,6.096074128261307,14000,729.7000731528896,735.7961472811509,732.7481102170202,,0.78
2023-01-01,E-2,437.7,40.0,31.0,124.125,,0.22,23.6,3.8,0.42,6.096074128261307,14000,729.7000731528896,735.7961472811509,732.7481102170202,,0.78
2023-02-01,E-2,435.1,40.0,28.0,113.285,,0.22,23.6,3.8,0.42,6.096074128261307,14000,729.7000731528896,735.7961472811509,732.7481102170202,,0.78
2023-03-01,E-2,426.6,40.0,31.0,130.437,,0.22,23.6,3.8,0.42,6.096074128261307,14000,729.7000731528896,735.7961472811509,732.7481102170202,,0.78
2023-04-01,E-2,322.8,,,,,0.22,23.6,3.8,0.42,6.096074128261307,14000,729.7000731528896,735.7961472811509,732.7481102170202,,0.78
2023-05-01,E-2,327.1,40.0,31.0,191.956,,0.22,23.6,3.8,0.42,6.096074128261307,14000,729.7000731528896,735.7961472811509,732.7481102170202,,0.78
2023-06-01,E-2,312.1,40.0,30.0,188.556,,0.22,23.6,3.8,0.42,6.096074128261307,14000,729.7000731528896,735.7961472811509,732.7481102170202,,0.78
2023-07-01,E-2,317.5,64.0,31.0,191.718,,0.22,23.6,3.8,0.42,6.096074128261307,14000,729.7000731528896,735.7961472811509,732.7481102170202,,0.78
2023-08-01,E-2,319.2,64.0,31.0,187.344,,0.22,23.6,3.8,0.42,6.096074128261307,14000,729.7000731528896,735.7961472811509,732.7481102170202,,0.78
2023-09-01,E-2,314.6,64.0,30.0,179.493,,0.22,23.6,3.8,0.42,6.096074128261307,14000,729.7000731528896,735.7961472811509,732.7481102170202,,0.78
2023-10-01,E-2,326.7,64.0,29.0,177.764,,0.22,23.6,3.8,0.42,6.096074128261307,14000,729.7000731528896,735.7961472811509,732.7481102170202,,0.78
2023-11-01,E-2,377.8,48.0,30.0,143.515,,0.22,23.6,3.8,0.42,6.096074128261307,14000,729.7000731528896,735.7961472811509,732.7481102170202,,0.78
2023-12-01,E-2,371.3,48.0,31.0,158.051,,0.22,23.6,3.8,0.42,6.096074128261307,14000,729.7000731528896,735.7961472811509,732.7481102170202,,0.78
2024-01-01,E-2,268.4,128.0,31.0,173.487,,0.22,23.6,3.8,0.42,6.096074128261307,14000,729.7000731528896,735.7961472811509,732.7481102170202,,0.78
2024-02-01,E-2,261.2,128.0,29.0,187.345,,0.22,23.6,3.8,0.42,6.096074128261307,14000,729.7000731528896,735.7961472811509,732.7481102170202,,0.78
2024-03-01,E-2,276.8,128.0,31.0,198.774,,0.22,23.6,3.8,0.42,6.096074128261307,14000,729.7000731528896,735.7961472811509,732.7481102170202,,0.78
2024-04-01,E-2,265.5,128.0,30.0,171.32,,0.22,23.6,3.8,0.42,6.096074128261307,14000,729.7000731528896,735.7961472811509,732.7481102170202,,0.78
2024-05-01,E-2,275.6,128.0,31.0,183.992,,0.22,23.6,3.8,0.42,6.096074128261307,14000,729.7000731528896,735.7961472811509,732.7481102170202,,0.78
2024-06-01,E-2,246.9,128.0,30.0,192.123,,0.22,23.6,3.8,0.42,6.096074128261307,14000,729.7000731528896,735.7961472811509,732.7481102170202,,0.78
2024-07-01,E-2,228.1,128.0,31.0,194.214,,0.22,23.6,3.8,0.42,6.096074128261307,14000,729.7000731528896,735.7961472811509,732.7481102170202,,0.78
2024-08-01,E-2,235.6,128.0,31.0,178.719,,0.22,23.6,3.8,0.42,6.096074128261307,14000,729.7000731528896,735.7961472811509,732.7481102170202,,0.78
2024-09-01,E-2,233.4,128.0,30.0,163.623,,0.22,23.6,3.8,0.42,6.096074128261307,14000,729.7000731528896,735.7961472811509,732.7481102170202,,0.78
2024-10-01,E-2,223.4,128.0,31.0,143.763,,0.22,23.6,3.8,0.42,6.096074128261307,14000,729.7000731528896,735.7961472811509,732.7481102170202,,0.78
2024-11-01,E-2,238.5,128.0,30.0,112.254,,0.22,23.6,3.8,0.42,6.096074128261307,14000,729.7000731528896,735.7961472811509,732.7481102170202,,0.78
2024-12-01,E-2,229.6,128.0,31.0,106.924,,0.22,23.6,3.8,0.42,6.096074128261307,14000,729.7000731528896,735.7961472811509,732.7481102170202,,0.78
2025-01-01,E-2,236.8,128.0,31.0,137.648,,0.22,23.6,3.8,0.42,6.096074128261307,14000,729.7000731528896,735.7961472811509,732.7481102170202,,0.78
2025-02-01,E-2,235.5,128.0,24.0,122.895,,0.22,23.6,3.8,0.42,6.096074128261307,14000,729.7000731528896,735.7961472811509,732.7481102170202,,0.78
2025-03-01,E-2,226.5,128.0,27.0,163.161,,0.22,23.6,3.8,0.42,6.096074128261307,14000,729.7000731528896,735.7961472811509,732.7481102170202,,0.78
2025-04-01,E-2,234.4,128.0,30.0,141.786,,0.22,23.6,3.8,0.42,6.096074128261307,14000,729.7000731528896,735.7961472811509,732.7481102170202,,0.78
2025-05-01,E-2,220.9,128.0,31.0,143.86,,0.22,23.6,3.8,0.42,6.096074128261307,14000,729.7000731528896,735.7961472811509,732.7481102170202,,0.78
2025-06-01,E-2,219.5,128.0,30.0,146.717,,0.22,23.6,3.8,0.42,6.096074128261307,14000,729.7000731528896,735.7961472811509,732.7481102170202,,0.78
