well,date,gas_mmcf,water_bbl,prod_days,choke_64ths,whfp_psig,line_pressure_psig,bhp_psig
M-11-HRL,1978-03-01,27.372,0.0,,,,,
M-11-HRL,1978-04-01,321.709,47.7,,,,,
M-11-HRL,1978-05-01,299.598,82.46,,,,,
M-11-HRL,1978-06-01,235.951,179.1,,,,,
M-11-HRL,1978-07-01,240.72,145.08,,,,,
M-11-HRL,1978-08-01,212.884,129.27,,,,,
M-11-HRL,1978-09-01,199.322,222.9,,,,,
M-11-HRL,1978-10-01,226.356,442.37,,,,,
M-11-HRL,1978-11-01,168.136,440.4,,,,,
M-11-HRL,1978-12-01,198.517,265.36,,,,,
M-11-HRL,1979-01-01,0.0,0.0,,,,,
M-11-HRL,1979-02-01,0.0,0.0,,,,,
M-11-HRL,1979-03-01,118.452,159.96,,,,,
M-11-HRL,1979-04-01,146.024,123.6,,,,,
M-11-HRL,1979-05-01,165.603,312.48,,,,,
M-11-HRL,1979-06-01,24.634,97.5,,,,,
M-11-HRL,1979-07-01,0.0,0.0,,,,,
M-11-HRL,1979-08-01,0.0,0.0,,,,,
M-11-HRL,1979-09-01,30.209,10.5,,,,,
M-11-HRL,1979-10-01,118.641,156.86,,,,,
M-11-HRL,1979-11-01,155.418,180.0,,,,,
M-11-HRL,1979-12-01,150.461,70.68,,,,,
M-11-HRL,1980-01-01,94.658,337.59,,,,,
M-11-HRL,1980-02-01,0.0,0.0,,,,,
M-11-HRL,1980-03-01,0.0,0.0,,,,,
M-11-HRL,1980-04-01,0.0,0.0,,,,,
M-11-HRL,1980-05-01,0.0,0.0,,,,,
M-11-HRL,1980-06-01,0.0,0.0,,,,,
M-11-HRL,1980-07-01,0.0,0.0,,,,,
M-11-HRL,1980-08-01,0.0,0.0,,,,,
M-11-HRL,1980-09-01,56.075,36.3,,,,,
M-11-HRL,1980-10-01,59.831,41.54,,,,,
M-11-HRL,1980-11-01,0.0,0.0,,,,,
M-11-HRL,1980-12-01,0.0,0.0,,,,,
M-11-HRL,1981-01-01,0.0,0.0,,,,,
M-11-HRL,1981-02-01,0.0,0.0,,,,,
M-11-HRL,1981-03-01,0.0,0.0,,,,,
M-11-HRL,1981-04-01,0.0,0.0,,,,,
M-11-HRL,1981-05-01,0.0,0.0,,,,,
M-11-HRL,1981-06-01,0.0,0.0,,,,,
M-11-HRL,1981-07-01,0.0,0.0,,,,,
M-11-HRL,1981-08-01,0.0,0.0,,,,,
M-11-HRL,1981-09-01,0.0,0.0,,,,,
M-11-HRL,1981-10-01,4.164,0.0,,,,,
M-11-HRL,1981-11-01,140.605,400.2,,,,,
M-11-HRL,1981-12-01,197.513,66.65,,,,,
M-11-HRL,1982-01-01,193.655,252.65,,,,,
M-11-HRL,1982-02-01,134.124,156.52,,,,,
M-11-HRL,1982-03-01,170.499,198.71,,,,,
M-11-HRL,1982-04-01,145.749,169.8,,,,,
M-11-HRL,1982-05-01,152.71,177.94,,,,,
M-11-HRL,1982-06-01,171.762,200.4,,,,,
M-11-HRL,1982-07-01,170.531,198.71,,,,,
M-11-HRL,1982-08-01,173.152,201.81,,,,,
M-11-HRL,1982-09-01,171.936,200.4,,,,,
M-11-HRL,1982-10-01,139.986,163.06,,,,,
M-11-HRL,1982-11-01,109.871,191.1,,,,,
M-11-HRL,1982-12-01,171.558,199.95,,,,,
M-11-HRL,1983-01-01,172.481,201.19,,,,,
M-11-HRL,1983-02-01,142.888,66.08,,,,,
M-11-HRL,1983-03-01,0.0,0.0,,,,,
M-11-HRL,1983-04-01,0.0,0.0,,,,,
M-11-HRL,1983-05-01,0.0,0.0,,,,,
M-11-HRL,1983-06-01,0.0,0.0,,,,,
M-11-HRL,1983-07-01,59.825,69.75,,,,,
M-11-HRL,1983-08-01,209.678,244.59,,,,,
M-11-HRL,1983-09-01,164.141,398.7,,,,,
M-11-HRL,1983-10-01,190.42,669.29,,,,,
M-11-HRL,1983-11-01,148.252,538.2,,,,,
M-11-HRL,1983-12-01,132.866,366.11,,,,,
M-11-HRL,1984-01-01,130.908,81.952,,,,,
M-11-HRL,1984-02-01,141.979,95.238,,,,,
M-11-HRL,1984-03-01,65.894,84.714,,,,,
M-11-HRL,1984-04-01,95.856,2.571,,,,,
M-11-HRL,1984-05-01,109.475,181.048,,,,,
M-11-HRL,1984-06-01,132.301,218.81,,,,,
M-11-HRL,1984-07-01,120.049,198.548,,,,,
M-11-HRL,1984-08-01,115.088,190.333,,,,,
M-11-HRL,1984-09-01,114.661,189.619,,,,,
M-11-HRL,1984-10-01,120.891,199.952,,,,,
M-11-HRL,1984-11-01,131.669,217.762,,,,,
M-11-HRL,1984-12-01,128.976,202.0,,,,,
M-11-HRL,1985-01-01,118.87,196.595,,,,,
M-11-HRL,1985-02-01,112.961,186.81,,,,,
M-11-HRL,1985-03-01,64.08,121.643,,,,,
M-11-HRL,1985-04-01,101.345,167.595,,,,,
M-11-HRL,1985-05-01,108.553,179.524,,,,,
M-11-HRL,1985-06-01,135.155,223.524,,,,,
M-11-HRL,1985-07-01,122.401,202.429,,,,,
M-11-HRL,1985-08-01,156.891,283.786,,,,,
M-11-HRL,1985-09-01,179.442,358.381,,,,,
M-11-HRL,1985-10-01,102.132,203.976,,,,,
M-11-HRL,1985-11-01,137.704,275.024,,,,,
M-11-HRL,1985-12-01,123.836,248.857,,,,,
M-11-HRL,1986-01-01,0.0,0.0,,,,,
M-11-HRL,1986-02-01,0.0,0.0,,,,,
M-11-HRL,1986-03-01,12.883,21.31,,,,,
M-11-HRL,1986-04-01,21.637,35.786,,,,,
M-11-HRL,1986-05-01,0.0,0.0,,,,,
M-11-HRL,1986-06-01,0.0,0.0,,,,,
M-11-HRL,1986-07-01,0.0,0.0,,,,,
M-11-HRL,1986-08-01,0.0,0.0,,,,,
M-11-HRL,1986-09-01,0.0,0.0,,,,,
M-11-HRL,1986-10-01,0.0,0.0,,,,,
M-11-HRL,1986-11-01,0.0,0.0,,,,,
M-11-HRL,1986-12-01,118.835,196.524,,,,,
M-11-HRL,1987-01-01,121.611,201.119,,,,,
M-11-HRL,1987-02-01,97.494,144.238,,,,,
M-11-HRL,1987-03-01,10.877,0.286,,,,,
M-11-HRL,1987-04-01,0.0,0.0,,,,,
M-11-HRL,1987-05-01,0.0,0.0,,,,,
M-11-HRL,1987-06-01,0.0,0.0,,,,,
M-11-HRL,1987-07-01,0.0,0.0,,,,,
M-11-HRL,1987-08-01,0.0,0.0,,,,,
M-11-HRL,1987-09-01,0.0,0.0,,,,,
M-11-HRL,1987-10-01,0.0,0.0,,,,,
M-11-HRL,1987-11-01,0.0,0.0,,,,,
M-11-HRL,1987-12-01,32.666,0.857,,,,,
M-11-HRL,1988-01-01,72.148,1.905,,,,,
M-11-HRL,1988-02-01,94.765,84.81,,,,,
M-11-HRL,1988-03-01,69.236,20.762,,,,,
M-11-HRL,1988-04-01,53.944,1.5,,,,,
M-11-HRL,1988-05-01,72.34,1.952,,,,,
M-11-HRL,1988-06-01,78.959,68.738,,,,,
M-11-HRL,1988-07-01,68.892,56.357,,,,,
M-11-HRL,1988-08-01,64.099,1.571,,,,,
M-11-HRL,1988-09-01,65.885,1.643,,,,,
M-11-HRL,1988-10-01,62.349,43.333,,,,,
M-11-HRL,1988-11-01,59.808,42.714,,,,,1053.0
M-11-HRL,1988-12-01,76.573,58.048,,,,,
M-11-HRL,1989-01-01,49.788,36.333,,,,,
M-11-HRL,1989-02-01,48.84,35.619,,,,,
M-11-HRL,1989-03-01,51.427,37.595,,,,,
M-11-HRL,1989-04-01,81.133,59.738,,,,,
M-11-HRL,1989-05-01,95.226,68.976,,,,,
M-11-HRL,1989-06-01,97.504,68.214,,,,,
M-11-HRL,1989-07-01,95.986,56.762,,,,,
M-11-HRL,1989-08-01,102.142,72.905,,,,,
M-11-HRL,1989-09-01,85.773,62.548,,,,,
M-11-HRL,1989-10-01,75.537,106.381,,,,,
M-11-HRL,1989-11-01,68.488,99.095,,,,,
M-11-HRL,1989-12-01,79.885,114.833,,,,,
M-11-HRL,1990-01-01,76.144,107.548,,,,,
M-11-HRL,1990-02-01,66.881,95.429,,,,,
M-11-HRL,1990-03-01,85.708,119.881,,,,,
M-11-HRL,1990-04-01,69.038,96.929,,,,,
M-11-HRL,1990-05-01,55.877,79.476,,,,,1067.0
M-11-HRL,1990-06-01,77.526,109.738,,,793.1,,
M-11-HRL,1990-07-01,70.902,98.738,,,,,
M-11-HRL,1990-08-01,65.268,94.69,,,,,
M-11-HRL,1990-09-01,69.106,95.476,,,829.3,,
M-11-HRL,1990-10-01,58.766,84.69,,,,,
M-11-HRL,1990-11-01,56.261,81.0,,,,,
M-11-HRL,1990-12-01,121.573,173.095,,,,,
M-11-HRL,1991-01-01,93.491,183.929,,,,,
M-11-HRL,1991-02-01,67.325,153.881,,,,,
M-11-HRL,1991-03-01,78.954,167.381,,,,,
M-11-HRL,1991-04-01,64.961,133.857,,,,,
M-11-HRL,1991-05-01,55.234,113.857,,,,,
M-11-HRL,1991-06-01,47.188,93.0,,,,,
M-11-HRL,1991-07-01,52.601,61.19,,,,,
M-11-HRL,1991-08-01,55.921,65.595,,,,,
M-11-HRL,1991-09-01,49.835,58.81,,,,,
M-11-HRL,1991-10-01,42.74,50.357,,,,,
M-11-HRL,1991-11-01,51.72,60.952,,,,,1048.0
M-11-HRL,1991-12-01,40.637,47.905,,,,,
M-11-HRL,1992-01-01,45.285,53.0,,,,,
M-11-HRL,1992-02-01,66.341,78.452,,,,,1034.0
M-11-HRL,1992-03-01,81.794,97.048,,,,,
M-11-HRL,1992-04-01,72.651,85.5,,,,,
M-11-HRL,1992-05-01,95.519,113.976,,,,,
M-11-HRL,1992-06-01,62.85,73.738,,,,,
M-11-HRL,1992-07-01,35.158,41.619,,,,,
M-11-HRL,1992-08-01,0.0,0.0,,,,,
M-11-HRL,1992-09-01,38.332,44.19,,,,,
M-11-HRL,1992-10-01,71.369,184.881,,,,,
M-11-HRL,1992-11-01,53.79,136.786,,,,,
M-11-HRL,1992-12-01,47.587,122.0,,,,,
M-11-HRL,1993-01-01,56.035,145.452,,,,,
M-11-HRL,1993-02-01,64.407,169.786,,,,,
M-11-HRL,1993-03-01,58.83,152.048,,,,,
M-11-HRL,1993-04-01,69.551,179.214,,,,,
M-11-HRL,1993-05-01,56.758,146.952,,,,,
M-11-HRL,1993-06-01,49.156,125.976,,,,,
M-11-HRL,1993-07-01,53.504,25.381,,,,,
M-11-HRL,1993-08-01,42.018,19.929,,,,,1022.0
M-11-HRL,1993-09-01,31.903,15.19,,,,,
M-11-HRL,1993-10-01,52.63,25.119,,,,,
M-11-HRL,1993-11-01,49.105,23.643,,,,,
M-11-HRL,1993-12-01,47.382,22.69,,,,,
M-11-HRL,1994-01-01,49.216,23.143,,,,,
M-11-HRL,1994-02-01,48.047,1.738,,,,,
M-11-HRL,1994-03-01,53.686,24.976,,,,,
M-11-HRL,1994-04-01,55.833,26.071,,,,,
M-11-HRL,1994-05-01,62.321,15.048,,,,,
M-11-HRL,1994-06-01,51.284,12.452,,,,,
M-11-HRL,1994-07-01,52.643,12.738,,,,,
M-11-HRL,1994-08-01,53.201,12.81,,,,,
M-11-HRL,1994-09-01,51.731,12.571,,,,,
M-11-HRL,1994-10-01,30.612,7.262,,,,,1011.0
M-11-HRL,1994-11-01,52.515,12.5,,,,,
M-11-HRL,1994-12-01,53.486,12.881,,,,,
M-11-HRL,1995-01-01,52.968,12.643,,,818.5,,
M-11-HRL,1995-02-01,48.694,11.643,,,810.4,,
M-11-HRL,1995-03-01,53.059,12.667,,,,,
M-11-HRL,1995-04-01,38.684,9.262,,,808.9,,
M-11-HRL,1995-05-01,52.389,14.881,,,778.2,,
M-11-HRL,1995-06-01,53.485,15.048,,,,,
M-11-HRL,1995-07-01,56.618,15.81,,,,,
M-11-HRL,1995-08-01,55.929,14.333,,,798.5,,
M-11-HRL,1995-09-01,51.283,13.19,,,790.8,,
M-11-HRL,1995-10-01,102.77,26.5,,,764.7,,
M-11-HRL,1995-11-01,98.209,249.476,,,752.0,,
M-11-HRL,1995-12-01,30.083,75.881,,,800.5,,
M-11-HRL,1996-01-01,50.803,127.571,,,753.0,,
M-11-HRL,1996-02-01,61.841,157.238,,,773.3,,
M-11-HRL,1996-03-01,78.171,196.333,,,,,
M-11-HRL,1996-04-01,70.336,198.119,,,763.1,,
M-11-HRL,1996-05-01,78.315,128.69,,,732.8,,
M-11-HRL,1996-06-01,43.627,110.976,,,733.0,,
M-11-HRL,1996-07-01,87.492,264.714,,,734.7,,
M-11-HRL,1996-08-01,71.772,216.524,,,749.5,,
M-11-HRL,1996-09-01,39.597,120.167,,,804.0,,
M-11-HRL,1996-10-01,38.324,77.762,,,804.0,,
M-11-HRL,1996-11-01,83.729,167.048,,,803.0,,
M-11-HRL,1996-12-01,94.585,188.881,,,745.1,,
M-11-HRL,1997-01-01,74.181,149.738,,,,,977.0
M-11-HRL,1997-02-01,56.054,114.238,,,,,
M-11-HRL,1997-03-01,60.449,121.833,,,,,
M-11-HRL,1997-04-01,62.021,126.262,,,,,
M-11-HRL,1997-05-01,61.229,123.476,,,,,
M-11-HRL,1997-06-01,59.192,120.286,,,,,
M-11-HRL,1997-07-01,59.967,121.262,,,,,
M-11-HRL,1997-08-01,65.735,132.786,,,,,
M-11-HRL,1997-09-01,76.06,53.071,,,,,
M-11-HRL,1997-10-01,97.423,43.476,,,,,
M-11-HRL,1997-11-01,83.658,9.429,,,,,
M-11-HRL,1997-12-01,60.36,1.524,,,,,
M-11-HRL,1998-01-01,64.154,1.738,,,,,
M-11-HRL,1998-02-01,58.403,1.452,,,,,
M-11-HRL,1998-03-01,73.76,1.833,,,,,973.0
M-11-HRL,1998-04-01,73.377,1.833,,,,,
M-11-HRL,1998-05-01,76.021,4.024,,,,,
M-11-HRL,1998-06-01,19.926,1.048,,,,,
M-11-HRL,1998-07-01,95.507,77.5,,,753.2,,
M-11-HRL,1998-08-01,110.06,179.452,,,,,
M-11-HRL,1998-09-01,80.116,27.357,,,,,
M-11-HRL,1998-10-01,66.726,1.476,,,,,
M-11-HRL,1998-11-01,67.758,1.5,,,,,
M-11-HRL,1998-12-01,71.911,38.071,,,,,
M-11-HRL,1999-01-01,74.533,33.595,,,,,
M-11-HRL,1999-02-01,75.79,68.238,,,715.3,,
M-11-HRL,1999-03-01,71.49,64.31,,,,,
M-11-HRL,1999-04-01,74.163,2.071,,,,,
M-11-HRL,1999-05-01,91.38,2.548,,,,,
M-11-HRL,1999-06-01,78.705,2.024,,,,,
M-11-HRL,1999-07-01,70.979,1.833,,,694.5,,
M-11-HRL,1999-08-01,67.553,1.071,,,685.5,,
M-11-HRL,1999-09-01,81.77,1.31,,,,,
M-11-HRL,1999-10-01,79.747,3.048,,,690.2,,
M-11-HRL,1999-11-01,79.459,67.976,,,,,
M-11-HRL,1999-12-01,177.683,432.452,,,,,
M-11-HRL,2000-01-01,109.359,232.071,,,,,
M-11-HRL,2000-02-01,56.396,119.095,,,,,
M-11-HRL,2000-03-01,117.328,93.381,,,,,
M-11-HRL,2000-04-01,91.395,61.024,,,,,
M-11-HRL,2000-05-01,74.774,49.929,,,687.0,,
M-11-HRL,2000-06-01,45.902,30.643,,,674.1,,
M-11-HRL,2000-07-01,85.879,57.286,,,,,936.0
M-11-HRL,2000-08-01,58.352,38.929,,,682.5,,
M-11-HRL,2000-09-01,55.434,36.905,,,,,
M-11-HRL,2000-10-01,60.874,40.714,,,,,
M-11-HRL,2000-11-01,54.077,2.714,,,691.6,,
M-11-HRL,2000-12-01,59.571,4.357,,,,,
M-11-HRL,2001-01-01,71.572,5.786,,,679.8,,
M-11-HRL,2001-02-01,57.393,4.619,,,704.8,,
M-11-HRL,2001-03-01,50.839,1.976,,,690.0,,
M-11-HRL,2001-04-01,50.743,1.976,,,,,
M-11-HRL,2001-05-01,51.303,2.0,,,685.3,,
M-11-HRL,2001-06-01,46.802,1.81,,,675.8,,
M-11-HRL,2001-07-01,32.464,1.262,,,677.6,,
M-11-HRL,2001-08-01,31.724,0.857,,,672.4,,921.0
M-11-HRL,2001-09-01,33.232,0.905,,,676.5,,
M-11-HRL,2001-10-01,36.216,2.476,,,673.3,,
M-11-HRL,2001-11-01,34.358,2.381,,,673.3,,
M-11-HRL,2001-12-01,35.865,2.452,,,660.3,,
M-11-HRL,2002-01-01,33.188,79.476,,,,,
M-11-HRL,2002-02-01,37.239,88.81,,,661.7,,
M-11-HRL,2002-03-01,34.114,81.714,,,677.5,,
M-11-HRL,2002-04-01,42.285,101.786,,,663.5,,
M-11-HRL,2002-05-01,48.609,116.548,,,663.4,,
M-11-HRL,2002-06-01,38.742,93.19,,,669.3,,
M-11-HRL,2002-07-01,42.356,101.333,,,,,
M-11-HRL,2002-08-01,44.816,15.31,,,663.3,,
M-11-HRL,2002-09-01,48.317,16.5,,,,,909.0
M-11-HRL,2002-10-01,50.078,17.071,,,660.8,,
M-11-HRL,2002-11-01,42.729,14.571,,,649.7,,
M-11-HRL,2002-12-01,50.392,3.548,,,654.1,,
M-11-HRL,2003-01-01,55.688,3.929,,,654.1,,
M-11-HRL,2003-02-01,40.492,2.857,,,648.6,,
M-11-HRL,2003-03-01,50.372,3.548,,,648.8,,
M-11-HRL,2003-04-01,39.274,2.762,,,648.5,,
M-11-HRL,2003-05-01,36.295,2.571,,,643.4,,
M-11-HRL,2003-06-01,46.684,3.31,,,645.6,,
M-11-HRL,2003-07-01,60.551,4.286,,,,,
M-11-HRL,2003-08-01,40.847,2.881,,,660.6,,
M-11-HRL,2003-09-01,42.708,3.024,,,,,897.0
M-11-HRL,2003-10-01,40.042,2.833,,,,,
M-11-HRL,2003-11-01,31.168,3.381,,,,,
M-11-HRL,2003-12-01,40.89,4.429,,,,,
M-11-HRL,2004-01-01,38.382,21.81,,,657.4,,
M-11-HRL,2004-02-01,34.082,2.405,,,656.9,,
M-11-HRL,2004-03-01,41.734,43.929,,,665.8,,
M-11-HRL,2004-04-01,48.783,51.357,,,670.1,,
M-11-HRL,2004-05-01,36.356,2.905,,,659.4,,
M-11-HRL,2004-06-01,37.49,3.095,,,650.1,,
M-11-HRL,2004-07-01,37.075,1.69,,,662.0,,
M-11-HRL,2004-08-01,33.714,2.214,,,658.8,,874.0
M-11-HRL,2004-09-01,37.267,6.81,,,656.8,,
M-11-HRL,2004-10-01,50.475,91.81,,,651.3,,
M-11-HRL,2004-11-01,72.691,169.452,,,653.4,,
M-11-HRL,2004-12-01,35.8,3.595,,,653.8,,
M-11-HRL,2005-01-01,36.949,3.667,,,657.7,,
M-11-HRL,2005-02-01,34.212,4.286,,,651.1,,
M-11-HRL,2005-03-01,46.136,29.024,,,675.6,,
M-11-HRL,2005-04-01,52.313,33.0,,,660.1,,
M-11-HRL,2005-05-01,87.3,334.071,,,624.7,,
M-11-HRL,2005-06-01,80.686,270.024,,,614.2,,
M-11-HRL,2005-07-01,84.446,298.5,,,611.4,,
M-11-HRL,2005-08-01,87.22,320.357,,,615.7,,
M-11-HRL,2005-09-01,62.418,225.333,,,614.0,,
M-11-HRL,2005-10-01,65.965,205.524,,,619.5,,853.0
M-11-HRL,2005-11-01,74.37,311.857,,,615.8,,
M-11-HRL,2005-12-01,80.23,395.881,,,611.8,,
M-11-HRL,2006-01-01,90.386,452.071,,,628.0,,843.0
M-11-HRL,2006-02-01,60.359,275.452,,,603.8,,
M-11-HRL,2006-03-01,54.666,244.952,,,605.5,,
M-11-HRL,2006-04-01,75.227,333.952,,,628.9,,
M-11-HRL,2006-05-01,80.474,357.905,,,602.6,,
M-11-HRL,2006-06-01,82.334,371.738,,,600.2,,
M-11-HRL,2006-07-01,83.213,373.667,,,599.6,,
M-11-HRL,2006-08-01,92.43,452.571,,,595.4,,
M-11-HRL,2006-09-01,64.128,279.024,,,602.2,,
M-11-HRL,2006-10-01,87.566,358.381,,,593.6,,
M-11-HRL,2006-11-01,83.499,334.452,,,594.7,,
M-11-HRL,2006-12-01,91.419,366.286,,,590.4,,
M-11-HRL,2007-01-01,51.621,188.667,,,585.8,,
M-11-HRL,2007-02-01,44.963,60.786,,,626.6,,
M-11-HRL,2007-03-01,39.672,31.5,,,611.2,,829.0
M-11-HRL,2007-04-01,30.879,1.286,,,615.9,,
M-11-HRL,2007-05-01,32.808,1.452,,,607.1,,
M-11-HRL,2007-06-01,30.918,0.69,,,616.3,,
M-11-HRL,2007-07-01,37.388,36.619,,,603.7,,
M-11-HRL,2007-08-01,40.546,35.667,,,612.9,,
M-11-HRL,2007-09-01,35.253,27.929,,,635.4,,
M-11-HRL,2007-10-01,31.227,3.286,,,606.5,,
M-11-HRL,2007-11-01,39.793,5.762,,,569.6,,
M-11-HRL,2007-12-01,45.784,6.619,,,599.9,,
M-11-HRL,2008-01-01,55.11,97.976,,,605.1,,
M-11-HRL,2008-02-01,47.135,50.31,,,618.2,,
M-11-HRL,2008-03-01,39.997,43.595,,,620.0,,
M-11-HRL,2008-04-01,35.207,21.357,,,598.8,,
M-11-HRL,2008-05-01,40.555,37.619,,,595.2,,815.0
M-11-HRL,2008-06-01,44.5,34.31,,,597.4,,
M-11-HRL,2008-07-01,49.938,37.976,,,608.1,,
M-11-HRL,2008-08-01,45.215,50.524,,,602.3,,
M-11-HRL,2008-09-01,43.895,54.667,,,617.8,,
M-11-HRL,2008-10-01,54.588,68.0,,,690.3,,
M-11-HRL,2008-11-01,54.236,91.429,,,613.3,,
M-11-HRL,2008-12-01,39.478,58.286,,,607.7,,
M-11-HRL,2009-01-01,41.959,61.952,,,609.6,,
M-11-HRL,2009-02-01,28.778,9.738,,,581.3,,808.0
M-11-HRL,2009-03-01,40.169,59.31,,,577.3,,
M-11-HRL,2009-04-01,42.942,87.095,,,614.3,,
M-11-HRL,2009-05-01,39.063,7.714,,,598.6,,
M-11-HRL,2009-06-01,57.499,11.357,,,575.5,,
M-11-HRL,2009-07-01,48.795,9.238,,,577.3,,
M-11-HRL,2009-08-01,46.375,8.786,,,573.7,,
M-11-HRL,2009-09-01,46.609,8.833,,,582.2,,
M-11-HRL,2009-10-01,42.262,8.571,,,592.5,,
M-11-HRL,2009-11-01,46.192,102.119,,,563.2,,
M-11-HRL,2009-12-01,47.212,93.595,,,557.9,,
M-11-HRL,2010-01-01,46.881,92.929,,,553.5,,802.0
M-11-HRL,2010-02-01,46.719,141.429,,,555.2,,
M-11-HRL,2010-03-01,59.466,176.238,,,564.8,,
M-11-HRL,2010-04-01,47.644,56.905,,,552.3,,
M-11-HRL,2010-05-01,75.021,324.952,,,553.2,,
M-11-HRL,2010-06-01,56.038,161.262,,,543.5,,
M-11-HRL,2010-07-01,60.342,191.905,,,539.1,,
M-11-HRL,2010-08-01,84.456,616.643,,,538.8,,
M-11-HRL,2010-09-01,55.482,269.405,,,530.8,,
M-11-HRL,2010-10-01,69.378,307.048,,,537.3,,
M-11-HRL,2010-11-01,74.79,242.357,,,520.9,,
M-11-HRL,2010-12-01,52.696,182.905,,,531.5,,
M-11-HRL,2011-01-01,60.401,229.786,,,533.7,,779.0
M-11-HRL,2011-02-01,37.056,41.738,,,526.4,,
M-11-HRL,2011-03-01,41.981,44.833,,,532.1,,
M-11-HRL,2011-04-01,47.464,89.81,,,521.2,,
M-11-HRL,2011-05-01,69.282,147.476,,,519.5,,
M-11-HRL,2011-06-01,73.424,250.238,,,531.3,,
M-11-HRL,2011-07-01,85.974,414.548,,,518.5,,
M-11-HRL,2011-08-01,59.008,302.929,,,509.3,,
M-11-HRL,2011-09-01,65.885,382.929,,,521.5,,
M-11-HRL,2011-10-01,31.951,4.738,,,513.5,,
M-11-HRL,2011-11-01,46.729,54.643,,,523.7,,
M-11-HRL,2011-12-01,39.898,46.643,,,523.1,,
M-11-HRL,2012-01-01,84.288,445.952,,,517.2,,762.0
M-11-HRL,2012-02-01,57.308,295.929,,,512.4,,
M-11-HRL,2012-03-01,70.016,307.524,,,51.3,,
M-11-HRL,2012-04-01,95.908,582.119,,,508.5,,
M-11-HRL,2012-05-01,68.497,418.19,,,511.2,,
M-11-HRL,2012-06-01,45.951,262.595,,,495.2,,
M-11-HRL,2012-07-01,55.308,345.929,,,491.3,,
M-11-HRL,2012-08-01,58.134,256.214,,,507.5,,
M-11-HRL,2012-09-01,31.466,76.238,,,508.8,,
M-11-HRL,2012-10-01,48.331,126.19,,,487.2,,
M-11-HRL,2012-11-01,67.832,382.31,,,502.3,,
M-11-HRL,2012-12-01,33.678,107.619,,,501.8,,
M-11-HRL,2013-01-01,37.953,76.429,,,497.9,,
M-11-HRL,2013-02-01,27.99,5.738,,,503.9,,
M-11-HRL,2013-03-01,50.444,10.357,,,505.3,,
M-11-HRL,2013-04-01,56.142,12.762,,,506.6,,
M-11-HRL,2013-05-01,55.642,12.643,,,495.5,,
M-11-HRL,2013-06-01,58.067,13.19,,,496.3,,
M-11-HRL,2013-07-01,47.54,10.81,,,485.0,,
M-11-HRL,2013-08-01,45.91,10.429,,,496.9,,
M-11-HRL,2013-09-01,63.972,14.5,,,489.5,,
M-11-HRL,2013-10-01,40.327,9.143,,,475.7,,
M-11-HRL,2013-11-01,79.731,18.119,,,475.6,,
M-11-HRL,2013-12-01,64.514,18.286,,,470.5,,
M-11-HRL,2014-01-01,67.615,19.19,,,483.2,,
M-11-HRL,2014-02-01,30.386,8.619,,,483.5,,
M-11-HRL,2014-03-01,31.681,8.976,,,474.3,,
M-11-HRL,2014-04-01,42.133,11.952,,,513.5,,
M-11-HRL,2014-05-01,43.264,12.262,,,492.4,,
M-11-HRL,2014-06-01,41.215,16.762,,,500.1,,
M-11-HRL,2014-07-01,32.82,1.119,,,461.5,,
M-11-HRL,2014-08-01,66.858,2.286,,,482.1,,
M-11-HRL,2014-09-01,78.607,8.452,,,478.9,,
M-11-HRL,2014-10-01,109.25,258.19,,,457.6,,
M-11-HRL,2014-11-01,69.099,163.31,,,464.0,,
M-11-HRL,2014-12-01,100.186,236.762,,,460.9,,767.0
M-11-HRL,2015-01-01,93.314,220.524,,,459.0,,
M-11-HRL,2015-02-01,81.12,191.69,,,454.5,,
M-11-HRL,2015-03-01,65.3,154.31,,,439.9,,
M-11-HRL,2015-04-01,86.572,204.595,,,456.5,,
M-11-HRL,2015-05-01,60.276,142.429,,,449.9,,
M-11-HRL,2015-06-01,103.179,243.857,,,446.4,,
M-11-HRL,2015-07-01,65.744,155.357,,,444.5,,
M-11-HRL,2015-08-01,93.476,222.143,31.0,48.0,439.7,430.2,
M-11-HRL,2015-09-01,44.192,104.048,30.0,48.0,429.7,428.3,
M-11-HRL,2015-10-01,56.577,133.167,31.0,48.0,464.9,428.9,
M-11-HRL,2015-11-01,46.731,110.024,30.0,48.0,530.0,425.0,
M-11-HRL,2015-12-01,108.67,256.595,31.0,48.0,429.4,419.5,
M-11-HRL,2016-01-01,94.528,223.262,31.0,48.0,421.6,406.4,
M-11-HRL,2016-02-01,100.424,237.143,29.0,48.0,420.9,407.6,
M-11-HRL,2016-03-01,84.711,200.048,24.0,48.0,421.8,393.9,695.0
M-11-HRL,2016-04-01,101.709,240.31,30.0,48.0,418.5,401.7,
M-11-HRL,2016-05-01,78.62,185.738,31.0,48.0,413.8,395.1,
M-11-HRL,2016-06-01,103.067,243.476,30.0,48.0,406.7,391.8,
M-11-HRL,2016-07-01,79.739,188.405,31.0,48.0,368.0,354.5,
M-11-HRL,2016-08-01,113.703,268.667,31.0,48.0,401.1,385.7,
M-11-HRL,2016-09-01,107.73,254.548,30.0,48.0,397.4,381.3,
M-11-HRL,2016-10-01,61.477,145.214,31.0,48.0,399.3,397.5,
M-11-HRL,2016-11-01,112.728,266.333,30.0,48.0,394.2,378.7,
M-11-HRL,2016-12-01,85.739,202.524,31.0,48.0,384.8,366.3,
M-11-HRL,2017-01-01,105.128,248.357,31.0,48.0,383.2,366.3,
M-11-HRL,2017-02-01,58.987,139.357,28.0,48.0,359.9,359.1,
M-11-HRL,2017-03-01,117.731,278.048,31.0,48.0,372.9,361.5,
M-11-HRL,2017-04-01,53.3,125.905,30.0,48.0,418.9,418.3,
M-11-HRL,2017-05-01,121.718,287.548,31.0,48.0,375.6,363.1,
M-11-HRL,2017-06-01,118.09,279.0,30.0,48.0,363.4,352.5,
M-11-HRL,2017-07-01,118.623,280.19,31.0,48.0,368.0,354.5,
M-11-HRL,2017-08-01,120.237,1339.619,31.0,48.0,361.9,350.0,
M-11-HRL,2017-09-01,110.413,1367.357,30.0,48.0,371.0,360.4,
M-11-HRL,2017-10-01,62.469,773.643,31.0,48.0,376.7,366.7,
M-11-HRL,2017-11-01,99.11,1227.191,30.0,48.0,395.1,393.5,
M-11-HRL,2017-12-01,114.352,1416.024,29.0,48.0,338.0,323.4,
M-11-HRL,2018-01-01,108.385,1342.167,27.0,48.0,349.0,321.8,650.0
M-11-HRL,2018-02-01,107.12,1326.524,28.0,48.0,372.3,359.2,
M-11-HRL,2018-03-01,118.081,1462.143,31.0,48.0,339.3,316.3,
M-11-HRL,2018-04-01,115.942,1364.31,30.0,48.0,320.5,293.2,
M-11-HRL,2018-05-01,76.49,1261.762,23.0,48.0,324.5,298.2,
M-11-HRL,2018-06-01,121.696,1974.833,30.0,48.0,331.2,305.7,
M-11-HRL,2018-07-01,119.406,1937.643,31.0,48.0,341.6,320.5,
M-11-HRL,2018-08-01,125.487,1964.381,31.0,48.0,312.5,282.8,
M-11-HRL,2018-09-01,120.631,1648.976,30.0,48.0,307.2,276.2,
M-11-HRL,2018-10-01,122.746,1519.952,31.0,48.0,308.1,282.0,
M-11-HRL,2018-11-01,115.0,1421.214,30.0,48.0,304.0,271.0,
M-11-HRL,2018-12-01,118.868,1471.905,31.0,48.0,358.7,340.0,
M-11-HRL,2019-01-01,100.339,1242.5,31.0,48.0,372.8,371.1,
M-11-HRL,2019-02-01,97.649,1209.452,28.0,48.0,325.7,305.1,
M-11-HRL,2019-03-01,107.322,1329.119,31.0,48.0,349.7,337.7,
M-11-HRL,2019-04-01,101.108,1252.191,30.0,48.0,331.0,317.0,
M-11-HRL,2019-05-01,112.526,1393.643,31.0,48.0,,,
M-11-HRL,2019-06-01,114.003,1385.095,30.0,48.0,321.4,303.4,
M-11-HRL,2019-07-01,105.081,1263.857,31.0,48.0,337.5,323.2,
M-11-HRL,2019-08-01,112.356,1383.905,31.0,48.0,328.7,314.0,
M-11-HRL,2019-09-01,102.005,1263.119,30.0,48.0,305.5,286.2,
M-11-HRL,2019-10-01,81.673,1011.31,31.0,48.0,326.3,322.4,
M-11-HRL,2019-11-01,76.143,943.0,30.0,48.0,355.0,347.4,
M-11-HRL,2019-12-01,90.201,1130.857,31.0,48.0,326.4,326.0,
M-11-HRL,2020-01-01,115.998,1480.429,31.0,48.0,300.2,274.5,
M-11-HRL,2020-02-01,86.018,1097.762,25.0,48.0,300.2,275.9,573.0
M-11-HRL,2020-03-01,98.26,1216.786,31.0,48.0,300.2,275.9,
M-11-HRL,2020-04-01,98.683,1222.024,30.0,48.0,,,
M-11-HRL,2020-05-01,98.448,1219.167,31.0,48.0,,,
M-11-HRL,2020-06-01,98.123,1214.905,30.0,48.0,,,
M-11-HRL,2020-07-01,113.876,1410.095,31.0,48.0,285.5,272.6,
M-11-HRL,2020-08-01,110.687,1370.595,31.0,48.0,286.4,267.6,
M-11-HRL,2020-09-01,106.907,1324.024,30.0,48.0,316.4,303.5,
M-11-HRL,2020-10-01,107.795,1334.976,31.0,48.0,287.6,265.2,
M-11-HRL,2020-11-01,72.809,901.571,30.0,48.0,313.0,292.6,
M-11-HRL,2020-12-01,109.145,1351.738,31.0,48.0,264.1,232.2,
M-11-HRL,2021-01-01,110.929,1373.667,31.0,48.0,297.5,278.8,
M-11-HRL,2021-02-01,83.742,1036.786,28.0,48.0,332.0,330.6,
M-11-HRL,2021-03-01,66.874,828.119,31.0,48.0,331.8,329.9,
M-11-HRL,2021-04-01,87.303,1081.119,30.0,48.0,296.8,276.1,
M-11-HRL,2021-05-01,104.964,1299.738,31.0,48.0,282.8,262.8,
M-11-HRL,2021-06-01,97.081,1228.81,30.0,48.0,282.8,262.8,
M-11-HRL,2021-07-01,102.398,1249.976,31.0,48.0,281.5,260.7,
M-11-HRL,2021-08-01,105.064,1743.024,31.0,48.0,278.5,257.4,
M-11-HRL,2021-09-01,52.669,873.881,16.0,48.0,518.7,,
M-11-HRL,2021-10-01,107.042,1775.929,31.0,48.0,270.4,247.5,
M-11-HRL,2021-11-01,96.526,1594.429,30.0,48.0,297.7,281.5,
M-11-HRL,2021-12-01,103.633,1718.952,30.0,48.0,264.5,239.5,
M-11-HRL,2022-01-01,103.011,1620.548,31.0,48.0,265.3,239.4,
M-11-HRL,2022-02-01,90.842,1507.286,28.0,48.0,274.5,254.6,
M-11-HRL,2022-03-01,103.187,1729.191,31.0,48.0,272.0,252.1,
M-11-HRL,2022-04-01,101.085,1676.881,30.0,48.0,254.0,228.5,
M-11-HRL,2022-05-01,103.504,1716.691,31.0,48.0,245.0,214.6,
M-11-HRL,2022-06-01,93.671,1553.833,28.0,48.0,250.6,223.8,
M-11-HRL,2022-07-01,96.478,1600.595,31.0,48.0,268.6,248.2,
M-11-HRL,2022-08-01,101.368,1681.548,31.0,48.0,242.3,211.7,
M-11-HRL,2022-09-01,98.373,1605.714,30.0,48.0,243.8,216.5,
M-11-HRL,2022-10-01,99.085,1617.643,31.0,48.0,257.4,234.9,
M-11-HRL,2022-11-01,92.969,1517.786,30.0,48.0,274.4,257.4,
M-11-HRL,2022-12-01,99.072,1617.143,30.0,48.0,250.9,220.7,
M-11-HRL,2023-01-01,101.877,1662.714,31.0,48.0,245.1,219.0,
M-11-HRL,2023-02-01,82.503,1346.857,24.0,48.0,235.4,204.1,
M-11-HRL,2023-03-01,98.987,1615.952,31.0,48.0,248.2,223.6,
M-11-HRL,2023-04-01,,,,,226.8,204.3,
M-11-HRL,2023-05-01,97.422,1590.071,31.0,48.0,239.1,220.9,
M-11-HRL,2023-06-01,99.203,1619.167,30.0,48.0,228.5,207.4,
M-11-HRL,2023-07-01,100.468,1639.857,31.0,48.0,227.5,207.5,
M-11-HRL,2023-08-01,98.714,1611.262,31.0,48.0,230.5,204.2,
M-11-HRL,2023-09-01,95.943,1557.262,30.0,48.0,236.0,210.6,
M-11-HRL,2023-10-01,95.533,1558.929,31.0,48.0,240.8,217.3,
M-11-HRL,2023-11-01,92.475,1524.571,30.0,48.0,243.2,221.3,
M-11-HRL,2023-12-01,91.04,1483.095,31.0,48.0,231.4,205.9,
M-11-HRL,2024-01-01,91.109,1484.214,31.0,48.0,233.6,209.4,
M-11-HRL,2024-02-01,86.011,1401.167,29.0,48.0,231.6,208.2,
M-11-HRL,2024-03-01,89.736,1713.952,31.0,48.0,230.8,206.2,
M-11-HRL,2024-04-01,84.991,1623.333,30.0,48.0,240.1,219.2,
M-11-HRL,2024-05-01,80.485,1537.262,31.0,48.0,252.0,236.0,
M-11-HRL,2024-06-01,82.411,1574.048,30.0,48.0,252.2,238.7,
M-11-HRL,2024-07-01,87.79,1676.786,31.0,48.0,237.2,216.9,
M-11-HRL,2024-08-01,87.959,1680.024,31.0,48.0,246.4,230.0,
M-11-HRL,2024-09-01,84.697,1617.714,30.0,48.0,230.9,207.7,
M-11-HRL,2024-10-01,86.756,1657.048,31.0,48.0,227.0,204.4,
M-11-HRL,2024-11-01,83.043,1586.119,30.0,48.0,241.2,224.0,
M-11-HRL,2024-12-01,83.267,1590.405,30.0,48.0,222.2,199.5,
M-11-HRL,2025-01-01,89.039,1700.643,31.0,48.0,220.8,191.9,
M-11-HRL,2025-02-01,78.2,1493.619,28.0,48.0,225.2,204.0,
M-11-HRL,2025-03-01,87.692,1674.929,31.0,48.0,213.5,186.6,
M-11-HRL,2025-04-01,82.982,1584.952,30.0,48.0,213.0,186.0,
M-11-HRL,2025-05-01,85.636,1635.643,31.0,48.0,216.8,192.5,
M-11-HRL,2025-06-01,82.326,1572.429,30.0,48.0,214.5,191.2,
M-122H-HRL,2022-12-01,102.041,0.0,10.0,64.0,,,
M-122H-HRL,2023-01-01,409.398,63.476,31.0,60.0,551.7,238.8,
M-122H-HRL,2023-02-01,279.752,43.381,26.0,64.0,552.4,265.5,
M-122H-HRL,2023-03-01,323.717,50.214,31.0,64.0,549.0,250.0,
M-122H-HRL,2023-04-01,325.231,50.429,30.0,64.0,546.5,232.0,
M-122H-HRL,2023-05-01,318.56,49.405,31.0,64.0,541.8,248.8,
M-122H-HRL,2023-06-01,317.662,49.262,30.0,64.0,538.0,234.3,
M-122H-HRL,2023-07-01,325.524,50.476,31.0,60.0,,,646.0
M-122H-HRL,2023-08-01,302.404,46.881,31.0,60.0,,,
M-122H-HRL,2023-09-01,295.437,45.548,30.0,60.0,530.1,237.1,
M-122H-HRL,2023-10-01,305.846,47.405,31.0,60.0,,,
M-122H-HRL,2023-11-01,294.633,46.143,30.0,60.0,525.0,260.5,
M-122H-HRL,2023-12-01,287.948,1849.048,31.0,60.0,520.4,248.0,
M-122H-HRL,2024-01-01,270.148,1911.619,31.0,60.0,482.6,260.1,
M-122H-HRL,2024-02-01,251.032,2558.976,29.0,60.0,479.2,229.6,
M-122H-HRL,2024-03-01,267.803,3402.381,31.0,60.0,473.8,247.0,
M-122H-HRL,2024-04-01,255.581,3295.119,30.0,60.0,468.0,256.3,
M-122H-HRL,2024-05-01,266.145,4393.286,31.0,60.0,464.0,296.3,
M-122H-HRL,2024-06-01,189.549,3128.905,23.0,60.0,461.8,275.3,
M-122H-HRL,2024-07-01,257.369,4546.0,31.0,60.0,453.4,282.7,
M-122H-HRL,2024-08-01,250.411,5505.476,31.0,60.0,443.7,254.3,
M-122H-HRL,2024-09-01,241.934,5593.286,30.0,60.0,446.8,269.4,
M-122H-HRL,2024-10-01,249.124,5759.5,31.0,60.0,446.0,264.5,
M-122H-HRL,2024-11-01,239.18,5529.619,30.0,60.0,442.7,252.8,
M-122H-HRL,2024-12-01,239.178,6349.595,31.0,60.0,439.4,245.8,
M-122H-HRL,2025-01-01,232.796,6180.191,31.0,60.0,430.5,242.6,
M-122H-HRL,2025-02-01,205.618,5458.667,28.0,60.0,430.6,223.2,
M-122H-HRL,2025-03-01,235.397,6249.238,31.0,60.0,423.0,240.0,
M-122H-HRL,2025-04-01,222.445,5905.381,30.0,60.0,420.6,244.8,
M-122H-HRL,2025-05-01,217.974,5786.691,31.0,60.0,417.5,228.6,
M-122H-HRL,2025-06-01,206.538,5483.095,30.0,60.0,409.2,228.6,
M-123H-HRL,2023-09-01,,,,,449.1,322.4,
M-123H-HRL,2023-11-01,278.25,0.0,30.0,64.0,445.2,341.8,
M-123H-HRL,2023-12-01,289.363,0.0,31.0,64.0,440.5,328.6,
M-123H-HRL,2024-01-01,300.044,0.0,30.0,64.0,436.9,338.6,
M-123H-HRL,2024-02-01,14.098,0.0,1.56,64.0,525.3,,
M-123H-HRL,2024-03-01,0.0,,,,,,
M-123H-HRL,2024-04-01,0.0,,,,534.9,,
M-123H-HRL,2024-05-01,233.223,0.0,23.0,,538.6,,
M-123H-HRL,2024-06-01,283.772,0.0,30.0,64.0,448.7,302.8,
M-123H-HRL,2024-07-01,13.026,0.0,1.4,64.0,,,601.0
M-123H-HRL,2024-08-01,165.01,0.0,16.0,64.0,433.7,288.2,
M-123H-HRL,2024-09-01,259.512,0.0,28.0,66.0,436.8,313.7,
M-123H-HRL,2024-10-01,252.162,0.0,31.0,64.0,428.3,374.0,
M-123H-HRL,2024-11-01,223.936,0.0,30.0,64.0,425.7,386.6,
M-123H-HRL,2024-12-01,229.994,0.0,31.0,64.0,408.9,363.7,
M-123H-HRL,2025-01-01,214.261,0.0,31.0,72.0,401.8,380.0,
M-123H-HRL,2025-02-01,211.352,0.0,28.0,72.0,395.6,367.1,
M-123H-HRL,2025-03-01,223.288,0.0,31.0,110.0,403.2,397.1,
M-123H-HRL,2025-04-01,225.15,0.0,30.0,72.0,390.3,386.1,
M-123H-HRL,2025-05-01,294.683,0.0,31.0,128.0,412.4,403.0,
M-123H-HRL,2025-06-01,234.194,0.0,30.0,128.0,391.1,383.2,
M-124H-HRL,2023-11-01,,,,,,,
M-124H-HRL,2023-12-01,95.482,0.0,9.0,54.0,621.4,335.0,
M-124H-HRL,2024-01-01,232.953,0.0,24.0,60.0,603.3,282.9,
M-124H-HRL,2024-02-01,256.907,0.0,29.0,60.0,586.4,257.7,
M-124H-HRL,2024-03-01,254.335,0.0,31.0,60.0,549.2,271.1,
M-124H-HRL,2024-04-01,221.416,0.0,30.0,60.0,506.4,273.8,
M-124H-HRL,2024-05-01,223.311,0.0,31.0,60.0,500.4,298.7,
M-124H-HRL,2024-06-01,145.631,0.0,18.0,60.0,599.5,,
M-124H-HRL,2024-07-01,241.17,0.0,31.0,60.0,523.1,298.8,655.0
M-124H-HRL,2024-08-01,117.538,0.0,16.0,60.0,,,
M-124H-HRL,2024-09-01,,,,,,,
M-124H-HRL,2024-10-01,142.826,0.0,13.0,40.0,553.0,393.0,
M-124H-HRL,2024-11-01,307.815,0.0,30.0,40.0,522.0,380.2,
M-124H-HRL,2024-12-01,330.938,0.0,30.0,20.0,487.8,357.6,
M-124H-HRL,2025-01-01,455.718,0.0,31.0,36.0,431.7,386.5,
M-124H-HRL,2025-02-01,407.365,0.0,28.0,36.0,421.3,374.6,
M-124H-HRL,2025-03-01,475.617,0.0,31.0,72.0,390.0,240.0,
M-124H-HRL,2025-04-01,443.056,0.0,30.0,72.0,384.1,247.8,
M-124H-HRL,2025-05-01,437.206,0.0,31.0,72.0,363.2,242.3,
M-124H-HRL,2025-06-01,403.818,0.0,30.0,72.0,354.8,228.3,
M-125H-HRL,2024-09-01,58.749,0.0,6.0,24.0,,,
M-125H-HRL,2024-10-01,268.668,0.0,31.0,24.0,494.1,373.5,
M-125H-HRL,2024-11-01,226.781,0.0,30.0,24.0,476.9,381.1,
M-125H-HRL,2024-12-01,246.49,0.0,31.0,12.0,465.5,362.6,
M-125H-HRL,2025-01-01,333.707,0.0,31.0,12.0,460.5,360.6,
M-125H-HRL,2025-02-01,291.176,0.0,28.0,12.0,410.3,367.8,
M-125H-HRL,2025-03-01,309.698,0.0,31.0,56.0,404.8,399.1,
M-125H-HRL,2025-04-01,315.658,0.0,30.0,56.0,389.2,386.5,
M-125H-HRL,2025-05-01,214.128,0.0,21.0,128.0,408.3,400.4,560.0
M-125H-HRL,2025-06-01,311.688,0.0,30.0,128.0,385.8,383.7,
M-126H-HRL,2024-10-01,138.15,0.0,13.0,48.0,526.0,393.0,
M-126H-HRL,2024-11-01,291.076,0.0,30.0,48.0,486.5,385.8,
M-126H-HRL,2024-12-01,260.587,0.0,31.0,24.0,449.3,356.8,
M-126H-HRL,2025-01-01,212.64,0.0,31.0,32.0,389.1,377.6,
M-126H-HRL,2025-02-01,194.5,0.0,28.0,32.0,381.8,365.9,
M-126H-HRL,2025-03-01,298.101,0.0,31.0,64.0,335.0,243.0,
M-126H-HRL,2025-04-01,268.225,0.0,30.0,64.0,320.7,249.7,
M-126H-HRL,2025-05-01,222.99,0.0,31.0,64.0,305.3,241.5,
M-126H-HRL,2025-06-01,180.924,0.0,30.0,64.0,312.0,229.0,
M-13-HRL,1978-08-01,11.261,0.0,,,,,
M-13-HRL,1978-09-01,0.0,,,,,,
M-13-HRL,1978-10-01,0.0,,,,,,
M-13-HRL,1978-11-01,0.0,,,,,,
M-13-HRL,1978-12-01,0.0,,,,,,
M-13-HRL,1979-01-01,0.0,,,,,,
M-13-HRL,1979-02-01,149.865,0.0,,,,,
M-13-HRL,1979-03-01,247.85,0.0,,,,,
M-13-HRL,1979-04-01,0.0,,,,,,
M-13-HRL,1979-05-01,0.0,,,,,,
M-13-HRL,1979-06-01,0.0,,,,,,
M-13-HRL,1979-07-01,0.0,,,,,,
M-13-HRL,1979-08-01,0.0,,,,,,
M-13-HRL,1979-09-01,0.0,,,,,,
M-13-HRL,1979-10-01,0.0,,,,,,
M-13-HRL,1979-11-01,0.0,,,,,,
M-13-HRL,1979-12-01,0.0,,,,,,
M-13-HRL,1980-01-01,0.0,,,,,,
M-13-HRL,1980-02-01,2.392,0.0,,,,,
M-13-HRL,1980-03-01,282.052,0.0,,,,,
M-13-HRL,1980-04-01,228.178,0.0,,,,,
M-13-HRL,1980-05-01,120.722,0.0,,,,,
M-13-HRL,1980-06-01,39.332,0.0,,,,,
M-13-HRL,1980-07-01,174.802,0.0,,,,,
M-13-HRL,1980-08-01,74.203,0.0,,,,,
M-13-HRL,1980-09-01,122.78,0.0,,,,,
M-13-HRL,1980-10-01,238.726,0.0,,,,,
M-13-HRL,1980-11-01,278.543,0.0,,,,,
M-13-HRL,1980-12-01,269.941,0.0,,,,,
M-13-HRL,1981-01-01,310.022,0.0,,,,,
M-13-HRL,1981-02-01,278.133,0.0,,,,,
M-13-HRL,1981-03-01,319.609,0.0,,,,,
M-13-HRL,1981-04-01,198.47,0.0,,,,,
M-13-HRL,1981-05-01,284.923,0.0,,,,,
M-13-HRL,1981-06-01,297.422,0.0,,,,,
M-13-HRL,1981-07-01,324.757,0.0,,,,,
M-13-HRL,1981-08-01,311.202,0.0,,,,,
M-13-HRL,1981-09-01,267.067,0.0,,,,,
M-13-HRL,1981-10-01,308.793,0.0,,,,,
M-13-HRL,1981-11-01,5.092,0.0,,,,,
M-13-HRL,1981-12-01,0.0,,,,,,
M-13-HRL,1982-01-01,0.0,,,,,,
M-13-HRL,1982-02-01,0.0,,,,,,
M-13-HRL,1982-03-01,0.0,,,,,,
M-13-HRL,1982-04-01,0.0,,,,,,
M-13-HRL,1982-05-01,5.612,0.0,,,,,
M-13-HRL,1982-06-01,0.0,,,,,,
M-13-HRL,1982-07-01,63.884,0.0,,,,,
M-13-HRL,1982-08-01,397.864,0.0,,,,,
M-13-HRL,1982-09-01,350.793,0.0,,,,,
M-13-HRL,1982-10-01,321.288,0.0,,,,,
M-13-HRL,1982-11-01,291.15,0.0,,,,,
M-13-HRL,1982-12-01,362.447,0.0,,,,,
M-13-HRL,1983-01-01,366.954,0.0,,,,,
M-13-HRL,1983-02-01,319.147,0.0,,,,,
M-13-HRL,1983-03-01,317.294,0.0,,,,,
M-13-HRL,1983-04-01,341.798,0.0,,,,,
M-13-HRL,1983-05-01,364.139,0.0,,,,,
M-13-HRL,1983-06-01,335.316,0.0,,,,,
M-13-HRL,1983-07-01,356.032,0.0,,,,,
M-13-HRL,1983-08-01,368.873,0.0,,,,,
M-13-HRL,1983-09-01,315.001,0.0,,,,,
M-13-HRL,1983-10-01,354.795,0.0,,,,,
M-13-HRL,1983-11-01,287.943,0.0,,,,,
M-13-HRL,1983-12-01,315.753,0.0,,,,,
M-13-HRL,1984-01-01,298.023,0.0,,,,,
M-13-HRL,1984-02-01,276.38,0.0,,,,,
M-13-HRL,1984-03-01,286.617,0.0,,,,,
M-13-HRL,1984-04-01,192.454,0.0,,,,,
M-13-HRL,1984-05-01,270.143,0.0,,,,,
M-13-HRL,1984-06-01,329.812,0.0,,,,,
M-13-HRL,1984-07-01,317.094,0.0,,,,,
M-13-HRL,1984-08-01,334.74,0.0,,,,,
M-13-HRL,1984-09-01,323.554,0.0,,,,,
M-13-HRL,1984-10-01,319.132,0.0,,,,,
M-13-HRL,1984-11-01,322.229,0.0,,,,,
M-13-HRL,1984-12-01,302.165,0.0,,,,,
M-13-HRL,1985-01-01,343.601,0.0,,,,,
M-13-HRL,1985-02-01,297.395,0.0,,,,,
M-13-HRL,1985-03-01,298.042,0.0,,,,,
M-13-HRL,1985-04-01,277.677,0.0,,,,,
M-13-HRL,1985-05-01,323.583,0.0,,,,,
M-13-HRL,1985-06-01,332.855,0.0,,,,,
M-13-HRL,1985-07-01,326.779,0.0,,,,,
M-13-HRL,1985-08-01,351.952,0.0,,,,,
M-13-HRL,1985-09-01,338.731,0.0,,,,,
M-13-HRL,1985-10-01,261.214,0.0,,,,,
M-13-HRL,1985-11-01,293.892,0.0,,,,,
M-13-HRL,1985-12-01,223.693,0.0,,,,,
M-13-HRL,1986-01-01,0.0,,,,,,
M-13-HRL,1986-02-01,9.568,0.0,,,,,
M-13-HRL,1986-03-01,285.727,0.0,,,,,
M-13-HRL,1986-04-01,283.02,0.0,,,,,
M-13-HRL,1986-05-01,213.702,0.0,,,,,
M-13-HRL,1986-06-01,221.72,0.0,,,,,
M-13-HRL,1986-07-01,212.202,0.0,,,,,
M-13-HRL,1986-08-01,148.0,0.0,,,,,
M-13-HRL,1986-09-01,122.835,0.0,,,,,
M-13-HRL,1986-10-01,146.301,0.0,,,,,
M-13-HRL,1986-11-01,135.84,0.0,,,,,
M-13-HRL,1986-12-01,185.842,0.0,,,,,
M-13-HRL,1987-01-01,265.231,0.0,,,,,
M-13-HRL,1987-02-01,180.306,0.0,,,,,
M-13-HRL,1987-03-01,157.609,0.0,,,,,
M-13-HRL,1987-04-01,147.587,0.0,,,,,
M-13-HRL,1987-05-01,141.767,0.0,,,,,
M-13-HRL,1987-06-01,151.687,0.0,,,,,
M-13-HRL,1987-07-01,132.99,0.0,,,,,
M-13-HRL,1987-08-01,155.029,0.0,,,,,
M-13-HRL,1987-09-01,193.811,0.0,,,,,
M-13-HRL,1987-10-01,252.092,0.0,,,,,
M-13-HRL,1987-11-01,230.407,0.0,,,,,
M-13-HRL,1987-12-01,267.176,0.0,,,,,
M-13-HRL,1988-01-01,237.652,0.0,,,,,
M-13-HRL,1988-02-01,195.876,0.0,,,,,
M-13-HRL,1988-03-01,193.58,0.0,,,,,
M-13-HRL,1988-04-01,139.675,0.0,,,,,
M-13-HRL,1988-05-01,145.608,0.0,,,,,
M-13-HRL,1988-06-01,192.755,0.0,,,,,
M-13-HRL,1988-07-01,189.189,0.0,,,,,
M-13-HRL,1988-08-01,197.138,0.0,,,,,
M-13-HRL,1988-09-01,194.959,0.0,,,,,1027.3
M-13-HRL,1988-10-01,176.887,0.0,,,,,
M-13-HRL,1988-11-01,167.029,0.0,,,,,
M-13-HRL,1988-12-01,152.124,0.0,,,,,
M-13-HRL,1989-01-01,163.916,0.0,,,,,
M-13-HRL,1989-02-01,134.652,0.0,,,,,
M-13-HRL,1989-03-01,153.319,0.0,,,,,
M-13-HRL,1989-04-01,161.18,0.0,,,,,
M-13-HRL,1989-05-01,178.545,0.0,,,,,
M-13-HRL,1989-06-01,178.555,0.0,,,,,
M-13-HRL,1989-07-01,171.63,0.0,,,,,
M-13-HRL,1989-08-01,181.051,0.0,,,,,
M-13-HRL,1989-09-01,163.693,0.0,,,,,1011.4
M-13-HRL,1989-10-01,190.567,0.0,,,,,
M-13-HRL,1989-11-01,140.723,0.0,,,,,
M-13-HRL,1989-12-01,170.808,0.0,,,,,
M-13-HRL,1990-01-01,160.061,0.0,,,,,
M-13-HRL,1990-02-01,142.881,0.0,,,,,
M-13-HRL,1990-03-01,169.926,0.0,,,,,
M-13-HRL,1990-04-01,158.735,0.0,,,,,
M-13-HRL,1990-05-01,151.793,0.0,,,,,959.51
M-13-HRL,1990-06-01,155.017,0.0,,,804.9,,
M-13-HRL,1990-07-01,164.503,0.0,,,,,
M-13-HRL,1990-08-01,132.61,0.0,,,819.4,,
M-13-HRL,1990-09-01,136.947,0.0,,,852.3,,
M-13-HRL,1990-10-01,120.233,0.0,,,,,
M-13-HRL,1990-11-01,141.269,0.0,,,,,
M-13-HRL,1990-12-01,177.433,0.0,,,,,
M-13-HRL,1991-01-01,158.083,0.0,,,,,
M-13-HRL,1991-02-01,120.14,0.0,,,,,
M-13-HRL,1991-03-01,139.933,0.0,,,,,979.8
M-13-HRL,1991-04-01,151.024,0.0,,,,,
M-13-HRL,1991-05-01,150.3,0.0,,,,,
M-13-HRL,1991-06-01,154.156,0.0,,,,,
M-13-HRL,1991-07-01,159.894,0.0,,,,,
M-13-HRL,1991-08-01,167.134,0.0,,,,,
M-13-HRL,1991-09-01,124.02,0.0,,,,,
M-13-HRL,1991-10-01,157.479,0.0,,,,,
M-13-HRL,1991-11-01,153.114,0.0,,,,,
M-13-HRL,1991-12-01,200.777,0.0,,,,,
M-13-HRL,1992-01-01,154.101,0.0,,,,,949.7
M-13-HRL,1992-02-01,160.192,0.0,,,,,
M-13-HRL,1992-03-01,168.621,0.0,,,,,
M-13-HRL,1992-04-01,164.433,0.0,,,,,
M-13-HRL,1992-05-01,170.323,0.0,,,,,
M-13-HRL,1992-06-01,161.382,0.0,,,,,
M-13-HRL,1992-07-01,154.134,0.0,,,,,
M-13-HRL,1992-08-01,175.632,0.0,,,,,
M-13-HRL,1992-09-01,154.293,0.0,,,,,
M-13-HRL,1992-10-01,159.964,0.0,,,,,
M-13-HRL,1992-11-01,162.894,0.0,,,,,
M-13-HRL,1992-12-01,189.061,0.0,,,,,
M-13-HRL,1993-01-01,197.774,0.0,,,,,
M-13-HRL,1993-02-01,176.267,0.0,,,,,
M-13-HRL,1993-03-01,192.35,0.0,,,,,
M-13-HRL,1993-04-01,163.602,0.0,,,,,
M-13-HRL,1993-05-01,153.855,0.0,,,,,
M-13-HRL,1993-06-01,160.711,0.0,,,,,
M-13-HRL,1993-07-01,160.587,0.0,,,,,
M-13-HRL,1993-08-01,149.87,0.0,,,,,
M-13-HRL,1993-09-01,143.686,0.0,,,,,
M-13-HRL,1993-10-01,168.004,0.0,,,,,
M-13-HRL,1993-11-01,165.848,0.0,,,,,974.4
M-13-HRL,1993-12-01,165.815,0.0,,,,,
M-13-HRL,1994-01-01,180.382,0.0,,,,,
M-13-HRL,1994-02-01,145.435,0.0,,,,,
M-13-HRL,1994-03-01,177.597,0.0,,,,,
M-13-HRL,1994-04-01,174.664,0.0,,,,,
M-13-HRL,1994-05-01,173.142,0.0,,,,,
M-13-HRL,1994-06-01,159.802,0.0,,,,,
M-13-HRL,1994-07-01,151.323,0.0,,,,,
M-13-HRL,1994-08-01,165.636,0.0,,,,,
M-13-HRL,1994-09-01,133.662,0.0,,,,,970.13
M-13-HRL,1994-10-01,144.376,0.0,,,,,
M-13-HRL,1994-11-01,165.689,0.0,,,,,
M-13-HRL,1994-12-01,155.587,0.0,,,,,
M-13-HRL,1995-01-01,169.722,0.0,,,770.4,,
M-13-HRL,1995-02-01,161.35,0.0,,,764.6,,
M-13-HRL,1995-03-01,184.948,0.0,,,,,
M-13-HRL,1995-04-01,157.392,0.0,,,757.6,,
M-13-HRL,1995-05-01,168.304,0.0,,,746.1,,
M-13-HRL,1995-06-01,106.242,0.0,,,803.5,,
M-13-HRL,1995-07-01,101.337,0.0,,,,,
M-13-HRL,1995-08-01,103.867,0.0,,,814.0,,
M-13-HRL,1995-09-01,120.159,0.0,,,778.8,,
M-13-HRL,1995-10-01,179.03,0.0,,,765.4,,
M-13-HRL,1995-11-01,156.949,0.0,,,753.8,,
M-13-HRL,1995-12-01,163.145,0.0,,,757.1,,
M-13-HRL,1996-01-01,164.345,0.0,,,759.5,,
M-13-HRL,1996-02-01,147.529,0.0,,,757.5,,
M-13-HRL,1996-03-01,155.522,0.0,,,,,
M-13-HRL,1996-04-01,149.362,0.0,,,753.2,,
M-13-HRL,1996-05-01,166.089,0.0,,,751.2,,
M-13-HRL,1996-06-01,153.577,0.0,,,750.0,,
M-13-HRL,1996-07-01,155.178,0.0,,,727.0,,
M-13-HRL,1996-08-01,133.943,0.0,,,762.5,,
M-13-HRL,1996-09-01,138.783,0.0,,,740.1,,
M-13-HRL,1996-10-01,143.869,0.0,,,758.4,,
M-13-HRL,1996-11-01,139.381,0.0,,,755.8,,956.89
M-13-HRL,1996-12-01,158.567,0.0,,,746.7,,
M-13-HRL,1997-01-01,140.824,0.0,,,,,924.99
M-13-HRL,1997-02-01,138.3,0.0,,,,,
M-13-HRL,1997-03-01,146.222,0.0,,,,,
M-13-HRL,1997-04-01,142.392,0.0,,,,,
M-13-HRL,1997-05-01,136.429,0.0,,,,,
M-13-HRL,1997-06-01,116.274,0.0,,,,,
M-13-HRL,1997-07-01,139.909,0.0,,,,,
M-13-HRL,1997-08-01,142.759,0.0,,,,,
M-13-HRL,1997-09-01,129.992,0.0,,,,,
M-13-HRL,1997-10-01,143.846,0.0,,,,,
M-13-HRL,1997-11-01,140.114,0.0,,,,,
M-13-HRL,1997-12-01,141.205,0.0,,,,,
M-13-HRL,1998-01-01,151.636,0.0,,,,,
M-13-HRL,1998-02-01,136.258,0.0,,,,,
M-13-HRL,1998-03-01,166.627,0.0,,,,,
M-13-HRL,1998-04-01,152.944,0.0,,,,,
M-13-HRL,1998-05-01,65.552,0.0,,,,,
M-13-HRL,1998-06-01,95.476,0.0,,,,,
M-13-HRL,1998-07-01,125.324,0.0,,,762.2,,
M-13-HRL,1998-08-01,100.296,0.0,,,,,
M-13-HRL,1998-09-01,91.893,0.0,,,,,905.01
M-13-HRL,1998-10-01,95.016,0.0,,,,,
M-13-HRL,1998-11-01,93.623,0.0,,,,,
M-13-HRL,1998-12-01,88.323,0.0,,,,,
M-13-HRL,1999-01-01,97.611,0.0,,,,,
M-13-HRL,1999-02-01,80.186,0.0,,,748.7,,
M-13-HRL,1999-03-01,98.419,0.0,,,,,
M-13-HRL,1999-04-01,86.976,0.0,,,,,
M-13-HRL,1999-05-01,91.024,0.0,,,,,
M-13-HRL,1999-06-01,142.772,0.0,,,,,
M-13-HRL,1999-07-01,165.392,0.0,,,712.5,,
M-13-HRL,1999-08-01,161.574,0.0,,,705.3,,
M-13-HRL,1999-09-01,158.037,0.0,,,,,
M-13-HRL,1999-10-01,163.454,0.0,,,706.3,,
M-13-HRL,1999-11-01,156.211,0.0,,,,,
M-13-HRL,1999-12-01,160.348,0.0,,,,,
M-13-HRL,2000-01-01,156.966,0.0,,,,,
M-13-HRL,2000-02-01,149.655,0.0,,,,,
M-13-HRL,2000-03-01,153.284,0.0,,,,,
M-13-HRL,2000-04-01,131.322,0.0,,,,,
M-13-HRL,2000-05-01,155.493,0.0,,,692.5,,
M-13-HRL,2000-06-01,157.065,0.0,,,690.7,,
M-13-HRL,2000-07-01,160.396,0.0,,,,,
M-13-HRL,2000-08-01,158.964,0.0,,,688.5,,
M-13-HRL,2000-09-01,127.982,0.0,,,,,866.97
M-13-HRL,2000-10-01,148.642,0.0,,,,,
M-13-HRL,2000-11-01,141.941,0.0,,,693.3,,
M-13-HRL,2000-12-01,150.875,0.0,,,,,
M-13-HRL,2001-01-01,151.71,0.0,,,682.4,,
M-13-HRL,2001-02-01,134.138,0.0,,,702.4,,
M-13-HRL,2001-03-01,147.7,0.0,,,692.2,,
M-13-HRL,2001-04-01,123.451,0.0,,,,,
M-13-HRL,2001-05-01,147.688,0.0,,,682.2,,
M-13-HRL,2001-06-01,144.47,0.0,,,683.4,,
M-13-HRL,2001-07-01,144.437,0.0,,,683.7,,
M-13-HRL,2001-08-01,139.608,0.0,,,689.4,,856.7
M-13-HRL,2001-09-01,133.612,0.0,,,684.2,,
M-13-HRL,2001-10-01,141.636,0.0,,,679.1,,
M-13-HRL,2001-11-01,142.948,0.0,,,676.8,,
M-13-HRL,2001-12-01,152.189,0.0,,,668.2,,
M-13-HRL,2002-01-01,150.847,0.0,,,,,
M-13-HRL,2002-02-01,132.676,0.0,,,669.4,,
M-13-HRL,2002-03-01,143.728,0.0,,,679.5,,
M-13-HRL,2002-04-01,137.918,0.0,,,669.5,,
M-13-HRL,2002-05-01,145.94,0.0,,,669.2,,
M-13-HRL,2002-06-01,138.543,0.0,,,672.2,,
M-13-HRL,2002-07-01,142.257,0.0,,,,,
M-13-HRL,2002-08-01,155.624,0.0,,,654.1,,
M-13-HRL,2002-09-01,147.817,0.0,,,,,830.6
M-13-HRL,2002-10-01,151.162,0.0,,,661.2,,
M-13-HRL,2002-11-01,148.599,0.0,,,651.2,,
M-13-HRL,2002-12-01,157.099,0.0,,,653.9,,
M-13-HRL,2003-01-01,160.636,0.0,,,653.9,,
M-13-HRL,2003-02-01,140.737,0.0,,,645.4,,
M-13-HRL,2003-03-01,156.565,0.0,,,645.1,,
M-13-HRL,2003-04-01,149.006,0.0,,,650.9,,
M-13-HRL,2003-05-01,149.037,0.0,,,645.5,,
M-13-HRL,2003-06-01,144.593,0.0,,,648.6,,
M-13-HRL,2003-07-01,143.806,0.0,,,,,
M-13-HRL,2003-08-01,130.642,0.0,,,658.2,,
M-13-HRL,2003-09-01,125.467,0.0,,,,,831.4
M-13-HRL,2003-10-01,134.227,0.0,,,,,
M-13-HRL,2003-11-01,124.732,0.0,,,,,
M-13-HRL,2003-12-01,123.817,0.0,,,,,
M-13-HRL,2004-01-01,132.079,0.0,,,649.0,,
M-13-HRL,2004-02-01,120.274,0.0,,,648.7,,
M-13-HRL,2004-03-01,122.576,0.0,,,667.7,,
M-13-HRL,2004-04-01,118.478,0.0,,,668.8,,
M-13-HRL,2004-05-01,100.292,0.0,,,661.6,,
M-13-HRL,2004-06-01,125.93,0.0,,,653.5,,
M-13-HRL,2004-07-01,117.965,0.0,,,661.7,,
M-13-HRL,2004-08-01,115.882,0.0,,,657.4,,
M-13-HRL,2004-09-01,112.515,0.0,,,656.0,,
M-13-HRL,2004-10-01,112.661,0.0,,,653.5,,
M-13-HRL,2004-11-01,110.535,0.0,,,657.1,,
M-13-HRL,2004-12-01,113.736,0.0,,,653.2,,
M-13-HRL,2005-01-01,115.577,0.0,,,656.0,,
M-13-HRL,2005-02-01,103.163,0.0,,,650.0,,
M-13-HRL,2005-03-01,113.918,0.0,,,657.4,,
M-13-HRL,2005-04-01,110.445,0.0,,,658.4,,
M-13-HRL,2005-05-01,112.251,0.0,,,653.8,,
M-13-HRL,2005-06-01,107.515,0.0,,,651.4,,
M-13-HRL,2005-07-01,116.359,0.0,,,643.3,,
M-13-HRL,2005-08-01,117.099,0.0,,,643.5,,
M-13-HRL,2005-09-01,106.295,0.0,,,637.5,,799.3131481
M-13-HRL,2005-10-01,119.224,0.0,,,638.9,,
M-13-HRL,2005-11-01,116.504,0.0,,,634.8,,
M-13-HRL,2005-12-01,119.41,0.0,,,637.3,,
M-13-HRL,2006-01-01,118.509,0.0,,,630.3,,782.7304184
M-13-HRL,2006-02-01,106.45,0.0,,,632.6,,
M-13-HRL,2006-03-01,109.482,0.0,,,635.5,,
M-13-HRL,2006-04-01,103.941,0.0,,,631.4,,
M-13-HRL,2006-05-01,118.65,0.0,,,633.6,,
M-13-HRL,2006-06-01,116.07,0.0,,,634.6,,
M-13-HRL,2006-07-01,118.717,0.0,,,632.5,,
M-13-HRL,2006-08-01,117.216,0.0,,,629.2,,
M-13-HRL,2006-09-01,105.039,0.0,,,628.5,,
M-13-HRL,2006-10-01,115.305,0.0,,,626.3,,
M-13-HRL,2006-11-01,116.05,0.0,,,627.2,,
M-13-HRL,2006-12-01,118.813,0.0,,,623.4,,
M-13-HRL,2007-01-01,121.146,0.0,,,619.1,,
M-13-HRL,2007-02-01,113.455,0.0,,,615.2,,
M-13-HRL,2007-03-01,122.296,0.0,,,615.2,,769.2910249
M-13-HRL,2007-04-01,114.332,0.0,,,616.1,,
M-13-HRL,2007-05-01,122.371,0.0,,,608.2,,
M-13-HRL,2007-06-01,11.298,0.0,,,616.2,,
M-13-HRL,2007-07-01,123.595,0.0,,,605.1,,
M-13-HRL,2007-08-01,115.558,0.0,,,614.3,,
M-13-HRL,2007-09-01,115.558,0.0,,,604.2,,
M-13-HRL,2007-10-01,120.429,0.0,,,629.0,,
M-13-HRL,2007-11-01,118.106,0.0,,,603.2,,
M-13-HRL,2007-12-01,119.863,0.0,,,608.7,,
M-13-HRL,2008-01-01,121.621,0.0,,,603.2,,
M-13-HRL,2008-02-01,113.691,0.0,,,608.7,,
M-13-HRL,2008-03-01,117.024,0.0,,,606.2,,
M-13-HRL,2008-04-01,117.605,0.0,,,602.2,,
M-13-HRL,2008-05-01,115.194,0.0,,,598.3,,754.3
M-13-HRL,2008-06-01,116.392,0.0,,,600.5,,
M-13-HRL,2008-07-01,55.0,0.0,,,593.4,,
M-13-HRL,2008-08-01,123.889,0.0,,,592.2,,
M-13-HRL,2008-09-01,113.605,0.0,,,593.7,,
M-13-HRL,2008-10-01,118.399,0.0,,,591.7,,
M-13-HRL,2008-11-01,107.497,0.0,,,587.4,,
M-13-HRL,2008-12-01,121.052,0.0,,,587.3,,
M-13-HRL,2009-01-01,121.916,0.0,,,610.0,,
M-13-HRL,2009-02-01,115.628,0.0,,,583.2,,
M-13-HRL,2009-03-01,121.05,0.0,,,580.2,,744.0
M-13-HRL,2009-04-01,122.071,0.0,,,584.0,,
M-13-HRL,2009-05-01,120.323,0.0,,,598.2,,
M-13-HRL,2009-06-01,114.548,0.0,,,583.2,,
M-13-HRL,2009-07-01,119.528,0.0,,,579.7,,
M-13-HRL,2009-08-01,123.692,0.0,,,573.8,,
M-13-HRL,2009-09-01,116.351,0.0,,,576.6,,
M-13-HRL,2009-10-01,104.441,0.0,,,577.8,,
M-13-HRL,2009-11-01,124.13,0.0,,,567.2,,
M-13-HRL,2009-12-01,132.256,0.0,,,566.3,,
M-13-HRL,2010-01-01,132.934,0.0,,,562.4,,729.0
M-13-HRL,2010-02-01,117.244,0.0,,,561.3,,
M-13-HRL,2010-03-01,118.343,0.0,,,564.6,,
M-13-HRL,2010-04-01,129.774,0.0,,,561.4,,
M-13-HRL,2010-05-01,141.834,0.0,,,551.0,,
M-13-HRL,2010-06-01,137.766,0.0,,,547.7,,
M-13-HRL,2010-07-01,140.825,0.0,,,545.3,,
M-13-HRL,2010-08-01,140.588,0.0,,,541.2,,
M-13-HRL,2010-09-01,142.37,0.0,,,535.3,,
M-13-HRL,2010-10-01,144.369,0.0,,,535.0,,
M-13-HRL,2010-11-01,142.873,0.0,,,528.7,,
M-13-HRL,2010-12-01,143.875,0.0,,,525.7,,
M-13-HRL,2011-01-01,139.67,0.0,,,533.2,,
M-13-HRL,2011-02-01,117.374,0.0,,,527.8,,710.0
M-13-HRL,2011-03-01,141.112,0.0,,,532.6,,
M-13-HRL,2011-04-01,130.861,0.0,,,522.4,,
M-13-HRL,2011-05-01,140.506,0.0,,,532.5,,
M-13-HRL,2011-06-01,132.263,0.0,,,526.6,,
M-13-HRL,2011-07-01,139.465,0.0,,,524.9,,
M-13-HRL,2011-08-01,140.101,0.0,,,518.6,,
M-13-HRL,2011-09-01,133.815,0.0,,,516.7,,
M-13-HRL,2011-10-01,142.546,0.0,,,517.5,,
M-13-HRL,2011-11-01,136.892,0.0,,,510.2,,
M-13-HRL,2011-12-01,142.123,0.0,,,511.6,,
M-13-HRL,2012-01-01,137.089,0.0,,,511.2,,701.0
M-13-HRL,2012-02-01,139.098,0.0,,,506.6,,
M-13-HRL,2012-03-01,134.783,0.0,,,509.5,,
M-13-HRL,2012-04-01,137.826,0.0,,,507.1,,
M-13-HRL,2012-05-01,143.813,0.0,,,507.0,,
M-13-HRL,2012-06-01,138.305,0.0,,,503.4,,
M-13-HRL,2012-07-01,136.813,0.0,,,494.1,,
M-13-HRL,2012-08-01,126.74,0.0,,,503.2,,
M-13-HRL,2012-09-01,122.031,0.0,,,510.8,,
M-13-HRL,2012-10-01,131.786,0.0,,,505.4,,
M-13-HRL,2012-11-01,129.938,0.0,,,497.5,,
M-13-HRL,2012-12-01,123.321,0.0,,,501.7,,
M-13-HRL,2013-01-01,121.541,0.0,,,500.7,,
M-13-HRL,2013-02-01,109.764,0.0,,,505.4,,
M-13-HRL,2013-03-01,119.813,0.0,,,502.3,,
M-13-HRL,2013-04-01,113.368,0.0,,,527.7,,
M-13-HRL,2013-05-01,133.36,0.0,,,493.2,,
M-13-HRL,2013-06-01,120.75,0.0,,,505.9,,
M-13-HRL,2013-07-01,133.363,0.0,,,499.5,,
M-13-HRL,2013-08-01,125.126,0.0,,,484.0,,
M-13-HRL,2013-09-01,134.903,0.0,,,494.2,,
M-13-HRL,2013-10-01,137.78,0.0,,,484.4,,
M-13-HRL,2013-11-01,131.628,0.0,,,481.7,,
M-13-HRL,2013-12-01,138.031,0.0,,,473.0,,
M-13-HRL,2014-01-01,136.917,0.0,,,474.0,,
M-13-HRL,2014-02-01,122.63,0.0,,,472.5,,
M-13-HRL,2014-03-01,128.471,0.0,,,473.1,,
M-13-HRL,2014-04-01,111.506,0.0,,,504.1,,
M-13-HRL,2014-05-01,127.929,0.0,,,470.5,,
M-13-HRL,2014-06-01,131.39,0.0,,,490.0,,
M-13-HRL,2014-07-01,114.456,0.0,,,465.8,,
M-13-HRL,2014-08-01,120.602,0.0,,,460.4,,
M-13-HRL,2014-09-01,130.539,0.0,,,485.0,,
M-13-HRL,2014-10-01,143.51,0.0,,,454.4,,
M-13-HRL,2014-11-01,136.635,0.0,,,459.3,,
M-13-HRL,2014-12-01,131.221,0.0,,,459.7,,647.0
M-13-HRL,2015-01-01,139.154,0.0,,,446.7,,
M-13-HRL,2015-02-01,127.48,0.0,,,447.2,,
M-13-HRL,2015-03-01,144.915,0.0,,,443.4,,
M-13-HRL,2015-04-01,132.997,0.0,,,470.5,,
M-13-HRL,2015-05-01,126.952,0.0,,,469.3,,
M-13-HRL,2015-06-01,136.41,0.0,,,441.4,,
M-13-HRL,2015-07-01,141.154,0.0,,,438.4,,
M-13-HRL,2015-08-01,139.895,0.0,31.0,64.0,437.8,428.5,
M-13-HRL,2015-09-01,137.27,0.0,30.0,64.0,437.2,430.5,
M-13-HRL,2015-10-01,133.841,0.0,31.0,64.0,428.2,419.3,
M-13-HRL,2015-11-01,119.468,0.0,30.0,64.0,458.4,455.1,
M-13-HRL,2015-12-01,145.517,0.0,31.0,64.0,427.0,418.5,
M-13-HRL,2016-01-01,128.338,0.0,27.0,64.0,421.5,413.7,620.242
M-13-HRL,2016-02-01,148.068,0.0,28.0,64.0,414.1,402.8,
M-13-HRL,2016-03-01,151.417,0.0,31.0,64.0,409.3,398.1,
M-13-HRL,2016-04-01,150.819,0.0,30.0,64.0,404.4,392.9,
M-13-HRL,2016-05-01,151.173,0.0,31.0,64.0,418.5,410.2,
M-13-HRL,2016-06-01,148.986,0.0,30.0,64.0,408.2,397.5,
M-13-HRL,2016-07-01,136.184,0.0,27.0,64.0,375.0,363.6,
M-13-HRL,2016-08-01,155.065,0.0,31.0,64.0,400.3,389.6,
M-13-HRL,2016-09-01,146.854,0.0,30.0,64.0,396.1,385.2,
M-13-HRL,2016-10-01,138.111,0.0,31.0,64.0,412.2,404.1,
M-13-HRL,2016-11-01,147.629,0.0,30.0,64.0,386.4,375.3,
M-13-HRL,2016-12-01,150.469,0.0,31.0,64.0,380.3,367.0,
M-13-HRL,2017-01-01,147.415,0.0,31.0,64.0,374.0,359.4,
M-13-HRL,2017-02-01,136.103,0.0,28.0,64.0,376.0,361.8,
M-13-HRL,2017-03-01,153.84,0.0,31.0,64.0,407.4,400.2,
M-13-HRL,2017-04-01,124.299,0.0,30.0,64.0,418.3,410.3,
M-13-HRL,2017-05-01,153.689,0.0,31.0,64.0,369.9,356.0,
M-13-HRL,2017-06-01,155.385,0.0,30.0,64.0,361.5,345.5,
M-13-HRL,2017-07-01,159.591,0.0,31.0,64.0,375.0,363.6,
M-13-HRL,2017-08-01,142.266,0.0,27.0,64.0,355.7,340.0,
M-13-HRL,2017-09-01,148.075,0.0,30.0,64.0,364.5,351.6,
M-13-HRL,2017-10-01,132.987,0.0,31.0,64.0,388.2,380.4,
M-13-HRL,2017-11-01,147.694,0.0,30.0,64.0,369.0,358.4,
M-13-HRL,2017-12-01,159.887,0.0,31.0,64.0,340.2,320.9,
M-13-HRL,2018-01-01,164.828,0.0,31.0,64.0,337.8,320.2,
M-13-HRL,2018-02-01,143.613,0.0,28.0,64.0,324.7,302.2,
M-13-HRL,2018-03-01,164.659,0.0,31.0,64.0,324.6,298.2,
M-13-HRL,2018-04-01,158.743,0.0,30.0,64.0,319.8,298.1,
M-13-HRL,2018-05-01,159.764,0.0,31.0,64.0,314.9,289.4,
M-13-HRL,2018-06-01,163.704,0.0,30.0,64.0,312.2,285.2,
M-13-HRL,2018-07-01,165.349,0.0,31.0,64.0,333.7,316.2,
M-13-HRL,2018-08-01,170.281,0.0,31.0,64.0,306.4,279.5,
M-13-HRL,2018-09-01,165.449,0.0,30.0,64.0,300.0,272.5,
M-13-HRL,2018-10-01,170.028,0.0,31.0,64.0,305.3,282.2,
M-13-HRL,2018-11-01,157.0,0.0,30.0,64.0,294.0,268.0,
M-13-HRL,2018-12-01,162.173,0.0,31.0,64.0,347.2,336.2,
M-13-HRL,2019-01-01,148.437,0.0,31.0,64.0,298.7,273.5,
M-13-HRL,2019-02-01,133.969,0.0,28.0,64.0,319.4,301.8,
M-13-HRL,2019-03-01,144.551,0.0,31.0,64.0,345.4,335.2,
M-13-HRL,2019-04-01,140.623,0.0,30.0,64.0,326.5,315.2,
M-13-HRL,2019-05-01,153.679,0.0,31.0,64.0,,,
M-13-HRL,2019-06-01,155.718,0.0,30.0,64.0,314.7,300.4,
M-13-HRL,2019-07-01,149.851,0.0,31.0,64.0,329.4,321.5,
M-13-HRL,2019-08-01,154.528,0.0,31.0,64.0,315.1,311.8,
M-13-HRL,2019-09-01,142.506,0.0,30.0,64.0,300.2,283.5,
M-13-HRL,2019-10-01,139.282,0.0,31.0,64.0,331.7,322.3,
M-13-HRL,2019-11-01,118.396,0.0,30.0,64.0,351.9,345.2,
M-13-HRL,2019-12-01,138.468,0.0,31.0,64.0,335.0,325.8,
M-13-HRL,2020-01-01,140.578,0.0,27.0,64.0,289.8,269.2,512.414912
M-13-HRL,2020-02-01,132.264,0.0,29.0,64.0,292.1,272.5,
M-13-HRL,2020-03-01,138.636,0.0,31.0,64.0,292.1,272.5,
M-13-HRL,2020-04-01,130.536,0.0,30.0,64.0,,,
M-13-HRL,2020-05-01,133.389,0.0,31.0,64.0,,,
M-13-HRL,2020-06-01,125.842,0.0,30.0,64.0,,,
M-13-HRL,2020-07-01,152.855,0.0,31.0,64.0,289.3,271.6,
M-13-HRL,2020-08-01,146.615,0.0,31.0,64.0,291.7,272.4,
M-13-HRL,2020-09-01,142.097,0.0,30.0,64.0,311.9,286.0,
M-13-HRL,2020-10-01,142.662,0.0,31.0,64.0,280.8,263.2,
M-13-HRL,2020-11-01,117.001,0.0,29.0,64.0,334.7,330.2,
M-13-HRL,2020-12-01,150.499,0.0,31.0,64.0,335.1,329.6,
M-13-HRL,2021-01-01,144.441,0.0,31.0,64.0,254.8,219.0,
M-13-HRL,2021-02-01,113.527,0.0,28.0,64.0,302.3,290.7,
M-13-HRL,2021-03-01,118.33,0.0,31.0,64.0,335.3,329.7,
M-13-HRL,2021-04-01,126.55,0.0,30.0,64.0,288.7,273.2,
M-13-HRL,2021-05-01,99.207,0.0,31.0,64.0,288.5,242.8,
M-13-HRL,2021-06-01,87.475,0.0,30.0,64.0,309.0,290.8,
M-13-HRL,2021-07-01,134.471,0.0,30.0,64.0,277.4,262.2,
M-13-HRL,2021-08-01,142.431,0.0,31.0,64.0,289.2,279.0,
M-13-HRL,2021-09-01,52.974,0.0,14.0,64.0,312.4,265.0,
M-13-HRL,2021-10-01,121.112,0.0,31.0,64.0,311.9,239.2,
M-13-HRL,2021-11-01,111.908,0.0,30.0,64.0,312.0,247.5,
M-13-HRL,2021-12-01,117.369,0.0,30.0,64.0,303.7,228.7,
M-13-HRL,2022-01-01,116.889,0.0,31.0,48.0,305.7,250.0,
M-13-HRL,2022-02-01,105.213,0.0,28.0,48.0,304.3,247.8,
M-13-HRL,2022-03-01,116.682,0.0,31.0,64.0,297.2,225.3,
M-13-HRL,2022-04-01,115.248,0.0,30.0,48.0,297.2,225.7,
M-13-HRL,2022-05-01,118.985,0.0,31.0,48.0,293.6,211.5,
M-13-HRL,2022-06-01,113.832,0.0,30.0,48.0,294.4,219.8,
M-13-HRL,2022-07-01,107.044,0.0,31.0,48.0,302.2,257.8,
M-13-HRL,2022-08-01,114.494,0.0,31.0,48.0,289.3,208.1,
M-13-HRL,2022-09-01,116.475,0.0,30.0,48.0,291.7,221.2,
M-13-HRL,2022-10-01,111.784,0.0,31.0,48.0,292.4,243.2,
M-13-HRL,2022-11-01,97.415,0.0,28.0,48.0,297.3,253.7,
M-13-HRL,2022-12-01,116.18,0.0,31.0,48.0,285.7,217.4,
M-13-HRL,2023-01-01,114.283,0.0,31.0,48.0,280.0,215.1,
M-13-HRL,2023-02-01,90.877,0.0,24.0,48.0,274.8,201.8,
M-13-HRL,2023-03-01,113.335,0.0,31.0,48.0,287.6,256.3,
M-13-HRL,2023-04-01,,,,,278.2,210.3,
M-13-HRL,2023-05-01,109.515,0.0,31.0,48.0,277.8,210.6,
M-13-HRL,2023-06-01,110.298,0.0,30.0,48.0,276.9,207.5,
M-13-HRL,2023-07-01,110.908,0.0,31.0,32.0,273.0,203.7,
M-13-HRL,2023-08-01,111.579,0.0,31.0,32.0,271.7,198.8,
M-13-HRL,2023-09-01,106.656,0.0,30.0,32.0,270.5,197.4,
M-13-HRL,2023-10-01,108.737,0.0,31.0,32.0,269.7,213.0,
M-13-HRL,2023-11-01,103.396,0.0,30.0,32.0,277.0,218.0,
M-13-HRL,2023-12-01,105.496,0.0,31.0,32.0,266.9,202.6,
M-13-HRL,2024-01-01,105.295,0.0,31.0,32.0,266.0,201.7,
M-13-HRL,2024-02-01,99.368,0.0,29.0,32.0,263.5,202.9,
M-13-HRL,2024-03-01,105.801,0.0,31.0,32.0,268.2,222.2,
M-13-HRL,2024-04-01,100.397,0.0,30.0,32.0,264.3,205.4,
M-13-HRL,2024-05-01,97.411,0.0,31.0,32.0,273.6,232.4,
M-13-HRL,2024-06-01,97.703,0.0,30.0,32.0,275.5,235.5,
M-13-HRL,2024-07-01,101.634,0.0,31.0,32.0,262.9,212.7,
M-13-HRL,2024-08-01,98.977,0.0,31.0,32.0,266.9,225.7,
M-13-HRL,2024-09-01,111.184,0.0,30.0,32.0,259.7,203.9,
M-13-HRL,2024-10-01,117.353,0.0,31.0,96.0,206.8,201.6,
M-13-HRL,2024-11-01,110.142,0.0,30.0,96.0,225.1,220.6,
M-13-HRL,2024-12-01,117.227,0.0,31.0,96.0,202.9,196.3,
M-13-HRL,2025-01-01,121.837,0.0,31.0,96.0,200.7,194.1,
M-13-HRL,2025-02-01,106.866,0.0,28.0,96.0,194.3,188.0,
M-13-HRL,2025-03-01,120.639,0.0,31.0,96.0,188.8,182.2,
M-13-HRL,2025-04-01,115.381,0.0,30.0,96.0,188.0,182.0,
M-13-HRL,2025-05-01,120.36,0.0,31.0,96.0,191.5,183.1,
M-13-HRL,2025-06-01,114.275,0.0,30.0,96.0,193.6,186.5,
M-22-HRL,1981-10-01,1.833,0.0,,,,,
M-22-HRL,1981-11-01,181.096,0.0,,,,,
M-22-HRL,1981-12-01,173.176,0.0,,,,,
M-22-HRL,1982-01-01,162.017,0.0,,,,,
M-22-HRL,1982-02-01,103.92,0.0,,,,,
M-22-HRL,1982-03-01,92.629,0.0,,,,,
M-22-HRL,1982-04-01,91.926,0.0,,,,,
M-22-HRL,1982-05-01,86.97,0.0,,,,,
M-22-HRL,1982-06-01,110.799,0.0,,,,,
M-22-HRL,1982-07-01,124.008,0.0,,,,,
M-22-HRL,1982-08-01,113.898,0.0,,,,,
M-22-HRL,1982-09-01,79.65,0.0,,,,,
M-22-HRL,1982-10-01,108.47,0.0,,,,,
M-22-HRL,1982-11-01,0.0,,,,,,
M-22-HRL,1982-12-01,0.0,,,,,,
M-22-HRL,1983-01-01,0.0,,,,,,
M-22-HRL,1983-02-01,8.002,0.0,,,,,
M-22-HRL,1983-03-01,45.635,0.0,,,,,
M-22-HRL,1983-04-01,8.696,0.0,,,,,
M-22-HRL,1983-05-01,0.0,,,,,,
M-22-HRL,1983-06-01,119.506,0.0,,,,,
M-22-HRL,1983-07-01,135.38,0.0,,,,,
M-22-HRL,1983-08-01,27.927,0.0,,,,,
M-22-HRL,1983-09-01,0.0,,,,,,
M-22-HRL,1983-10-01,0.0,,,,,,
M-22-HRL,1983-11-01,0.0,,,,,,
M-22-HRL,1983-12-01,0.0,,,,,,
M-22-HRL,1984-01-01,0.0,,,,,,
M-22-HRL,1984-02-01,35.329,0.0,,,,,
M-22-HRL,1984-03-01,62.785,0.0,,,,,
M-22-HRL,1984-04-01,69.175,0.0,,,,,
M-22-HRL,1984-05-01,83.67,0.0,,,,,
M-22-HRL,1984-06-01,102.138,0.0,,,,,
M-22-HRL,1984-07-01,81.95,0.0,,,,,
M-22-HRL,1984-08-01,101.314,0.0,,,,,
M-22-HRL,1984-09-01,103.082,0.0,,,,,
M-22-HRL,1984-10-01,95.674,0.0,,,,,
M-22-HRL,1984-11-01,99.613,0.0,,,,,
M-22-HRL,1984-12-01,84.801,0.0,,,,,
M-22-HRL,1985-01-01,99.942,0.0,,,,,
M-22-HRL,1985-02-01,75.241,0.0,,,,,
M-22-HRL,1985-03-01,52.958,0.0,,,,,
M-22-HRL,1985-04-01,72.692,0.0,,,,,
M-22-HRL,1985-05-01,74.678,0.0,,,,,
M-22-HRL,1985-06-01,106.718,0.0,,,,,
M-22-HRL,1985-07-01,94.686,0.0,,,,,
M-22-HRL,1985-08-01,91.077,0.0,,,,,
M-22-HRL,1985-09-01,102.376,0.0,,,,,
M-22-HRL,1985-10-01,47.736,0.0,,,,,
M-22-HRL,1985-11-01,98.856,0.0,,,,,
M-22-HRL,1985-12-01,95.09,0.0,,,,,
M-22-HRL,1986-01-01,0.0,,,,,,
M-22-HRL,1986-02-01,8.998,0.0,,,,,
M-22-HRL,1986-03-01,86.914,0.0,,,,,
M-22-HRL,1986-04-01,22.406,0.0,,,,,
M-22-HRL,1986-05-01,0.0,,,,,,
M-22-HRL,1986-06-01,0.0,,,,,,
M-22-HRL,1986-07-01,0.0,,,,,,
M-22-HRL,1986-08-01,0.0,,,,,,
M-22-HRL,1986-09-01,0.0,,,,,,
M-22-HRL,1986-10-01,0.0,,,,,,
M-22-HRL,1986-11-01,0.0,,,,,,
M-22-HRL,1986-12-01,0.0,,,,,,
M-22-HRL,1987-01-01,0.0,,,,,,
M-22-HRL,1987-02-01,0.0,,,,,,
M-22-HRL,1987-03-01,30.599,0.0,,,,,
M-22-HRL,1987-04-01,44.787,0.0,,,,,
M-22-HRL,1987-05-01,31.737,0.0,,,,,
M-22-HRL,1987-06-01,35.472,0.0,,,,,
M-22-HRL,1987-07-01,46.159,0.0,,,,,
M-22-HRL,1987-08-01,43.706,0.0,,,,,
M-22-HRL,1987-09-01,31.704,0.0,,,,,
M-22-HRL,1987-10-01,18.634,0.0,,,,,
M-22-HRL,1987-11-01,33.305,0.0,,,,,
M-22-HRL,1987-12-01,43.306,0.0,,,,,
M-22-HRL,1988-01-01,27.73,0.0,,,,,
M-22-HRL,1988-02-01,33.027,0.0,,,,,
M-22-HRL,1988-03-01,38.128,0.0,,,,,
M-22-HRL,1988-04-01,37.203,0.0,,,,,
M-22-HRL,1988-05-01,8.985,0.0,,,,,
M-22-HRL,1988-06-01,0.0,,,,,,
M-22-HRL,1988-07-01,0.0,,,,,,
M-22-HRL,1988-08-01,0.0,,,,,,
M-22-HRL,1988-09-01,21.605,0.0,,,,,
M-22-HRL,1988-10-01,9.882,0.0,,,,,
M-22-HRL,1988-11-01,16.091,0.0,,,,,
M-22-HRL,1988-12-01,17.813,0.0,,,,,1087.5
M-22-HRL,1989-01-01,22.578,0.0,,,,,
M-22-HRL,1989-02-01,37.431,0.0,,,,,
M-22-HRL,1989-03-01,32.853,0.0,,,,,
M-22-HRL,1989-04-01,37.241,0.0,,,,,
M-22-HRL,1989-05-01,43.795,0.0,,,,,
M-22-HRL,1989-06-01,30.242,0.0,,,,,
M-22-HRL,1989-07-01,27.647,0.0,,,,,1085.4
M-22-HRL,1989-08-01,60.805,0.0,,,,,
M-22-HRL,1989-09-01,28.19,0.0,,,,,
M-22-HRL,1989-10-01,16.622,0.0,,,,,
M-22-HRL,1989-11-01,13.547,0.0,,,,,
M-22-HRL,1989-12-01,17.089,0.0,,,,,
M-22-HRL,1990-01-01,12.589,0.0,,,,,
M-22-HRL,1990-02-01,10.648,0.0,,,,,
M-22-HRL,1990-03-01,15.065,0.0,,,,,1153.2
M-22-HRL,1990-04-01,18.463,0.0,,,,,
M-22-HRL,1990-05-01,33.553,0.0,,,,,
M-22-HRL,1990-06-01,33.582,0.0,,,852.0,,
M-22-HRL,1990-07-01,28.652,0.0,,,,,
M-22-HRL,1990-08-01,26.724,0.0,,,846.8,,
M-22-HRL,1990-09-01,12.575,0.0,,,835.4,,
M-22-HRL,1990-10-01,15.432,0.0,,,,,
M-22-HRL,1990-11-01,7.624,0.0,,,,,
M-22-HRL,1990-12-01,11.194,0.0,,,,,
M-22-HRL,1991-01-01,13.48,0.0,,,,,
M-22-HRL,1991-02-01,12.015,0.0,,,,,
M-22-HRL,1991-03-01,14.711,0.0,,,,,
M-22-HRL,1991-04-01,11.756,0.0,,,,,
M-22-HRL,1991-05-01,34.499,0.0,,,,,
M-22-HRL,1991-06-01,25.85,0.0,,,,,
M-22-HRL,1991-07-01,5.09,0.0,,,,,
M-22-HRL,1991-08-01,0.0,,,,,,
M-22-HRL,1991-09-01,77.987,0.0,,,,,
M-22-HRL,1991-10-01,76.769,0.0,,,,,
M-22-HRL,1991-11-01,92.61,0.0,,,,,
M-22-HRL,1991-12-01,101.656,0.0,,,,,1034.0
M-22-HRL,1992-01-01,100.834,0.0,,,,,
M-22-HRL,1992-02-01,92.974,0.0,,,,,
M-22-HRL,1992-03-01,99.346,0.0,,,,,
M-22-HRL,1992-04-01,91.367,0.0,,,,,
M-22-HRL,1992-05-01,97.498,0.0,,,,,
M-22-HRL,1992-06-01,91.283,0.0,,,,,
M-22-HRL,1992-07-01,89.023,0.0,,,,,
M-22-HRL,1992-08-01,95.743,0.0,,,,,
M-22-HRL,1992-09-01,74.238,0.0,,,,,
M-22-HRL,1992-10-01,73.475,0.0,,,,,1027.0
M-22-HRL,1992-11-01,58.531,0.0,,,,,
M-22-HRL,1992-12-01,37.676,0.0,,,,,
M-22-HRL,1993-01-01,0.0,,,,,,
M-22-HRL,1993-02-01,79.281,0.0,,,,,
M-22-HRL,1993-03-01,99.924,0.0,,,,,1053.4
M-22-HRL,1993-04-01,93.177,0.0,,,,,
M-22-HRL,1993-05-01,93.097,0.0,,,,,
M-22-HRL,1993-06-01,79.861,0.0,,,,,
M-22-HRL,1993-07-01,86.763,0.0,,,,,
M-22-HRL,1993-08-01,78.581,0.0,,,,,
M-22-HRL,1993-09-01,65.572,0.0,,,,,
M-22-HRL,1993-10-01,57.39,0.0,,,,,
M-22-HRL,1993-11-01,73.577,0.0,,,,,
M-22-HRL,1993-12-01,77.82,0.0,,,,,
M-22-HRL,1994-01-01,74.73,0.0,,,,,
M-22-HRL,1994-02-01,78.923,0.0,,,,,
M-22-HRL,1994-03-01,78.676,0.0,,,,,
M-22-HRL,1994-04-01,73.349,0.0,,,,,1037.92
M-22-HRL,1994-05-01,76.04,0.0,,,,,
M-22-HRL,1994-06-01,76.533,0.0,,,,,
M-22-HRL,1994-07-01,65.821,0.0,,,,,
M-22-HRL,1994-08-01,38.021,0.0,,,,,
M-22-HRL,1994-09-01,27.495,0.0,,,,,
M-22-HRL,1994-10-01,11.476,0.0,,,,,
M-22-HRL,1994-11-01,21.357,0.0,,,,,
M-22-HRL,1994-12-01,21.152,0.0,,,,,
M-22-HRL,1995-01-01,12.847,0.0,,,840.3,,
M-22-HRL,1995-02-01,19.888,0.0,,,833.5,,
M-22-HRL,1995-03-01,36.039,0.0,,,,,
M-22-HRL,1995-04-01,32.457,0.0,,,817.9,,
M-22-HRL,1995-05-01,43.283,0.0,,,819.2,,
M-22-HRL,1995-06-01,28.126,0.0,,,812.3,,
M-22-HRL,1995-07-01,15.155,0.0,,,852.7,,
M-22-HRL,1995-08-01,49.911,0.0,,,830.7,,
M-22-HRL,1995-09-01,55.676,0.0,,,780.2,,
M-22-HRL,1995-10-01,48.792,0.0,,,786.5,,
M-22-HRL,1995-11-01,48.633,0.0,,,801.3,,
M-22-HRL,1995-12-01,85.269,0.0,,,802.3,,
M-22-HRL,1996-01-01,72.011,0.0,,,790.5,,
M-22-HRL,1996-02-01,76.299,0.0,,,783.7,,
M-22-HRL,1996-03-01,72.736,0.0,,,,,
M-22-HRL,1996-04-01,71.429,0.0,,,793.5,,
M-22-HRL,1996-05-01,77.709,0.0,,,780.0,,
M-22-HRL,1996-06-01,71.028,0.0,,,780.0,,
M-22-HRL,1996-07-01,74.782,0.0,,,781.0,,
M-22-HRL,1996-08-01,72.28,0.0,,,791.3,,
M-22-HRL,1996-09-01,56.429,0.0,,,797.7,,
M-22-HRL,1996-10-01,41.893,0.0,,,798.0,,1017.11
M-22-HRL,1996-11-01,56.31,0.0,,,788.0,,
M-22-HRL,1996-12-01,55.094,0.0,,,764.4,,
M-22-HRL,1997-01-01,62.084,0.0,,,,,1018.72
M-22-HRL,1997-02-01,63.517,0.0,,,,,
M-22-HRL,1997-03-01,56.408,0.0,,,,,
M-22-HRL,1997-04-01,57.236,0.0,,,,,
M-22-HRL,1997-05-01,57.085,0.0,,,,,
M-22-HRL,1997-06-01,74.386,0.0,,,,,
M-22-HRL,1997-07-01,48.762,0.0,,,,,
M-22-HRL,1997-08-01,50.544,0.0,,,,,
M-22-HRL,1997-09-01,49.517,0.0,,,,,
M-22-HRL,1997-10-01,56.523,0.0,,,,,
M-22-HRL,1997-11-01,7.842,0.0,,,,,
M-22-HRL,1997-12-01,0.0,,,,,,
M-22-HRL,1998-01-01,0.0,,,,,,
M-22-HRL,1998-02-01,11.62,0.0,,,,,
M-22-HRL,1998-03-01,24.488,0.0,,,,,
M-22-HRL,1998-04-01,54.443,0.0,,,,,1026.25
M-22-HRL,1998-05-01,69.922,0.0,,,,,
M-22-HRL,1998-06-01,61.294,0.0,,,,,
M-22-HRL,1998-07-01,47.939,0.0,,,758.0,,
M-22-HRL,1998-08-01,46.051,0.0,,,,,
M-22-HRL,1998-09-01,45.513,0.0,,,,,
M-22-HRL,1998-10-01,54.34,0.0,,,,,
M-22-HRL,1998-11-01,41.417,0.0,,,,,
M-22-HRL,1998-12-01,35.196,0.0,,,,,
M-22-HRL,1999-01-01,46.824,0.0,,,,,
M-22-HRL,1999-02-01,33.309,0.0,,,723.5,,
M-22-HRL,1999-03-01,46.877,0.0,,,,,
M-22-HRL,1999-04-01,49.568,0.0,,,,,
M-22-HRL,1999-05-01,45.705,0.0,,,,,
M-22-HRL,1999-06-01,52.901,0.0,,,,,
M-22-HRL,1999-07-01,33.299,0.0,,,730.3,,
M-22-HRL,1999-08-01,24.402,0.0,,,724.5,,
M-22-HRL,1999-09-01,23.706,0.0,,,,,
M-22-HRL,1999-10-01,49.616,0.0,,,713.4,,
M-22-HRL,1999-11-01,43.878,0.0,,,,,
M-22-HRL,1999-12-01,47.625,0.0,,,,,
M-22-HRL,2000-01-01,53.824,0.0,,,,,
M-22-HRL,2000-02-01,40.188,0.0,,,,,
M-22-HRL,2000-03-01,54.76,0.0,,,,,
M-22-HRL,2000-04-01,47.431,0.0,,,,,
M-22-HRL,2000-05-01,13.709,0.0,,,700.8,,
M-22-HRL,2000-06-01,53.285,0.0,,,691.0,,987.29
M-22-HRL,2000-07-01,49.635,0.0,,,,,
M-22-HRL,2000-08-01,28.723,0.0,,,687.3,,
M-22-HRL,2000-09-01,26.164,0.0,,,,,
M-22-HRL,2000-10-01,40.969,0.0,,,,,
M-22-HRL,2000-11-01,28.517,0.0,,,696.8,,
M-22-HRL,2000-12-01,38.675,0.0,,,,,
M-22-HRL,2001-01-01,50.722,0.0,,,708.5,,
M-22-HRL,2001-02-01,49.015,0.0,,,697.2,,
M-22-HRL,2001-03-01,49.114,0.0,,,699.3,,
M-22-HRL,2001-04-01,47.771,0.0,,,,,
M-22-HRL,2001-05-01,51.72,0.0,,,693.2,,
M-22-HRL,2001-06-01,37.817,0.0,,,697.7,,979.3
M-22-HRL,2001-07-01,33.865,0.0,,,690.3,,
M-22-HRL,2001-08-01,26.012,0.0,,,690.4,,
M-22-HRL,2001-09-01,24.603,0.0,,,690.4,,
M-22-HRL,2001-10-01,28.271,0.0,,,710.4,,
M-22-HRL,2001-11-01,39.93,0.0,,,685.8,,
M-22-HRL,2001-12-01,34.031,0.0,,,678.0,,
M-22-HRL,2002-01-01,42.407,0.0,,,,,
M-22-HRL,2002-02-01,35.485,0.0,,,773.2,,
M-22-HRL,2002-03-01,30.274,0.0,,,883.4,,
M-22-HRL,2002-04-01,44.073,0.0,,,695.6,,
M-22-HRL,2002-05-01,38.873,0.0,,,678.5,,962.2
M-22-HRL,2002-06-01,34.958,0.0,,,692.1,,
M-22-HRL,2002-07-01,46.801,0.0,,,,,
M-22-HRL,2002-08-01,29.522,0.0,,,695.7,,
M-22-HRL,2002-09-01,30.046,0.0,,,,,
M-22-HRL,2002-10-01,32.166,0.0,,,677.6,,
M-22-HRL,2002-11-01,36.024,0.0,,,669.4,,
M-22-HRL,2002-12-01,43.84,0.0,,,671.8,,
M-22-HRL,2003-01-01,39.702,0.0,,,669.2,,
M-22-HRL,2003-02-01,37.018,0.0,,,661.8,,
M-22-HRL,2003-03-01,38.744,0.0,,,672.2,,
M-22-HRL,2003-04-01,43.862,0.0,,,669.1,,
M-22-HRL,2003-05-01,44.233,0.0,,,669.9,,
M-22-HRL,2003-06-01,41.958,0.0,,,676.8,,
M-22-HRL,2003-07-01,42.704,0.0,,,,,
M-22-HRL,2003-08-01,61.106,0.0,,,676.5,,
M-22-HRL,2003-09-01,57.982,0.0,,,,,
M-22-HRL,2003-10-01,60.859,0.0,,,,,926.1
M-22-HRL,2003-11-01,50.559,0.0,,,,,
M-22-HRL,2003-12-01,47.683,0.0,,,,,
M-22-HRL,2004-01-01,35.167,0.0,,,662.2,,
M-22-HRL,2004-02-01,34.143,0.0,,,667.0,,
M-22-HRL,2004-03-01,47.331,0.0,,,663.5,,
M-22-HRL,2004-04-01,41.738,0.0,,,672.5,,
M-22-HRL,2004-05-01,38.757,0.0,,,675.9,,
M-22-HRL,2004-06-01,38.256,0.0,,,673.9,,
M-22-HRL,2004-07-01,44.746,0.0,,,670.8,,
M-22-HRL,2004-08-01,66.822,0.0,,,645.5,,
M-22-HRL,2004-09-01,48.914,0.0,,,653.4,,939.57
M-22-HRL,2004-10-01,35.363,0.0,,,645.8,,
M-22-HRL,2004-11-01,30.547,0.0,,,651.5,,
M-22-HRL,2004-12-01,31.458,0.0,,,651.2,,
M-22-HRL,2005-01-01,33.197,0.0,,,668.5,,
M-22-HRL,2005-02-01,31.788,0.0,,,657.8,,
M-22-HRL,2005-03-01,40.395,0.0,,,652.0,,
M-22-HRL,2005-04-01,33.691,0.0,,,656.5,,
M-22-HRL,2005-05-01,43.429,0.0,,,641.5,,
M-22-HRL,2005-06-01,33.197,0.0,,,653.6,,
M-22-HRL,2005-07-01,11.287,0.0,,,644.8,,
M-22-HRL,2005-08-01,25.081,0.0,,,643.3,,914.4287581
M-22-HRL,2005-09-01,51.065,0.0,,,649.5,,
M-22-HRL,2005-10-01,38.808,0.0,,,639.9,,
M-22-HRL,2005-11-01,34.985,0.0,,,642.0,,
M-22-HRL,2005-12-01,37.928,0.0,,,645.2,,
M-22-HRL,2006-01-01,25.451,0.0,,,634.8,,887.1824373
M-22-HRL,2006-02-01,36.863,0.0,,,636.7,,
M-22-HRL,2006-03-01,35.011,0.0,,,645.9,,
M-22-HRL,2006-04-01,23.996,0.0,,,637.6,,
M-22-HRL,2006-05-01,33.252,0.0,,,635.3,,
M-22-HRL,2006-06-01,50.326,0.0,,,627.4,,
M-22-HRL,2006-07-01,38.377,0.0,,,624.3,,
M-22-HRL,2006-08-01,39.912,0.0,,,627.5,,
M-22-HRL,2006-09-01,37.172,0.0,,,630.5,,
M-22-HRL,2006-10-01,29.505,0.0,,,622.4,,
M-22-HRL,2006-11-01,37.256,0.0,,,618.6,,
M-22-HRL,2006-12-01,36.437,0.0,,,617.6,,
M-22-HRL,2007-01-01,38.798,0.0,,,612.5,,
M-22-HRL,2007-02-01,36.639,0.0,,,612.3,,
M-22-HRL,2007-03-01,44.193,0.0,,,615.3,,
M-22-HRL,2007-04-01,26.975,0.0,,,615.8,,
M-22-HRL,2007-05-01,39.846,0.0,,,599.2,,
M-22-HRL,2007-06-01,43.053,0.0,,,604.9,,872.3682691
M-22-HRL,2007-07-01,34.176,0.0,,,617.6,,
M-22-HRL,2007-08-01,30.565,0.0,,,612.4,,
M-22-HRL,2007-09-01,33.289,0.0,,,610.5,,
M-22-HRL,2007-10-01,26.677,0.0,,,607.2,,
M-22-HRL,2007-11-01,43.689,0.0,,,656.3,,
M-22-HRL,2007-12-01,30.776,0.0,,,620.0,,
M-22-HRL,2008-01-01,43.405,0.0,,,602.6,,
M-22-HRL,2008-02-01,34.247,0.0,,,602.1,,
M-22-HRL,2008-03-01,28.05,0.0,,,601.1,,
M-22-HRL,2008-04-01,58.38,0.0,,,602.5,,
M-22-HRL,2008-05-01,39.617,0.0,,,609.5,,
M-22-HRL,2008-06-01,28.603,0.0,,,580.8,,
M-22-HRL,2008-07-01,27.437,0.0,,,587.8,,869.5
M-22-HRL,2008-08-01,32.725,0.0,,,583.8,,
M-22-HRL,2008-09-01,37.791,0.0,,,585.5,,
M-22-HRL,2008-10-01,27.051,0.0,,,581.5,,
M-22-HRL,2008-11-01,46.893,0.0,,,575.8,,
M-22-HRL,2008-12-01,31.041,0.0,,,584.2,,
M-22-HRL,2009-01-01,43.661,0.0,,,588.5,,
M-22-HRL,2009-02-01,36.979,0.0,,,596.2,,
M-22-HRL,2009-03-01,37.415,0.0,,,589.1,,
M-22-HRL,2009-04-01,31.851,0.0,,,616.3,,
M-22-HRL,2009-05-01,39.681,0.0,,,609.8,,
M-22-HRL,2009-06-01,35.984,0.0,,,573.5,,
M-22-HRL,2009-07-01,36.681,0.0,,,578.7,,845.0
M-22-HRL,2009-08-01,41.399,0.0,,,574.5,,
M-22-HRL,2009-09-01,43.029,0.0,,,571.2,,
M-22-HRL,2009-10-01,39.182,0.0,,,563.4,,
M-22-HRL,2009-11-01,34.927,0.0,,,561.4,,
M-22-HRL,2009-12-01,32.723,0.0,,,575.0,,
M-22-HRL,2010-01-01,35.658,0.0,,,572.9,,824.437
M-22-HRL,2010-02-01,33.337,0.0,,,579.1,,
M-22-HRL,2010-03-01,39.61,0.0,,,575.8,,
M-22-HRL,2010-04-01,37.958,0.0,,,576.4,,
M-22-HRL,2010-05-01,35.025,0.0,,,616.8,,
M-22-HRL,2010-06-01,37.56,0.0,,,569.7,,
M-22-HRL,2010-07-01,23.482,0.0,,,663.8,,
M-22-HRL,2010-08-01,30.412,0.0,,,563.0,,
M-22-HRL,2010-09-01,26.531,0.0,,,558.0,,
M-22-HRL,2010-10-01,37.288,0.0,,,566.5,,
M-22-HRL,2010-11-01,39.096,0.0,,,553.6,,
M-22-HRL,2010-12-01,32.277,0.0,,,540.0,,
M-22-HRL,2011-01-01,37.194,0.0,,,551.4,,
M-22-HRL,2011-02-01,27.0,0.0,,,568.1,,
M-22-HRL,2011-03-01,32.891,0.0,,,553.4,,
M-22-HRL,2011-04-01,34.816,0.0,,,569.5,,
M-22-HRL,2011-05-01,34.712,0.0,,,557.2,,
M-22-HRL,2011-06-01,28.57,0.0,,,549.1,,
M-22-HRL,2011-07-01,21.73,0.0,,,547.6,,
M-22-HRL,2011-08-01,38.648,0.0,,,542.8,,
M-22-HRL,2011-09-01,41.22,0.0,,,546.4,,
M-22-HRL,2011-10-01,35.787,0.0,,,547.2,,
M-22-HRL,2011-11-01,33.749,0.0,,,536.1,,
M-22-HRL,2011-12-01,30.333,0.0,,,541.2,,
M-22-HRL,2012-01-01,25.033,0.0,,,533.7,,
M-22-HRL,2012-02-01,41.419,0.0,,,544.2,,
M-22-HRL,2012-03-01,30.754,0.0,,,530.1,,
M-22-HRL,2012-04-01,35.887,0.0,,,541.5,,
M-22-HRL,2012-05-01,32.627,0.0,,,536.0,,
M-22-HRL,2012-06-01,31.996,0.0,,,550.5,,
M-22-HRL,2012-07-01,34.486,0.0,,,536.7,,
M-22-HRL,2012-08-01,38.949,0.0,,,542.5,,
M-22-HRL,2012-09-01,17.041,0.0,,,539.8,,
M-22-HRL,2012-10-01,34.976,0.0,,,523.4,,
M-22-HRL,2012-11-01,21.081,0.0,,,529.9,,
M-22-HRL,2012-12-01,17.847,0.0,,,538.9,,
M-22-HRL,2013-01-01,20.754,0.0,,,531.8,,
M-22-HRL,2013-02-01,23.704,0.0,,,528.5,,
M-22-HRL,2013-03-01,28.875,0.0,,,542.5,,
M-22-HRL,2013-04-01,28.167,0.0,,,553.2,,
M-22-HRL,2013-05-01,21.431,0.0,,,522.5,,
M-22-HRL,2013-06-01,18.452,0.0,,,526.3,,
M-22-HRL,2013-07-01,26.836,0.0,,,527.1,,
M-22-HRL,2013-08-01,39.835,0.0,,,516.3,,
M-22-HRL,2013-09-01,30.335,0.0,,,515.1,,
M-22-HRL,2013-10-01,20.894,0.0,,,517.9,,
M-22-HRL,2013-11-01,23.332,0.0,,,595.2,,
M-22-HRL,2013-12-01,28.427,0.0,,,502.1,,
M-22-HRL,2014-01-01,24.572,0.0,,,505.5,,
M-22-HRL,2014-02-01,30.745,0.0,,,512.8,,
M-22-HRL,2014-03-01,26.591,0.0,,,516.1,,
M-22-HRL,2014-04-01,28.583,0.0,,,502.4,,
M-22-HRL,2014-05-01,33.74,0.0,,,538.8,,
M-22-HRL,2014-06-01,22.221,0.0,,,496.1,,
M-22-HRL,2014-07-01,28.109,0.0,,,484.7,,
M-22-HRL,2014-08-01,21.869,0.0,,,491.2,,
M-22-HRL,2014-09-01,32.75,0.0,,,501.1,,
M-22-HRL,2014-10-01,28.194,0.0,,,473.0,,
M-22-HRL,2014-11-01,19.206,0.0,,,478.3,,
M-22-HRL,2014-12-01,23.023,0.0,,,481.3,,
M-22-HRL,2015-01-01,32.124,0.0,,,476.6,,760.0
M-22-HRL,2015-02-01,43.092,0.0,,,478.3,,
M-22-HRL,2015-03-01,34.863,0.0,,,478.3,,
M-22-HRL,2015-04-01,35.314,0.0,,,489.1,,
M-22-HRL,2015-05-01,30.353,0.0,,,470.8,,
M-22-HRL,2015-06-01,38.488,0.0,,,461.0,,
M-22-HRL,2015-07-01,29.211,0.0,,,467.6,,
M-22-HRL,2015-08-01,36.493,0.0,31.0,64.0,455.2,454.2,
M-22-HRL,2015-09-01,16.213,0.0,30.0,64.0,456.0,454.9,
M-22-HRL,2015-10-01,36.842,0.0,31.0,64.0,461.2,457.2,
M-22-HRL,2015-11-01,20.859,0.0,30.0,64.0,485.6,484.5,
M-22-HRL,2015-12-01,28.667,0.0,31.0,64.0,460.0,458.9,
M-22-HRL,2016-01-01,37.309,0.0,31.0,64.0,450.0,448.6,
M-22-HRL,2016-02-01,42.586,0.0,29.0,64.0,441.0,440.1,
M-22-HRL,2016-03-01,43.077,0.0,31.0,64.0,449.1,447.3,
M-22-HRL,2016-04-01,22.812,0.0,30.0,64.0,439.2,439.0,
M-22-HRL,2016-05-01,26.868,0.0,31.0,64.0,449.0,447.7,
M-22-HRL,2016-06-01,36.447,0.0,30.0,64.0,437.5,437.2,
M-22-HRL,2016-07-01,37.776,0.0,31.0,64.0,400.4,399.4,
M-22-HRL,2016-08-01,35.824,0.0,27.0,64.0,431.6,430.4,
M-22-HRL,2016-09-01,36.644,0.0,30.0,64.0,436.0,435.3,
M-22-HRL,2016-10-01,20.289,0.0,31.0,64.0,446.0,445.5,
M-22-HRL,2016-11-01,39.705,0.0,30.0,64.0,426.1,425.2,
M-22-HRL,2016-12-01,36.064,0.0,31.0,64.0,415.1,413.0,
M-22-HRL,2017-01-01,29.215,0.0,31.0,64.0,413.7,412.6,
M-22-HRL,2017-02-01,30.883,0.0,28.0,64.0,415.6,414.3,
M-22-HRL,2017-03-01,40.977,0.0,31.0,64.0,416.0,414.9,
M-22-HRL,2017-04-01,37.45,0.0,29.0,64.0,401.0,399.2,
M-22-HRL,2017-05-01,39.571,0.0,31.0,64.0,407.5,406.7,
M-22-HRL,2017-06-01,37.834,0.0,30.0,64.0,413.9,412.7,
M-22-HRL,2017-07-01,39.1,0.0,31.0,64.0,400.4,399.4,
M-22-HRL,2017-08-01,41.033,0.0,31.0,64.0,401.9,400.5,
M-22-HRL,2017-09-01,39.403,0.0,30.0,64.0,404.7,403.8,
M-22-HRL,2017-10-01,26.46,0.0,31.0,64.0,426.7,426.6,
M-22-HRL,2017-11-01,37.389,0.0,30.0,64.0,407.4,407.1,
M-22-HRL,2017-12-01,41.845,0.0,31.0,64.0,397.0,394.0,
M-22-HRL,2018-01-01,46.005,0.0,31.0,64.0,380.8,379.0,
M-22-HRL,2018-02-01,36.864,0.0,25.0,64.0,370.4,369.4,
M-22-HRL,2018-03-01,42.328,0.0,29.0,64.0,370.1,366.1,
M-22-HRL,2018-04-01,42.945,0.0,26.0,64.0,387.5,386.3,697.791845
M-22-HRL,2018-05-01,47.883,0.0,31.0,64.0,349.9,348.5,
M-22-HRL,2018-06-01,50.642,0.0,30.0,64.0,350.6,349.1,
M-22-HRL,2018-07-01,49.554,0.0,31.0,64.0,352.3,350.4,
M-22-HRL,2018-08-01,49.545,0.0,31.0,64.0,353.1,350.7,
M-22-HRL,2018-09-01,46.219,0.0,30.0,64.0,343.5,341.3,
M-22-HRL,2018-10-01,46.858,0.0,31.0,64.0,343.9,342.6,
M-22-HRL,2018-11-01,43.0,0.0,30.0,64.0,353.0,352.0,
M-22-HRL,2018-12-01,42.822,0.0,31.0,64.0,358.0,356.7,
M-22-HRL,2019-01-01,37.508,0.0,31.0,64.0,353.8,352.9,
M-22-HRL,2019-02-01,37.048,0.0,28.0,64.0,338.0,237.5,
M-22-HRL,2019-03-01,41.86,0.0,31.0,64.0,356.5,355.4,
M-22-HRL,2019-04-01,33.316,0.0,24.0,64.0,361.5,360.0,
M-22-HRL,2019-05-01,34.752,0.0,25.0,64.0,,,
M-22-HRL,2019-06-01,44.665,0.0,29.0,64.0,341.8,340.2,
M-22-HRL,2019-07-01,45.094,0.0,31.0,64.0,359.2,358.4,
M-22-HRL,2019-08-01,37.023,0.0,26.0,64.0,351.0,350.1,656.672845
M-22-HRL,2019-09-01,41.095,0.0,30.0,64.0,371.8,354.8,
M-22-HRL,2019-10-01,37.437,0.0,31.0,64.0,370.6,370.0,
M-22-HRL,2019-11-01,25.03,0.0,30.0,64.0,358.7,358.0,
M-22-HRL,2019-12-01,36.07,0.0,31.0,64.0,372.5,370.2,
M-22-HRL,2020-01-01,42.968,0.0,31.0,64.0,350.8,349.0,
M-22-HRL,2020-02-01,38.818,0.0,29.0,64.0,343.3,342.0,
M-22-HRL,2020-03-01,36.267,0.0,31.0,64.0,343.3,342.0,
M-22-HRL,2020-04-01,32.725,0.0,30.0,64.0,,,
M-22-HRL,2020-05-01,29.984,0.0,31.0,64.0,,,
M-22-HRL,2020-06-01,33.694,0.0,30.0,64.0,,,
M-22-HRL,2020-07-01,44.55,0.0,31.0,64.0,330.5,307.6,
M-22-HRL,2020-08-01,42.683,0.0,31.0,64.0,375.0,366.7,
M-22-HRL,2020-09-01,41.302,0.0,30.0,64.0,349.4,348.4,
M-22-HRL,2020-10-01,37.909,0.0,31.0,64.0,339.3,338.3,
M-22-HRL,2020-11-01,34.552,0.0,30.0,64.0,337.6,336.6,
M-22-HRL,2020-12-01,40.144,0.0,31.0,64.0,308.8,307.4,
M-22-HRL,2021-01-01,46.142,0.0,31.0,64.0,302.6,301.6,
M-22-HRL,2021-02-01,40.235,0.0,28.0,64.0,309.1,307.2,
M-22-HRL,2021-03-01,42.856,0.0,31.0,64.0,320.1,318.9,
M-22-HRL,2021-04-01,47.3,0.0,30.0,64.0,327.7,327.0,
M-22-HRL,2021-05-01,48.345,0.0,31.0,64.0,268.4,266.4,
M-22-HRL,2021-06-01,42.149,0.0,30.0,64.0,290.3,288.3,
M-22-HRL,2021-07-01,42.7,0.0,31.0,64.0,271.3,268.0,
M-22-HRL,2021-08-01,44.674,0.0,31.0,64.0,264.7,262.9,
M-22-HRL,2021-09-01,39.808,0.0,30.0,64.0,288.7,282.4,
M-22-HRL,2021-10-01,42.716,0.0,31.0,64.0,259.2,253.4,
M-22-HRL,2021-11-01,40.128,0.0,30.0,64.0,258.2,256.0,
M-22-HRL,2021-12-01,43.544,0.0,31.0,64.0,255.4,252.2,
M-22-HRL,2022-01-01,43.412,0.0,31.0,64.0,252.7,251.0,
M-22-HRL,2022-02-01,38.492,0.0,28.0,64.0,254.5,253.6,
M-22-HRL,2022-03-01,43.335,0.0,31.0,64.0,235.0,231.6,
M-22-HRL,2022-04-01,43.331,0.0,30.0,64.0,239.3,237.2,
M-22-HRL,2022-05-01,44.779,0.0,31.0,64.0,236.4,235.0,
M-22-HRL,2022-06-01,41.701,0.0,30.0,64.0,250.2,248.3,
M-22-HRL,2022-07-01,39.102,0.0,31.0,64.0,254.7,253.0,
M-22-HRL,2022-08-01,40.934,0.0,31.0,64.0,242.7,241.1,
M-22-HRL,2022-09-01,39.827,0.0,30.0,64.0,230.1,220.2,
M-22-HRL,2022-10-01,40.395,0.0,31.0,64.0,246.3,245.1,
M-22-HRL,2022-11-01,46.354,0.0,28.0,64.0,264.0,255.6,
M-22-HRL,2022-12-01,78.529,0.0,28.0,64.0,247.9,238.5,
M-22-HRL,2023-01-01,89.679,0.0,31.0,64.0,247.9,238.5,
M-22-HRL,2023-02-01,52.133,0.0,18.0,64.0,259.5,251.7,
M-22-HRL,2023-03-01,91.616,0.0,31.0,64.0,236.5,227.2,535.0
M-22-HRL,2023-04-01,,,,,240.5,233.8,
M-22-HRL,2023-05-01,62.864,0.0,23.0,64.0,267.6,265.7,
M-22-HRL,2023-06-01,82.609,0.0,30.0,64.0,243.5,237.3,
M-22-HRL,2023-07-01,84.202,0.0,31.0,96.0,236.1,229.7,
M-22-HRL,2023-08-01,84.574,0.0,31.0,96.0,232.5,225.4,
M-22-HRL,2023-09-01,80.212,0.0,30.0,64.0,230.6,224.2,
M-22-HRL,2023-10-01,80.462,0.0,31.0,64.0,245.0,239.5,
M-22-HRL,2023-11-01,77.286,0.0,30.0,64.0,255.6,248.9,
M-22-HRL,2023-12-01,79.333,0.0,31.0,64.0,238.6,233.4,
M-22-HRL,2024-01-01,79.302,0.0,31.0,128.0,228.7,227.7,
M-22-HRL,2024-02-01,72.515,0.0,29.0,128.0,224.2,222.8,
M-22-HRL,2024-03-01,76.114,0.0,31.0,128.0,219.0,218.0,
M-22-HRL,2024-04-01,73.339,0.0,30.0,128.0,,,
M-22-HRL,2024-05-01,68.674,0.0,31.0,128.0,260.7,259.8,
M-22-HRL,2024-06-01,69.17,0.0,30.0,128.0,256.8,256.0,
M-22-HRL,2024-07-01,73.735,0.0,31.0,128.0,234.8,233.8,
M-22-HRL,2024-08-01,73.948,0.0,31.0,128.0,217.5,216.2,
M-22-HRL,2024-09-01,72.524,0.0,30.0,128.0,,,
M-22-HRL,2024-10-01,73.603,0.0,31.0,128.0,,,
M-22-HRL,2024-11-01,68.088,0.0,30.0,128.0,228.6,228.0,
M-22-HRL,2024-12-01,70.029,0.0,31.0,128.0,220.1,218.6,
M-22-HRL,2025-01-01,69.259,0.0,31.0,128.0,220.9,219.8,
M-22-HRL,2025-02-01,62.419,0.0,28.0,128.0,223.8,222.9,
M-22-HRL,2025-03-01,71.2,0.0,31.0,128.0,212.0,210.0,
M-22-HRL,2025-04-01,68.15,0.0,30.0,128.0,,,
M-22-HRL,2025-05-01,71.649,0.0,31.0,128.0,,,
M-22-HRL,2025-06-01,66.644,0.0,30.0,128.0,214.1,212.9,
M-41-HRL,1986-04-01,157.273,72.0,,,,,
M-41-HRL,1986-05-01,159.983,51.262,,,,,
M-41-HRL,1986-06-01,179.376,62.524,,,,,
M-41-HRL,1986-07-01,185.615,46.595,,,,,
M-41-HRL,1986-08-01,90.284,22.548,,,,,
M-41-HRL,1986-09-01,125.596,20.524,,,,,
M-41-HRL,1986-10-01,149.552,9.405,,,,,
M-41-HRL,1986-11-01,123.478,7.381,,,,,
M-41-HRL,1986-12-01,188.334,11.238,,,,,
M-41-HRL,1987-01-01,285.179,17.571,,,,,
M-41-HRL,1987-02-01,272.283,17.119,,,,,
M-41-HRL,1987-03-01,301.139,18.929,,,,,
M-41-HRL,1987-04-01,291.242,18.048,,,,,
M-41-HRL,1987-05-01,301.582,18.786,,,,,
M-41-HRL,1987-06-01,292.293,18.357,,,,,
M-41-HRL,1987-07-01,291.758,19.071,,,,,
M-41-HRL,1987-08-01,297.822,18.738,,,,,
M-41-HRL,1987-09-01,285.731,17.881,,,,,
M-41-HRL,1987-10-01,268.738,16.452,,,,,
M-41-HRL,1987-11-01,256.082,16.0,,,,,
M-41-HRL,1987-12-01,273.585,16.571,,,,,
M-41-HRL,1988-01-01,269.085,16.476,,,,,
M-41-HRL,1988-02-01,252.252,15.214,,,,,
M-41-HRL,1988-03-01,289.64,18.667,,,,,
M-41-HRL,1988-04-01,162.517,9.905,,,,,
M-41-HRL,1988-05-01,283.545,17.381,,,,,
M-41-HRL,1988-06-01,278.085,17.167,,,,,
M-41-HRL,1988-07-01,278.645,17.619,,,,,1063.0
M-41-HRL,1988-08-01,217.647,19.833,,,,,
M-41-HRL,1988-09-01,241.88,16.714,,,,,
M-41-HRL,1988-10-01,262.146,16.19,,,,,
M-41-HRL,1988-11-01,251.798,15.262,,,,,
M-41-HRL,1988-12-01,246.868,14.381,,,,,
M-41-HRL,1989-01-01,247.491,14.333,,,,,
M-41-HRL,1989-02-01,242.217,14.167,,,,,
M-41-HRL,1989-03-01,225.642,12.929,,,,,
M-41-HRL,1989-04-01,266.186,15.643,,,,,
M-41-HRL,1989-05-01,242.004,14.119,,,,,
M-41-HRL,1989-06-01,213.313,12.524,,,,,1046.0
M-41-HRL,1989-07-01,225.674,13.286,,,,,
M-41-HRL,1989-08-01,250.171,14.405,,,,,
M-41-HRL,1989-09-01,267.508,15.31,,,,,
M-41-HRL,1989-10-01,369.828,22.905,,,,,
M-41-HRL,1989-11-01,431.676,26.976,,,,,
M-41-HRL,1989-12-01,376.236,23.262,,,,,
M-41-HRL,1990-01-01,313.623,19.548,,,,,
M-41-HRL,1990-02-01,204.95,12.738,,,,,
M-41-HRL,1990-03-01,248.061,15.524,,,,,
M-41-HRL,1990-04-01,159.439,9.857,,,,,
M-41-HRL,1990-05-01,253.967,15.595,,,,,
M-41-HRL,1990-06-01,219.836,13.595,,,,,
M-41-HRL,1990-07-01,243.079,15.167,,,,,
M-41-HRL,1990-08-01,243.652,14.952,,,853.1,,
M-41-HRL,1990-09-01,180.961,10.976,,,840.2,,
M-41-HRL,1990-10-01,278.475,17.381,,,877.8,,
M-41-HRL,1990-11-01,258.794,15.81,,,,,
M-41-HRL,1990-12-01,271.621,16.881,,,,,1020.0
M-41-HRL,1991-01-01,195.063,12.786,,,,,
M-41-HRL,1991-02-01,273.998,16.833,,,,,
M-41-HRL,1991-03-01,261.332,16.571,,,,,
M-41-HRL,1991-04-01,269.55,17.524,,,,,
M-41-HRL,1991-05-01,273.509,18.119,,,,,
M-41-HRL,1991-06-01,258.38,16.905,,,,,1014.0
M-41-HRL,1991-07-01,154.622,8.405,,,,,
M-41-HRL,1991-08-01,274.929,15.048,,,,,
M-41-HRL,1991-09-01,308.283,16.976,,,,,
M-41-HRL,1991-10-01,179.748,9.881,,,,,
M-41-HRL,1991-11-01,164.667,9.048,,,,,
M-41-HRL,1991-12-01,169.168,9.31,,,,,
M-41-HRL,1992-01-01,249.296,13.619,,,,,
M-41-HRL,1992-02-01,234.316,12.929,,,,,
M-41-HRL,1992-03-01,237.34,13.143,,,,,
M-41-HRL,1992-04-01,243.765,13.381,,,,,
M-41-HRL,1992-05-01,240.425,13.381,,,,,
M-41-HRL,1992-06-01,238.003,13.024,,,,,1016.0
M-41-HRL,1992-07-01,247.23,13.667,,,,,
M-41-HRL,1992-08-01,268.111,14.952,,,,,
M-41-HRL,1992-09-01,215.771,11.619,,,,,
M-41-HRL,1992-10-01,306.57,16.976,,,,,
M-41-HRL,1992-11-01,335.975,18.262,,,,,
M-41-HRL,1992-12-01,266.52,14.619,,,,,
M-41-HRL,1993-01-01,400.883,22.262,,,,,
M-41-HRL,1993-02-01,361.178,20.357,,,,,
M-41-HRL,1993-03-01,422.306,23.333,,,,,
M-41-HRL,1993-04-01,327.11,18.024,,,,,
M-41-HRL,1993-05-01,399.034,205.619,,,,,
M-41-HRL,1993-06-01,400.057,204.071,,,,,
M-41-HRL,1993-07-01,397.077,178.857,,,,,
M-41-HRL,1993-08-01,384.971,173.405,,,,,
M-41-HRL,1993-09-01,358.285,161.929,,,,,
M-41-HRL,1993-10-01,302.171,136.952,,,,,
M-41-HRL,1993-11-01,296.178,135.452,,,,,968.0
M-41-HRL,1993-12-01,361.337,164.31,,,,,
M-41-HRL,1994-01-01,384.429,171.69,,,,,
M-41-HRL,1994-02-01,332.218,240.214,,,,,
M-41-HRL,1994-03-01,391.859,173.238,,,,,
M-41-HRL,1994-04-01,376.054,166.881,,,,,
M-41-HRL,1994-05-01,372.669,289.333,,,,,
M-41-HRL,1994-06-01,355.404,277.595,,,,,
M-41-HRL,1994-07-01,337.468,262.476,,,,,
M-41-HRL,1994-08-01,363.99,281.714,,,,,
M-41-HRL,1994-09-01,303.932,237.286,,,,,979.0
M-41-HRL,1994-10-01,313.555,239.167,,,,,
M-41-HRL,1994-11-01,238.169,182.214,,,,,
M-41-HRL,1994-12-01,345.824,267.69,,,,,
M-41-HRL,1995-01-01,371.228,285.071,,,776.8,,
M-41-HRL,1995-02-01,306.882,235.833,,,784.4,,
M-41-HRL,1995-03-01,136.442,104.643,,,,,
M-41-HRL,1995-04-01,145.383,111.881,,,862.3,,
M-41-HRL,1995-05-01,156.657,145.167,,,862.3,,
M-41-HRL,1995-06-01,139.972,128.524,,,864.5,,
M-41-HRL,1995-07-01,198.281,180.643,,,865.0,,
M-41-HRL,1995-08-01,355.602,29.262,,,785.7,,
M-41-HRL,1995-09-01,330.332,27.262,,,788.5,,
M-41-HRL,1995-10-01,178.479,14.786,,,785.8,,
M-41-HRL,1995-11-01,346.611,28.929,,,,,
M-41-HRL,1995-12-01,379.315,330.214,,,757.5,,
M-41-HRL,1996-01-01,377.38,327.024,,,760.2,,
M-41-HRL,1996-02-01,343.705,301.595,,,762.1,,
M-41-HRL,1996-03-01,361.145,313.024,,,,,
M-41-HRL,1996-04-01,349.624,506.024,,,759.6,,
M-41-HRL,1996-05-01,375.856,506.024,,,754.5,,
M-41-HRL,1996-06-01,363.759,495.738,,,747.3,,
M-41-HRL,1996-07-01,363.808,315.143,,,780.5,,
M-41-HRL,1996-08-01,331.966,242.214,,,768.0,,
M-41-HRL,1996-09-01,320.868,235.524,,,765.0,,959.0
M-41-HRL,1996-10-01,323.141,238.619,,,762.2,,
M-41-HRL,1996-11-01,322.031,233.786,,,775.3,,
M-41-HRL,1996-12-01,331.166,240.619,,,774.3,,
M-41-HRL,1997-01-01,302.058,221.857,,,,,928.0
M-41-HRL,1997-02-01,271.941,201.667,,,,,
M-41-HRL,1997-03-01,294.644,216.071,,,,,
M-41-HRL,1997-04-01,277.732,423.833,,,,,
M-41-HRL,1997-05-01,286.496,433.095,,,,,
M-41-HRL,1997-06-01,259.688,395.548,,,,,
M-41-HRL,1997-07-01,293.515,393.095,,,,,
M-41-HRL,1997-08-01,294.783,394.357,,,,,
M-41-HRL,1997-09-01,194.28,260.548,,,,,
M-41-HRL,1997-10-01,185.146,248.548,,,,,
M-41-HRL,1997-11-01,301.122,185.524,,,,,
M-41-HRL,1997-12-01,300.919,318.143,,,,,
M-41-HRL,1998-01-01,308.202,412.381,,,,,
M-41-HRL,1998-02-01,289.474,386.738,,,,,
M-41-HRL,1998-03-01,331.447,444.714,,,,,
M-41-HRL,1998-04-01,312.132,418.571,,,,,
M-41-HRL,1998-05-01,317.618,231.952,,,,,
M-41-HRL,1998-06-01,296.795,170.595,,,,,
M-41-HRL,1998-07-01,331.458,394.619,,,740.0,,
M-41-HRL,1998-08-01,312.573,329.143,,,,,
M-41-HRL,1998-09-01,222.759,84.524,,,,,919.0
M-41-HRL,1998-10-01,84.08,4.976,,,,,
M-41-HRL,1998-11-01,279.662,16.571,,,,,
M-41-HRL,1998-12-01,289.772,131.786,,,,,
M-41-HRL,1999-01-01,260.164,166.071,,,,,
M-41-HRL,1999-02-01,241.366,188.881,,,762.7,,
M-41-HRL,1999-03-01,272.105,301.119,,,,,
M-41-HRL,1999-04-01,252.524,99.31,,,,,
M-41-HRL,1999-05-01,294.811,137.69,,,,,
M-41-HRL,1999-06-01,315.563,534.667,,,,,
M-41-HRL,1999-07-01,286.049,214.786,,,748.0,,
M-41-HRL,1999-08-01,296.394,312.262,,,738.5,,
M-41-HRL,1999-09-01,303.5,357.119,,,,,
M-41-HRL,1999-10-01,313.245,335.976,,,723.4,,
M-41-HRL,1999-11-01,252.49,183.81,,,,,
M-41-HRL,1999-12-01,264.572,178.333,,,,,
M-41-HRL,2000-01-01,270.453,180.952,,,,,
M-41-HRL,2000-02-01,247.731,128.476,,,,,
M-41-HRL,2000-03-01,242.918,142.69,,,,,
M-41-HRL,2000-04-01,273.164,194.857,,,,,
M-41-HRL,2000-05-01,310.087,414.167,,,716.3,,
M-41-HRL,2000-06-01,299.261,326.619,,,740.0,,
M-41-HRL,2000-07-01,283.832,334.143,,,,,
M-41-HRL,2000-08-01,265.512,294.381,,,735.6,,
M-41-HRL,2000-09-01,196.794,142.667,,,,,
M-41-HRL,2000-10-01,251.363,162.595,,,,,879.0
M-41-HRL,2000-11-01,286.754,483.476,,,710.7,,
M-41-HRL,2000-12-01,302.929,1139.786,,,,,
M-41-HRL,2001-01-01,307.524,690.595,,,703.7,,
M-41-HRL,2001-02-01,273.592,529.095,,,701.4,,
M-41-HRL,2001-03-01,256.097,494.929,,,703.1,,
M-41-HRL,2001-04-01,133.696,315.167,,,,,
M-41-HRL,2001-05-01,309.432,485.929,,,700.1,,
M-41-HRL,2001-06-01,293.614,514.333,,,694.8,,
M-41-HRL,2001-07-01,296.54,495.071,,,699.5,,
M-41-HRL,2001-08-01,295.031,477.381,,,696.5,,
M-41-HRL,2001-09-01,284.232,494.929,,,712.4,,
M-41-HRL,2001-10-01,276.168,387.333,,,697.3,,858.0
M-41-HRL,2001-11-01,289.267,427.19,,,694.0,,
M-41-HRL,2001-12-01,304.752,487.595,,,690.7,,
M-41-HRL,2002-01-01,300.556,461.548,,,,,
M-41-HRL,2002-02-01,270.508,475.429,,,683.3,,
M-41-HRL,2002-03-01,295.444,535.5,,,685.5,,
M-41-HRL,2002-04-01,276.219,445.071,,,683.1,,
M-41-HRL,2002-05-01,289.914,438.786,,,683.3,,
M-41-HRL,2002-06-01,275.981,395.548,,,676.3,,
M-41-HRL,2002-07-01,290.275,424.833,,,,,
M-41-HRL,2002-08-01,299.968,394.476,,,689.2,,
M-41-HRL,2002-09-01,293.7,551.905,,,,,
M-41-HRL,2002-10-01,152.145,270.81,,,685.2,,831.0
M-41-HRL,2002-11-01,296.407,408.31,,,692.7,,
M-41-HRL,2002-12-01,302.679,521.595,,,671.6,,
M-41-HRL,2003-01-01,308.211,549.69,,,669.2,,
M-41-HRL,2003-02-01,273.866,298.333,,,665.8,,
M-41-HRL,2003-03-01,299.602,420.0,,,662.0,,
M-41-HRL,2003-04-01,282.471,608.857,,,686.4,,
M-41-HRL,2003-05-01,280.783,508.452,,,674.7,,
M-41-HRL,2003-06-01,279.522,397.286,,,662.7,,
M-41-HRL,2003-07-01,280.533,401.738,,,,,
M-41-HRL,2003-08-01,275.672,380.976,,,666.8,,
M-41-HRL,2003-09-01,254.151,397.357,,,,,820.0
M-41-HRL,2003-10-01,279.705,407.738,,,,,
M-41-HRL,2003-11-01,262.89,448.929,,,,,
M-41-HRL,2003-12-01,263.392,398.024,,,,,
M-41-HRL,2004-01-01,272.382,435.548,,,654.8,,
M-41-HRL,2004-02-01,250.171,424.643,,,656.7,,
M-41-HRL,2004-03-01,246.387,277.31,,,664.3,,
M-41-HRL,2004-04-01,228.693,257.429,,,686.2,,
M-41-HRL,2004-05-01,240.393,291.762,,,671.4,,
M-41-HRL,2004-06-01,233.829,292.714,,,681.5,,
M-41-HRL,2004-07-01,235.564,308.476,,,681.5,,
M-41-HRL,2004-08-01,240.597,272.5,,,671.8,,
M-41-HRL,2004-09-01,231.3,327.119,,,678.5,,
M-41-HRL,2004-10-01,238.091,315.095,,,668.2,,
M-41-HRL,2004-11-01,231.54,284.119,,,668.2,,
M-41-HRL,2004-12-01,235.927,337.5,,,667.9,,
M-41-HRL,2005-01-01,237.751,384.548,,,667.2,,
M-41-HRL,2005-02-01,212.275,343.643,,,663.6,,
M-41-HRL,2005-03-01,227.052,374.714,,,663.3,,
M-41-HRL,2005-04-01,150.196,80.333,,,663.0,,
M-41-HRL,2005-05-01,235.857,267.405,,,665.2,,
M-41-HRL,2005-06-01,229.206,294.524,,,653.7,,
M-41-HRL,2005-07-01,241.284,279.929,,,650.4,,
M-41-HRL,2005-08-01,244.082,288.643,,,654.0,,
M-41-HRL,2005-09-01,217.336,259.381,,,650.0,,791.0
M-41-HRL,2005-10-01,248.937,361.667,,,650.8,,
M-41-HRL,2005-11-01,243.522,382.31,,,648.9,,
M-41-HRL,2005-12-01,253.346,399.119,,,644.4,,
M-41-HRL,2006-01-01,244.882,387.69,,,653.0,,782.0
M-41-HRL,2006-02-01,224.035,332.833,,,640.6,,
M-41-HRL,2006-03-01,230.858,341.214,,,664.7,,
M-41-HRL,2006-04-01,225.849,257.476,,,646.1,,
M-41-HRL,2006-05-01,228.792,287.976,,,650.5,,
M-41-HRL,2006-06-01,239.414,379.738,,,638.9,,
M-41-HRL,2006-07-01,232.499,343.429,,,637.8,,
M-41-HRL,2006-08-01,234.22,372.548,,,635.7,,
M-41-HRL,2006-09-01,214.092,300.381,,,629.8,,
M-41-HRL,2006-10-01,226.685,321.81,,,631.9,,
M-41-HRL,2006-11-01,229.007,321.095,,,630.2,,
M-41-HRL,2006-12-01,235.558,365.81,,,625.1,,
M-41-HRL,2007-01-01,240.9,317.167,,,623.7,,
M-41-HRL,2007-02-01,217.876,321.857,,,624.5,,
M-41-HRL,2007-03-01,237.319,411.976,,,624.0,,
M-41-HRL,2007-04-01,228.551,364.881,,,622.8,,
M-41-HRL,2007-05-01,242.508,379.929,,,621.3,,
M-41-HRL,2007-06-01,209.33,288.738,,,624.0,,766.0
M-41-HRL,2007-07-01,235.427,369.095,,,622.2,,
M-41-HRL,2007-08-01,218.086,262.286,,,645.8,,
M-41-HRL,2007-09-01,218.226,310.024,,,623.8,,
M-41-HRL,2007-10-01,230.768,329.357,,,615.7,,
M-41-HRL,2007-11-01,223.509,355.905,,,612.1,,
M-41-HRL,2007-12-01,236.811,526.476,,,616.8,,
M-41-HRL,2008-01-01,236.011,540.071,,,607.9,,
M-41-HRL,2008-02-01,232.638,567.476,,,610.7,,
M-41-HRL,2008-03-01,217.49,567.19,,,610.2,,
M-41-HRL,2008-04-01,250.89,573.952,,,613.8,,
M-41-HRL,2008-05-01,229.617,580.238,,,610.0,,
M-41-HRL,2008-06-01,235.338,519.333,,,607.1,,
M-41-HRL,2008-07-01,230.481,406.952,,,605.0,,754.0
M-41-HRL,2008-08-01,243.429,430.81,,,610.6,,
M-41-HRL,2008-09-01,229.108,413.714,,,609.1,,
M-41-HRL,2008-10-01,239.62,449.048,,,605.1,,
M-41-HRL,2008-11-01,218.006,407.262,,,612.0,,
M-41-HRL,2008-12-01,240.261,441.69,,,609.7,,
M-41-HRL,2009-01-01,241.97,410.476,,,600.2,,
M-41-HRL,2009-02-01,222.739,436.619,,,596.2,,
M-41-HRL,2009-03-01,245.317,502.571,,,596.0,,
M-41-HRL,2009-04-01,223.664,338.048,,,618.9,,
M-41-HRL,2009-05-01,241.424,414.0,,,591.7,,
M-41-HRL,2009-06-01,223.003,373.595,,,604.3,,710.0
M-41-HRL,2009-07-01,244.234,420.81,,,591.2,,
M-41-HRL,2009-08-01,246.119,487.524,,,586.0,,
M-41-HRL,2009-09-01,233.09,461.643,,,586.5,,
M-41-HRL,2009-10-01,224.192,473.762,,,609.3,,
M-41-HRL,2009-11-01,238.101,660.262,,,580.3,,
M-41-HRL,2009-12-01,253.535,675.024,,,575.5,,
M-41-HRL,2010-01-01,268.699,765.786,,,573.3,,703.0
M-41-HRL,2010-02-01,238.42,563.452,,,570.1,,
M-41-HRL,2010-03-01,250.134,591.548,,,570.5,,
M-41-HRL,2010-04-01,250.124,505.024,,,568.4,,
M-41-HRL,2010-05-01,266.122,550.643,,,570.3,,
M-41-HRL,2010-06-01,240.064,457.762,,,562.6,,
M-41-HRL,2010-07-01,265.474,540.0,,,558.0,,
M-41-HRL,2010-08-01,261.941,537.19,,,558.3,,
M-41-HRL,2010-09-01,259.684,520.762,,,555.4,,
M-41-HRL,2010-10-01,264.185,542.31,,,553.8,,
M-41-HRL,2010-11-01,256.453,545.833,,,553.0,,
M-41-HRL,2010-12-01,261.566,463.452,,,552.0,,
M-41-HRL,2011-01-01,259.611,541.524,,,544.6,,
M-41-HRL,2011-02-01,233.714,534.119,,,559.2,,
M-41-HRL,2011-03-01,260.71,674.262,,,545.6,,
M-41-HRL,2011-04-01,241.64,800.0,,,549.3,,
M-41-HRL,2011-05-01,264.153,793.071,,,544.5,,
M-41-HRL,2011-06-01,257.551,894.619,,,542.7,,
M-41-HRL,2011-07-01,264.077,1128.5,,,543.7,,
M-41-HRL,2011-08-01,258.201,1212.571,,,539.9,,
M-41-HRL,2011-09-01,248.761,1277.071,,,538.4,,
M-41-HRL,2011-10-01,259.915,1086.0,,,536.5,,
M-41-HRL,2011-11-01,241.566,1099.857,,,532.6,,699.0
M-41-HRL,2011-12-01,266.439,1213.167,,,522.1,,
M-41-HRL,2012-01-01,264.819,1028.024,,,533.8,,
M-41-HRL,2012-02-01,249.712,951.571,,,526.3,,
M-41-HRL,2012-03-01,254.949,935.381,,,523.4,,
M-41-HRL,2012-04-01,256.901,1049.5,,,523.5,,
M-41-HRL,2012-05-01,268.4,1043.024,,,523.2,,
M-41-HRL,2012-06-01,251.787,915.048,,,521.6,,
M-41-HRL,2012-07-01,258.049,946.262,,,515.7,,
M-41-HRL,2012-08-01,250.212,814.643,,,520.6,,
M-41-HRL,2012-09-01,242.12,835.619,,,527.1,,
M-41-HRL,2012-10-01,254.687,945.0,,,511.2,,
M-41-HRL,2012-11-01,241.068,826.738,,,509.3,,
M-41-HRL,2012-12-01,255.06,750.214,,,518.5,,
M-41-HRL,2013-01-01,255.783,847.524,,,513.6,,
M-41-HRL,2013-02-01,231.227,870.31,,,513.6,,
M-41-HRL,2013-03-01,244.771,925.619,,,534.4,,
M-41-HRL,2013-04-01,229.491,714.262,,,531.7,,
M-41-HRL,2013-05-01,254.251,1012.786,,,508.5,,
M-41-HRL,2013-06-01,239.258,913.738,,,513.6,,
M-41-HRL,2013-07-01,256.98,1086.738,,,515.6,,
M-41-HRL,2013-08-01,267.609,1166.976,,,496.4,,
M-41-HRL,2013-09-01,259.294,1343.667,,,488.6,,
M-41-HRL,2013-10-01,254.537,1541.143,,,496.9,,
M-41-HRL,2013-11-01,259.601,1553.857,,,489.7,,
M-41-HRL,2013-12-01,269.017,1362.024,,,487.7,,
M-41-HRL,2014-01-01,266.228,1301.024,,,485.4,,
M-41-HRL,2014-02-01,240.198,1040.786,,,482.2,,
M-41-HRL,2014-03-01,256.212,1614.333,,,482.9,,
M-41-HRL,2014-04-01,227.97,1390.429,,,518.7,,
M-41-HRL,2014-05-01,249.32,1489.0,,,501.2,,
M-41-HRL,2014-06-01,251.295,1640.667,,,478.7,,
M-41-HRL,2014-07-01,263.707,1647.929,,,478.9,,
M-41-HRL,2014-08-01,252.054,1588.31,,,474.7,,649.0
M-41-HRL,2014-09-01,248.644,1444.238,,,494.2,,
M-41-HRL,2014-10-01,266.161,1677.333,,,471.8,,
M-41-HRL,2014-11-01,257.468,1329.095,,,472.2,,
M-41-HRL,2014-12-01,266.223,1476.048,,,463.8,,
M-41-HRL,2015-01-01,270.168,1548.881,,,475.5,,
M-41-HRL,2015-02-01,244.257,1364.929,,,458.0,,
M-41-HRL,2015-03-01,270.469,1565.071,,,641.3,,
M-41-HRL,2015-04-01,254.751,1474.167,,,459.4,,
M-41-HRL,2015-05-01,247.085,1556.952,,,491.7,,
M-41-HRL,2015-06-01,225.754,1422.738,,,451.2,,
M-41-HRL,2015-07-01,267.443,1685.405,,,452.1,,
M-41-HRL,2015-08-01,262.513,1663.524,31.0,96.0,445.8,434.7,
M-41-HRL,2015-09-01,252.407,1415.714,30.0,96.0,446.5,435.8,
M-41-HRL,2015-10-01,251.385,1365.81,31.0,96.0,468.1,460.8,
M-41-HRL,2015-11-01,227.947,1192.31,30.0,96.0,468.1,460.8,
M-41-HRL,2015-12-01,269.568,1534.262,31.0,96.0,436.6,424.8,
M-41-HRL,2016-01-01,273.062,1554.5,31.0,96.0,428.8,416.8,
M-41-HRL,2016-02-01,253.293,1595.071,29.0,96.0,431.4,420.1,
M-41-HRL,2016-03-01,262.729,1673.833,31.0,96.0,442.5,432.9,
M-41-HRL,2016-04-01,254.143,1601.214,30.0,96.0,427.5,415.2,
M-41-HRL,2016-05-01,262.577,1741.952,31.0,96.0,450.0,441.9,
M-41-HRL,2016-06-01,260.204,1726.214,30.0,96.0,424.5,412.8,
M-41-HRL,2016-07-01,272.259,1854.81,31.0,96.0,377.0,360.7,
M-41-HRL,2016-08-01,275.712,1737.238,31.0,96.0,414.2,402.3,
M-41-HRL,2016-09-01,266.059,1676.452,30.0,96.0,413.8,401.6,
M-41-HRL,2016-10-01,254.923,1605.857,31.0,96.0,428.5,424.0,
M-41-HRL,2016-11-01,270.519,1704.286,30.0,96.0,408.2,395.6,
M-41-HRL,2016-12-01,279.93,1763.191,31.0,96.0,396.8,382.8,
M-41-HRL,2017-01-01,276.595,1659.738,31.0,96.0,401.1,387.2,
M-41-HRL,2017-02-01,225.666,1081.333,25.0,96.0,445.8,439.0,628.0
M-41-HRL,2017-03-01,277.783,1389.619,31.0,96.0,397.7,383.9,
M-41-HRL,2017-04-01,238.552,1193.548,30.0,96.0,435.4,426.7,
M-41-HRL,2017-05-01,276.266,1382.405,31.0,96.0,372.5,358.1,
M-41-HRL,2017-06-01,273.595,1714.048,30.0,96.0,395.0,382.6,
M-41-HRL,2017-07-01,281.774,1800.952,31.0,96.0,377.0,360.7,
M-41-HRL,2017-08-01,285.853,3616.191,31.0,96.0,374.0,357.9,
M-41-HRL,2017-09-01,263.632,3334.024,30.0,96.0,375.2,359.7,
M-41-HRL,2017-10-01,205.534,2599.333,25.0,96.0,406.0,402.5,
M-41-HRL,2017-11-01,237.819,3007.095,26.0,96.0,381.2,367.0,
M-41-HRL,2017-12-01,289.954,3666.619,31.0,96.0,371.7,356.7,
M-41-HRL,2018-01-01,299.221,3783.905,31.0,96.0,358.6,341.8,
M-41-HRL,2018-02-01,258.139,3264.429,28.0,96.0,348.7,330.2,
M-41-HRL,2018-03-01,282.987,3578.357,31.0,96.0,362.1,345.0,
M-41-HRL,2018-04-01,281.002,3553.238,30.0,96.0,341.6,321.2,
M-41-HRL,2018-05-01,266.111,3365.429,29.0,96.0,361.9,346.5,
M-41-HRL,2018-06-01,291.868,5044.81,30.0,96.0,350.2,333.2,
M-41-HRL,2018-07-01,292.328,5052.691,31.0,96.0,351.0,333.1,
M-41-HRL,2018-08-01,302.387,5226.333,31.0,96.0,344.9,329.4,
M-41-HRL,2018-09-01,289.738,5007.786,30.0,96.0,329.2,310.0,
M-41-HRL,2018-10-01,296.963,5132.572,31.0,96.0,324.4,304.5,
M-41-HRL,2018-11-01,285.0,4930.929,30.0,96.0,322.0,301.0,
M-41-HRL,2018-12-01,288.565,4987.381,31.0,96.0,319.7,297.7,
M-41-HRL,2019-01-01,276.622,4781.119,31.0,96.0,384.8,375.7,
M-41-HRL,2019-02-01,243.895,4216.31,28.0,96.0,337.7,320.7,
M-41-HRL,2019-03-01,230.008,3975.881,27.0,96.0,508.7,326.5,
M-41-HRL,2019-04-01,253.896,4326.048,30.0,96.0,344.2,332.5,
M-41-HRL,2019-05-01,273.998,3465.405,31.0,96.0,,,
M-41-HRL,2019-06-01,264.311,3342.595,30.0,96.0,327.0,308.5,
M-41-HRL,2019-07-01,260.661,3295.857,31.0,96.0,343.7,328.8,
M-41-HRL,2019-08-01,260.672,3296.191,31.0,96.0,322.3,304.2,
M-41-HRL,2019-09-01,248.25,3139.191,30.0,96.0,353.2,342.7,
M-41-HRL,2019-10-01,242.654,3068.333,31.0,96.0,351.2,342.2,
M-41-HRL,2019-11-01,198.043,2504.691,27.0,96.0,363.0,353.0,
M-41-HRL,2019-12-01,216.112,2732.691,27.0,96.0,359.0,348.2,544.0
M-41-HRL,2020-01-01,261.171,3302.476,31.0,96.0,313.0,299.5,
M-41-HRL,2020-02-01,225.154,2847.714,29.0,96.0,396.5,333.5,
M-41-HRL,2020-03-01,235.299,2975.548,31.0,96.0,396.5,333.5,
M-41-HRL,2020-04-01,227.213,2873.262,30.0,96.0,,,
M-41-HRL,2020-05-01,230.659,2916.976,31.0,96.0,,,
M-41-HRL,2020-06-01,221.377,2799.072,30.0,96.0,,,
M-41-HRL,2020-07-01,255.238,3227.548,31.0,96.0,312.3,296.5,
M-41-HRL,2020-08-01,253.202,3201.762,31.0,96.0,332.7,319.7,
M-41-HRL,2020-09-01,243.202,3075.833,30.0,96.0,350.1,321.5,
M-41-HRL,2020-10-01,245.896,3094.476,31.0,96.0,321.5,308.3,
M-41-HRL,2020-11-01,212.453,2625.524,30.0,96.0,350.1,341.8,
M-41-HRL,2020-12-01,250.899,3101.167,31.0,96.0,330.7,318.9,
M-41-HRL,2021-01-01,250.368,3166.095,31.0,96.0,301.6,290.0,
M-41-HRL,2021-02-01,202.66,2562.238,28.0,96.0,347.4,342.0,
M-41-HRL,2021-03-01,209.427,2648.405,31.0,96.0,340.0,334.2,
M-41-HRL,2021-04-01,196.735,2487.929,27.0,112.0,304.3,293.2,
M-41-HRL,2021-05-01,209.673,2651.381,27.0,112.0,318.1,308.5,
M-41-HRL,2021-06-01,200.753,3378.286,27.0,112.0,280.2,266.2,
M-41-HRL,2021-07-01,229.127,3816.095,31.0,96.0,300.1,284.5,
M-41-HRL,2021-08-01,232.797,4235.524,31.0,112.0,295.4,279.5,
M-41-HRL,2021-09-01,194.335,3536.167,27.0,112.0,314.9,302.2,
M-41-HRL,2021-10-01,226.824,4149.619,31.0,112.0,300.9,296.4,
M-41-HRL,2021-11-01,225.196,4098.214,30.0,112.0,277.2,256.5,
M-41-HRL,2021-12-01,247.575,4503.524,31.0,112.0,262.0,240.4,
M-41-HRL,2022-01-01,246.963,4492.5,31.0,96.0,252.2,231.7,
M-41-HRL,2022-02-01,216.389,3937.572,28.0,96.0,269.5,253.2,
M-41-HRL,2022-03-01,243.317,4426.452,31.0,112.0,247.6,224.6,
M-41-HRL,2022-04-01,239.742,4361.524,30.0,96.0,249.0,227.8,
M-41-HRL,2022-05-01,250.349,4553.667,31.0,96.0,236.8,212.2,
M-41-HRL,2022-06-01,237.686,4324.0,30.0,96.0,241.3,218.3,
M-41-HRL,2022-07-01,203.275,3698.429,27.0,96.0,256.4,238.5,
M-41-HRL,2022-08-01,242.645,4414.31,31.0,96.0,233.8,209.5,
M-41-HRL,2022-09-01,232.578,4231.167,30.0,96.0,241.4,221.3,
M-41-HRL,2022-10-01,209.309,3808.595,31.0,96.0,285.5,273.5,
M-41-HRL,2022-11-01,203.69,3706.31,30.0,96.0,279.9,267.1,
M-41-HRL,2022-12-01,232.894,4236.976,31.0,96.0,231.0,206.4,
M-41-HRL,2023-01-01,234.537,4266.357,31.0,96.0,245.6,224.3,
M-41-HRL,2023-02-01,205.784,3744.286,28.0,96.0,230.2,204.2,
M-41-HRL,2023-03-01,207.774,3780.452,29.0,96.0,240.2,219.4,
M-41-HRL,2023-04-01,,,,,252.8,243.0,
M-41-HRL,2023-05-01,148.791,2706.691,21.0,96.0,247.9,237.7,
M-41-HRL,2023-06-01,216.16,3932.262,29.0,96.0,259.0,249.2,
M-41-HRL,2023-07-01,233.493,4247.714,31.0,128.0,215.8,200.3,
M-41-HRL,2023-08-01,232.037,4221.31,31.0,128.0,222.2,209.8,
M-41-HRL,2023-09-01,182.581,3303.0,24.0,128.0,213.5,199.7,
M-41-HRL,2023-10-01,113.478,2063.881,15.0,128.0,235.6,222.0,
M-41-HRL,2023-11-01,218.179,4009.0,30.0,128.0,220.5,207.2,
M-41-HRL,2023-12-01,222.138,4033.286,31.0,128.0,218.4,205.4,
M-41-HRL,2024-01-01,223.782,4063.143,31.0,128.0,219.2,206.6,
M-41-HRL,2024-02-01,209.482,6189.691,29.0,128.0,214.2,202.0,
M-41-HRL,2024-03-01,216.023,6382.976,31.0,128.0,213.7,201.2,
M-41-HRL,2024-04-01,204.297,6036.5,30.0,128.0,223.6,212.8,
M-41-HRL,2024-05-01,150.832,4456.738,24.0,128.0,245.3,237.2,
M-41-HRL,2024-06-01,99.375,2936.286,14.0,128.0,398.8,,
M-41-HRL,2024-07-01,197.007,5821.095,28.0,128.0,224.9,214.5,
M-41-HRL,2024-08-01,212.354,6274.548,30.0,128.0,229.6,219.3,
M-41-HRL,2024-09-01,208.57,6162.738,30.0,128.0,210.9,198.1,
M-41-HRL,2024-10-01,197.78,5843.929,30.0,128.0,210.0,204.3,
M-41-HRL,2024-11-01,190.68,5634.143,30.0,128.0,220.1,209.1,
M-41-HRL,2024-12-01,201.349,5949.381,31.0,128.0,220.2,210.5,
M-41-HRL,2025-01-01,203.887,6024.381,31.0,128.0,211.0,207.3,
M-41-HRL,2025-02-01,176.616,5218.572,28.0,128.0,216.8,208.0,
M-41-HRL,2025-03-01,199.673,5899.857,31.0,128.0,215.4,207.8,
M-41-HRL,2025-04-01,198.384,5861.786,30.0,128.0,209.4,203.1,
M-41-HRL,2025-05-01,213.425,6306.191,31.0,128.0,200.1,194.8,
M-41-HRL,2025-06-01,203.362,6008.857,30.0,128.0,201.7,192.8,
M-50-HRL,1986-04-01,55.245,25.286,,,,,
M-50-HRL,1986-05-01,183.674,58.81,,,,,
M-50-HRL,1986-06-01,137.966,48.095,,,,,
M-50-HRL,1986-07-01,192.823,48.405,,,,,
M-50-HRL,1986-08-01,130.709,32.643,,,,,
M-50-HRL,1986-09-01,58.103,9.524,,,,,
M-50-HRL,1986-10-01,89.546,35.214,,,,,
M-50-HRL,1986-11-01,99.112,38.976,,,,,
M-50-HRL,1986-12-01,100.079,39.357,,,,,
M-50-HRL,1987-01-01,97.987,38.548,,,,,
M-50-HRL,1987-02-01,113.123,44.5,,,,,
M-50-HRL,1987-03-01,203.837,44.952,,,,,
M-50-HRL,1987-04-01,222.918,38.0,,,,,
M-50-HRL,1987-05-01,180.782,30.738,,,,,
M-50-HRL,1987-06-01,149.545,75.571,,,,,
M-50-HRL,1987-07-01,131.821,39.905,,,,,
M-50-HRL,1987-08-01,136.97,69.429,,,,,
M-50-HRL,1987-09-01,126.072,48.857,,,,,
M-50-HRL,1987-10-01,139.44,53.976,,,,,
M-50-HRL,1987-11-01,138.379,55.5,,,,,
M-50-HRL,1987-12-01,153.429,59.619,,,,,
M-50-HRL,1988-01-01,141.414,54.952,,,,,
M-50-HRL,1988-02-01,117.923,49.381,,,,,
M-50-HRL,1988-03-01,135.233,55.167,,,,,
M-50-HRL,1988-04-01,125.599,51.167,,,,,
M-50-HRL,1988-05-01,122.159,48.048,,,,,
M-50-HRL,1988-06-01,101.052,41.143,,,,,
M-50-HRL,1988-07-01,96.154,36.81,,,,,1056.0
M-50-HRL,1988-08-01,102.614,36.929,,,,,
M-50-HRL,1988-09-01,107.975,16.81,,,,,
M-50-HRL,1988-10-01,99.156,41.976,,,,,
M-50-HRL,1988-11-01,91.922,39.952,,,,,
M-50-HRL,1988-12-01,85.956,39.667,,,,,
M-50-HRL,1989-01-01,89.797,39.905,,,,,
M-50-HRL,1989-02-01,70.738,31.429,,,,,
M-50-HRL,1989-03-01,74.702,33.262,,,,,
M-50-HRL,1989-04-01,77.208,34.619,,,,,
M-50-HRL,1989-05-01,80.618,35.548,,,,,
M-50-HRL,1989-06-01,78.998,33.667,,,,,
M-50-HRL,1989-07-01,82.125,35.786,,,,,
M-50-HRL,1989-08-01,110.902,48.214,,,,,
M-50-HRL,1989-09-01,99.863,44.357,,,,,1043.0
M-50-HRL,1989-10-01,94.547,38.286,,,,,
M-50-HRL,1989-11-01,86.966,36.19,,,,,
M-50-HRL,1989-12-01,99.514,41.143,,,,,
M-50-HRL,1990-01-01,88.1,35.786,,,,,
M-50-HRL,1990-02-01,75.402,30.929,,,,,
M-50-HRL,1990-03-01,88.064,35.405,,,,,1021.0
M-50-HRL,1990-04-01,91.452,36.929,,,,,
M-50-HRL,1990-05-01,91.886,37.571,,,,,
M-50-HRL,1990-06-01,113.683,46.31,,,858.1,,
M-50-HRL,1990-07-01,118.619,47.5,,,,,
M-50-HRL,1990-08-01,102.212,42.643,,,859.7,,
M-50-HRL,1990-09-01,105.999,42.095,,,859.5,,
M-50-HRL,1990-10-01,84.041,34.833,,,,,
M-50-HRL,1990-11-01,119.682,49.548,,,,,
M-50-HRL,1990-12-01,129.607,53.071,,,,,
M-50-HRL,1991-01-01,118.082,65.786,,,,,
M-50-HRL,1991-02-01,90.957,58.881,,,,,
M-50-HRL,1991-03-01,90.218,54.167,,,,,1018.0
M-50-HRL,1991-04-01,71.775,41.905,,,,,
M-50-HRL,1991-05-01,109.616,64.0,,,,,
M-50-HRL,1991-06-01,105.561,58.929,,,,,
M-50-HRL,1991-07-01,111.639,68.286,,,,,
M-50-HRL,1991-08-01,118.88,73.31,,,,,
M-50-HRL,1991-09-01,97.814,60.667,,,,,
M-50-HRL,1991-10-01,74.764,46.31,,,,,
M-50-HRL,1991-11-01,87.513,54.214,,,,,
M-50-HRL,1991-12-01,91.982,57.0,,,,,
M-50-HRL,1992-01-01,87.941,54.095,,,,,
M-50-HRL,1992-02-01,83.789,52.095,,,,,
M-50-HRL,1992-03-01,90.643,56.548,,,,,
M-50-HRL,1992-04-01,84.951,52.548,,,,,
M-50-HRL,1992-05-01,96.698,60.667,,,,,
M-50-HRL,1992-06-01,93.554,57.714,,,,,
M-50-HRL,1992-07-01,91.17,56.738,,,,,
M-50-HRL,1992-08-01,75.985,47.714,,,,,
M-50-HRL,1992-09-01,134.153,81.31,,,,,
M-50-HRL,1992-10-01,126.552,106.357,,,,,1021.0
M-50-HRL,1992-11-01,57.674,47.571,,,,,
M-50-HRL,1992-12-01,74.494,61.952,,,,,
M-50-HRL,1993-01-01,54.772,46.119,,,,,
M-50-HRL,1993-02-01,48.397,41.381,,,,,
M-50-HRL,1993-03-01,108.618,91.071,,,,,
M-50-HRL,1993-04-01,136.17,113.833,,,,,
M-50-HRL,1993-05-01,148.329,126.357,,,,,
M-50-HRL,1993-06-01,125.605,105.929,,,,,
M-50-HRL,1993-07-01,137.193,129.619,,,,,
M-50-HRL,1993-08-01,115.573,109.19,,,,,
M-50-HRL,1993-09-01,100.534,95.31,,,,,
M-50-HRL,1993-10-01,71.985,68.429,,,,,
M-50-HRL,1993-11-01,108.726,104.286,,,,,1039.0
M-50-HRL,1993-12-01,98.732,94.167,,,,,
M-50-HRL,1994-01-01,106.966,100.214,,,,,
M-50-HRL,1994-02-01,90.436,107.595,,,,,
M-50-HRL,1994-03-01,117.828,109.238,,,,,
M-50-HRL,1994-04-01,100.591,93.595,,,,,
M-50-HRL,1994-05-01,105.186,124.095,,,,,
M-50-HRL,1994-06-01,78.29,92.905,,,,,
M-50-HRL,1994-07-01,72.255,85.381,,,,,
M-50-HRL,1994-08-01,82.894,97.476,,,,,
M-50-HRL,1994-09-01,81.514,96.69,,,,,1018.0
M-50-HRL,1994-10-01,85.87,99.5,,,,,
M-50-HRL,1994-11-01,106.378,123.667,,,,,
M-50-HRL,1994-12-01,110.58,130.048,,,,,
M-50-HRL,1995-01-01,54.247,63.286,,,776.1,,
M-50-HRL,1995-02-01,52.931,61.81,,,801.0,,
M-50-HRL,1995-03-01,122.15,142.357,,,,,
M-50-HRL,1995-04-01,60.683,70.952,,,762.4,,
M-50-HRL,1995-05-01,60.713,73.262,,,742.4,,
M-50-HRL,1995-06-01,43.427,51.929,,,755.0,,
M-50-HRL,1995-07-01,17.465,20.714,,,814.2,,
M-50-HRL,1995-08-01,64.213,16.762,,,795.0,,
M-50-HRL,1995-09-01,61.17,16.0,,,775.0,,
M-50-HRL,1995-10-01,49.449,12.976,,,777.9,,
M-50-HRL,1995-11-01,41.485,10.976,,,784.2,,
M-50-HRL,1995-12-01,57.345,15.071,,,,,
M-50-HRL,1996-01-01,100.768,26.357,,,776.8,,
M-50-HRL,1996-02-01,89.789,23.786,,,778.5,,
M-50-HRL,1996-03-01,87.664,22.952,,,,,
M-50-HRL,1996-04-01,49.939,12.119,,,755.0,,
M-50-HRL,1996-05-01,45.956,12.119,,,770.0,,
M-50-HRL,1996-06-01,93.255,24.714,,,797.3,,
M-50-HRL,1996-07-01,74.127,59.571,,,794.0,,
M-50-HRL,1996-08-01,52.657,42.19,,,767.0,,
M-50-HRL,1996-09-01,43.184,34.81,,,734.8,,
M-50-HRL,1996-10-01,40.761,33.048,,,857.7,,
M-50-HRL,1996-11-01,33.843,26.976,,,764.0,,
M-50-HRL,1996-12-01,34.395,27.452,,,757.8,,
M-50-HRL,1997-01-01,51.696,41.714,,,,,990.0
M-50-HRL,1997-02-01,66.93,54.524,,,,,
M-50-HRL,1997-03-01,64.664,44.214,,,,,
M-50-HRL,1997-04-01,87.431,51.857,,,,,
M-50-HRL,1997-05-01,89.661,76.595,,,,,
M-50-HRL,1997-06-01,86.904,93.881,,,,,
M-50-HRL,1997-07-01,92.91,118.857,,,,,
M-50-HRL,1997-08-01,86.328,144.095,,,,,
M-50-HRL,1997-09-01,72.896,66.31,,,,,
M-50-HRL,1997-10-01,88.538,80.619,,,,,
M-50-HRL,1997-11-01,85.132,126.667,,,,,
M-50-HRL,1997-12-01,74.585,105.262,,,,,
M-50-HRL,1998-01-01,56.168,41.881,,,,,
M-50-HRL,1998-02-01,46.906,20.19,,,,,
M-50-HRL,1998-03-01,49.403,21.357,,,,,987.0
M-50-HRL,1998-04-01,46.48,21.524,,,,,
M-50-HRL,1998-05-01,51.097,24.452,,,,,
M-50-HRL,1998-06-01,52.735,25.0,,,,,
M-50-HRL,1998-07-01,46.987,2.119,,,741.3,,
M-50-HRL,1998-08-01,41.766,5.5,,,,,
M-50-HRL,1998-09-01,36.441,4.786,,,,,
M-50-HRL,1998-10-01,44.028,6.048,,,,,
M-50-HRL,1998-11-01,37.505,5.167,,,,,
M-50-HRL,1998-12-01,36.497,0.929,,,,,
M-50-HRL,1999-01-01,105.365,82.833,,,,,
M-50-HRL,1999-02-01,44.736,35.262,,,719.8,,
M-50-HRL,1999-03-01,42.842,33.714,,,,,
M-50-HRL,1999-04-01,43.086,33.548,,,,,
M-50-HRL,1999-05-01,53.268,41.476,,,,,
M-50-HRL,1999-06-01,60.143,47.238,,,,,
M-50-HRL,1999-07-01,88.083,94.405,,,732.5,,
M-50-HRL,1999-08-01,34.126,0.714,,,711.5,,
M-50-HRL,1999-09-01,58.613,1.262,,,,,
M-50-HRL,1999-10-01,72.955,43.5,,,709.0,,
M-50-HRL,1999-11-01,42.205,12.714,,,,,
M-50-HRL,1999-12-01,60.896,29.69,,,,,
M-50-HRL,2000-01-01,51.917,23.524,,,,,
M-50-HRL,2000-02-01,61.988,39.571,,,,,
M-50-HRL,2000-03-01,93.335,146.071,,,,,939.0
M-50-HRL,2000-04-01,65.34,69.381,,,,,
M-50-HRL,2000-05-01,69.948,82.19,,,700.4,,
M-50-HRL,2000-06-01,39.665,46.571,,,689.4,,
M-50-HRL,2000-07-01,102.174,152.31,,,,,
M-50-HRL,2000-08-01,83.179,114.405,,,686.2,,
M-50-HRL,2000-09-01,84.593,97.286,,,,,
M-50-HRL,2000-10-01,68.634,73.119,,,,,
M-50-HRL,2000-11-01,56.883,60.524,,,695.1,,
M-50-HRL,2000-12-01,66.786,71.048,,,,,
M-50-HRL,2001-01-01,53.449,56.738,,,699.1,,
M-50-HRL,2001-02-01,58.643,62.143,,,695.4,,
M-50-HRL,2001-03-01,54.891,58.357,,,697.1,,
M-50-HRL,2001-04-01,57.366,61.238,,,,,
M-50-HRL,2001-05-01,82.093,33.667,,,693.2,,913.0
M-50-HRL,2001-06-01,34.456,14.071,,,686.8,,
M-50-HRL,2001-07-01,89.457,14.333,,,688.5,,
M-50-HRL,2001-08-01,74.792,12.071,,,683.8,,
M-50-HRL,2001-09-01,94.133,15.095,,,683.8,,
M-50-HRL,2001-10-01,55.624,8.929,,,705.3,,
M-50-HRL,2001-11-01,65.061,10.524,,,705.3,,
M-50-HRL,2001-12-01,75.72,12.19,,,676.3,,
M-50-HRL,2002-01-01,90.396,136.429,,,,,
M-50-HRL,2002-02-01,70.248,77.619,,,771.0,,
M-50-HRL,2002-03-01,60.132,66.738,,,707.5,,
M-50-HRL,2002-04-01,69.212,77.19,,,698.7,,908.0
M-50-HRL,2002-05-01,71.361,90.738,,,672.1,,
M-50-HRL,2002-06-01,55.049,20.357,,,692.7,,
M-50-HRL,2002-07-01,59.672,21.952,,,,,
M-50-HRL,2002-08-01,44.099,16.262,,,692.3,,
M-50-HRL,2002-09-01,33.401,12.31,,,,,
M-50-HRL,2002-10-01,63.98,23.548,,,690.6,,
M-50-HRL,2002-11-01,76.318,108.762,,,689.4,,
M-50-HRL,2002-12-01,75.612,69.143,,,678.2,,
M-50-HRL,2003-01-01,84.378,107.452,,,675.0,,
M-50-HRL,2003-02-01,77.729,91.5,,,662.4,,
M-50-HRL,2003-03-01,69.646,82.048,,,675.0,,
M-50-HRL,2003-04-01,75.584,95.738,,,667.8,,
M-50-HRL,2003-05-01,90.969,179.571,,,667.5,,876.0
M-50-HRL,2003-06-01,45.083,12.452,,,664.9,,
M-50-HRL,2003-07-01,57.713,15.976,,,,,
M-50-HRL,2003-08-01,49.0,13.548,,,669.2,,
M-50-HRL,2003-09-01,39.143,10.81,,,,,
M-50-HRL,2003-10-01,32.368,8.952,,,,,
M-50-HRL,2003-11-01,41.432,11.452,,,,,
M-50-HRL,2003-12-01,31.337,8.667,,,,,
M-50-HRL,2004-01-01,32.642,0.738,,,674.7,,
M-50-HRL,2004-02-01,32.598,8.286,,,675.7,,
M-50-HRL,2004-03-01,48.945,16.905,,,672.2,,
M-50-HRL,2004-04-01,45.739,15.81,,,676.1,,
M-50-HRL,2004-05-01,38.307,5.381,,,674.3,,
M-50-HRL,2004-06-01,31.555,4.214,,,675.5,,
M-50-HRL,2004-07-01,41.798,1.738,,,672.2,,
M-50-HRL,2004-08-01,67.326,34.024,,,644.4,,
M-50-HRL,2004-09-01,75.751,94.833,,,652.3,,
M-50-HRL,2004-10-01,41.347,10.857,,,650.4,,873.0
M-50-HRL,2004-11-01,36.269,3.429,,,654.0,,
M-50-HRL,2004-12-01,40.049,8.476,,,653.3,,
M-50-HRL,2005-01-01,54.265,38.381,,,673.7,,
M-50-HRL,2005-02-01,47.12,28.929,,,658.0,,
M-50-HRL,2005-03-01,49.487,17.786,,,651.7,,
M-50-HRL,2005-04-01,42.743,15.167,,,653.6,,
M-50-HRL,2005-05-01,28.374,1.0,,,642.1,,
M-50-HRL,2005-06-01,28.423,1.024,,,653.5,,
M-50-HRL,2005-07-01,56.096,43.167,,,648.6,,
M-50-HRL,2005-08-01,54.13,35.619,,,646.2,,844.0
M-50-HRL,2005-09-01,34.121,0.833,,,646.8,,
M-50-HRL,2005-10-01,31.296,0.952,,,642.4,,
M-50-HRL,2005-11-01,36.44,1.095,,,641.7,,
M-50-HRL,2005-12-01,43.844,4.214,,,645.2,,
M-50-HRL,2006-01-01,44.184,4.833,,,637.5,,839.0
M-50-HRL,2006-02-01,41.101,3.31,,,638.3,,
M-50-HRL,2006-03-01,45.945,43.19,,,644.2,,
M-50-HRL,2006-04-01,38.583,1.619,,,640.8,,
M-50-HRL,2006-05-01,35.269,1.405,,,632.7,,
M-50-HRL,2006-06-01,37.166,4.667,,,624.9,,
M-50-HRL,2006-07-01,48.652,14.619,,,623.8,,
M-50-HRL,2006-08-01,39.553,13.5,,,624.6,,
M-50-HRL,2006-09-01,40.756,22.524,,,636.0,,
M-50-HRL,2006-10-01,45.344,20.905,,,623.4,,
M-50-HRL,2006-11-01,47.294,25.571,,,611.6,,
M-50-HRL,2006-12-01,53.595,36.857,,,616.9,,
M-50-HRL,2007-01-01,45.903,31.571,,,610.1,,
M-50-HRL,2007-02-01,37.358,32.357,,,610.2,,
M-50-HRL,2007-03-01,53.856,32.833,,,612.3,,
M-50-HRL,2007-04-01,73.566,56.405,,,618.6,,
M-50-HRL,2007-05-01,49.679,14.143,,,599.8,,
M-50-HRL,2007-06-01,34.002,13.19,,,600.6,,
M-50-HRL,2007-07-01,36.529,14.167,,,617.0,,816.0
M-50-HRL,2007-08-01,50.913,25.714,,,612.1,,
M-50-HRL,2007-09-01,36.589,4.381,,,611.3,,
M-50-HRL,2007-10-01,40.673,2.833,,,608.9,,
M-50-HRL,2007-11-01,46.818,30.333,,,660.1,,
M-50-HRL,2007-12-01,43.598,25.905,,,622.2,,
M-50-HRL,2008-01-01,52.567,24.69,,,602.0,,
M-50-HRL,2008-02-01,54.129,23.738,,,603.1,,
M-50-HRL,2008-03-01,49.629,24.286,,,599.6,,
M-50-HRL,2008-04-01,59.402,46.143,,,594.9,,
M-50-HRL,2008-05-01,41.523,31.405,,,605.8,,
M-50-HRL,2008-06-01,41.486,22.786,,,581.8,,
M-50-HRL,2008-07-01,64.672,78.857,,,588.2,,801.0
M-50-HRL,2008-08-01,53.165,29.929,,,583.6,,
M-50-HRL,2008-09-01,61.178,59.524,,,584.9,,
M-50-HRL,2008-10-01,44.493,43.31,,,583.5,,
M-50-HRL,2008-11-01,34.944,1.238,,,577.0,,
M-50-HRL,2008-12-01,37.14,1.595,,,584.7,,
M-50-HRL,2009-01-01,44.59,1.905,,,583.3,,
M-50-HRL,2009-02-01,49.543,27.762,,,592.5,,
M-50-HRL,2009-03-01,38.992,3.833,,,590.2,,
M-50-HRL,2009-04-01,33.624,0.524,,,610.4,,
M-50-HRL,2009-05-01,33.717,4.452,,,605.8,,
M-50-HRL,2009-06-01,36.886,4.881,,,572.0,,
M-50-HRL,2009-07-01,32.484,4.69,,,574.8,,780.0
M-50-HRL,2009-08-01,39.999,1.929,,,572.1,,
M-50-HRL,2009-09-01,31.57,2.024,,,571.2,,
M-50-HRL,2009-10-01,60.174,23.333,,,593.0,,
M-50-HRL,2009-11-01,39.225,7.571,,,559.6,,
M-50-HRL,2009-12-01,54.905,26.5,,,570.8,,
M-50-HRL,2010-01-01,57.071,29.095,,,573.1,,759.0
M-50-HRL,2010-02-01,47.372,34.286,,,589.8,,
M-50-HRL,2010-03-01,53.512,37.548,,,573.0,,
M-50-HRL,2010-04-01,36.991,24.452,,,571.7,,
M-50-HRL,2010-05-01,40.782,2.571,,,616.6,,
M-50-HRL,2010-06-01,33.723,2.119,,,573.2,,
M-50-HRL,2010-07-01,48.701,36.286,,,565.0,,
M-50-HRL,2010-08-01,46.115,29.286,,,564.0,,
M-50-HRL,2010-09-01,43.648,17.167,,,561.2,,
M-50-HRL,2010-10-01,55.583,21.857,,,566.7,,
M-50-HRL,2010-11-01,44.331,14.762,,,553.5,,
M-50-HRL,2010-12-01,53.449,75.262,,,538.0,,
M-50-HRL,2011-01-01,62.681,92.286,,,552.6,,
M-50-HRL,2011-02-01,14.241,28.429,,,568.8,,
M-50-HRL,2011-03-01,41.162,33.071,,,560.2,,
M-50-HRL,2011-04-01,46.131,49.952,,,566.4,,
M-50-HRL,2011-05-01,44.646,48.357,,,555.0,,
M-50-HRL,2011-06-01,42.182,45.69,,,551.0,,
M-50-HRL,2011-07-01,51.368,106.524,,,552.6,,
M-50-HRL,2011-08-01,43.515,117.452,,,546.2,,
M-50-HRL,2011-09-01,33.193,89.571,,,558.8,,
M-50-HRL,2011-10-01,32.391,47.024,,,546.0,,
M-50-HRL,2011-11-01,50.046,82.476,,,537.3,,
M-50-HRL,2011-12-01,49.443,81.5,,,551.7,,
M-50-HRL,2012-01-01,75.139,100.738,,,533.9,,
M-50-HRL,2012-02-01,50.717,78.333,,,554.5,,
M-50-HRL,2012-03-01,56.56,88.762,,,536.1,,
M-50-HRL,2012-04-01,49.897,40.31,,,542.1,,
M-50-HRL,2012-05-01,53.836,62.476,,,536.5,,
M-50-HRL,2012-06-01,49.927,57.929,,,553.0,,
M-50-HRL,2012-07-01,52.477,48.952,,,545.4,,
M-50-HRL,2012-08-01,51.167,38.214,,,543.4,,
M-50-HRL,2012-09-01,45.028,11.81,,,541.9,,
M-50-HRL,2012-10-01,52.386,19.405,,,522.4,,
M-50-HRL,2012-11-01,53.407,38.048,,,516.0,,
M-50-HRL,2012-12-01,52.205,41.0,,,527.1,,
M-50-HRL,2013-01-01,51.893,40.762,,,529.4,,
M-50-HRL,2013-02-01,43.514,45.214,,,531.2,,
M-50-HRL,2013-03-01,35.96,5.476,,,542.3,,
M-50-HRL,2013-04-01,38.472,5.071,,,551.4,,
M-50-HRL,2013-05-01,33.059,2.476,,,520.2,,
M-50-HRL,2013-06-01,29.601,1.048,,,531.5,,
M-50-HRL,2013-07-01,46.387,1.595,,,537.0,,
M-50-HRL,2013-08-01,43.319,1.5,,,515.0,,
M-50-HRL,2013-09-01,38.584,1.333,,,515.5,,
M-50-HRL,2013-10-01,45.768,3.143,,,516.2,,
M-50-HRL,2013-11-01,45.236,3.69,,,496.1,,
M-50-HRL,2013-12-01,49.506,4.024,,,502.4,,
M-50-HRL,2014-01-01,58.036,4.714,,,501.4,,
M-50-HRL,2014-02-01,40.56,3.31,,,515.5,,
M-50-HRL,2014-03-01,43.553,3.548,,,516.6,,
M-50-HRL,2014-04-01,36.322,1.952,,,503.1,,
M-50-HRL,2014-05-01,43.851,2.333,,,532.2,,
M-50-HRL,2014-06-01,34.784,1.976,,,495.1,,
M-50-HRL,2014-07-01,36.114,2.048,,,487.1,,
M-50-HRL,2014-08-01,44.101,2.5,,,489.9,,
M-50-HRL,2014-09-01,42.546,3.643,,,502.7,,
M-50-HRL,2014-10-01,54.585,4.881,,,481.5,,
M-50-HRL,2014-11-01,61.467,5.5,,,481.2,,
M-50-HRL,2014-12-01,47.418,4.238,,,480.5,,
M-50-HRL,2015-01-01,45.576,2.881,,,475.7,,697.0
M-50-HRL,2015-02-01,58.235,3.667,,,477.9,,
M-50-HRL,2015-03-01,50.377,3.167,,,472.0,,
M-50-HRL,2015-04-01,52.235,5.357,,,501.8,,
M-50-HRL,2015-05-01,47.578,53.19,,,470.2,,
M-50-HRL,2015-06-01,67.921,75.952,,,463.5,,
M-50-HRL,2015-07-01,48.582,58.643,,,466.9,,
M-50-HRL,2015-08-01,56.499,96.786,31.0,48.0,449.5,448.7,
M-50-HRL,2015-09-01,46.964,79.714,30.0,48.0,458.2,456.7,
M-50-HRL,2015-10-01,48.083,81.595,31.0,48.0,461.5,457.2,
M-50-HRL,2015-11-01,36.706,62.31,30.0,48.0,487.0,485.6,
M-50-HRL,2015-12-01,69.013,117.476,31.0,48.0,480.2,463.2,
M-50-HRL,2016-01-01,81.354,138.524,31.0,48.0,469.1,452.4,
M-50-HRL,2016-02-01,61.04,104.357,29.0,48.0,451.5,440.9,
M-50-HRL,2016-03-01,42.541,72.738,31.0,48.0,451.0,448.9,
M-50-HRL,2016-04-01,58.0,100.238,30.0,48.0,467.0,465.2,
M-50-HRL,2016-05-01,48.969,84.619,31.0,48.0,468.6,447.9,
M-50-HRL,2016-06-01,44.341,76.619,30.0,48.0,436.1,433.3,
M-50-HRL,2016-07-01,62.148,107.429,28.0,48.0,422.5,402.0,664.0
M-50-HRL,2016-08-01,44.712,77.286,31.0,48.0,433.8,432.3,
M-50-HRL,2016-09-01,60.925,105.31,30.0,48.0,454.9,433.7,
M-50-HRL,2016-10-01,44.481,76.857,31.0,48.0,445.8,443.9,
M-50-HRL,2016-11-01,63.514,124.429,30.0,48.0,450.1,429.2,
M-50-HRL,2016-12-01,86.719,180.452,31.0,48.0,417.1,415.2,
M-50-HRL,2017-01-01,48.365,100.667,31.0,48.0,412.0,410.1,
M-50-HRL,2017-02-01,56.963,118.548,28.0,48.0,413.9,412.2,
M-50-HRL,2017-03-01,74.442,154.905,31.0,48.0,413.7,412.1,
M-50-HRL,2017-04-01,70.035,145.762,29.0,48.0,426.5,402.4,
M-50-HRL,2017-05-01,73.566,153.119,31.0,48.0,422.2,408.0,
M-50-HRL,2017-06-01,80.128,173.048,30.0,48.0,424.7,413.2,
M-50-HRL,2017-07-01,69.458,149.976,31.0,48.0,422.5,402.0,
M-50-HRL,2017-08-01,82.488,624.714,31.0,48.0,415.9,399.4,
M-50-HRL,2017-09-01,56.809,393.476,30.0,48.0,424.5,404.9,
M-50-HRL,2017-10-01,51.44,244.595,31.0,48.0,430.7,429.1,
M-50-HRL,2017-11-01,69.187,388.024,30.0,48.0,409.5,408.5,
M-50-HRL,2017-12-01,86.734,512.929,31.0,48.0,403.0,388.0,
M-50-HRL,2018-01-01,87.776,501.643,31.0,48.0,399.9,382.7,
M-50-HRL,2018-02-01,85.383,437.476,28.0,48.0,396.4,373.7,
M-50-HRL,2018-03-01,70.25,357.929,31.0,48.0,368.6,367.2,
M-50-HRL,2018-04-01,94.073,472.357,30.0,48.0,388.4,386.8,
M-50-HRL,2018-05-01,80.006,393.476,31.0,48.0,356.4,354.6,
M-50-HRL,2018-06-01,92.934,980.548,30.0,48.0,386.1,354.1,
M-50-HRL,2018-07-01,89.187,941.024,31.0,48.0,385.5,355.4,
M-50-HRL,2018-08-01,110.287,1163.595,31.0,48.0,374.2,351.8,
M-50-HRL,2018-09-01,103.721,1094.333,30.0,48.0,375.7,346.2,
M-50-HRL,2018-10-01,106.606,1124.738,31.0,48.0,374.2,346.6,
M-50-HRL,2018-11-01,91.0,922.619,30.0,48.0,373.0,356.0,
M-50-HRL,2018-12-01,91.164,915.048,31.0,48.0,378.5,359.4,
M-50-HRL,2019-01-01,82.52,719.048,31.0,48.0,371.4,354.6,
M-50-HRL,2019-02-01,62.015,540.476,28.0,48.0,334.4,332.7,
M-50-HRL,2019-03-01,55.265,484.024,31.0,48.0,361.0,359.2,
M-50-HRL,2019-04-01,56.48,504.714,24.0,48.0,362.0,360.2,
M-50-HRL,2019-05-01,74.609,650.214,31.0,48.0,,,
M-50-HRL,2019-06-01,74.419,648.5,30.0,48.0,371.0,347.7,
M-50-HRL,2019-07-01,67.044,584.119,31.0,48.0,377.2,361.9,
M-50-HRL,2019-08-01,87.197,759.762,31.0,48.0,376.3,353.5,
M-50-HRL,2019-09-01,51.35,447.429,25.0,48.0,386.2,375.5,584.0
M-50-HRL,2019-10-01,53.316,464.548,31.0,48.0,387.5,386.4,
M-50-HRL,2019-11-01,35.828,312.238,30.0,48.0,360.1,358.6,
M-50-HRL,2019-12-01,60.549,527.571,31.0,48.0,373.7,370.2,
M-50-HRL,2020-01-01,92.721,807.881,31.0,48.0,363.5,346.7,
M-50-HRL,2020-02-01,53.225,463.857,29.0,48.0,342.9,340.8,
M-50-HRL,2020-03-01,43.257,376.929,31.0,48.0,342.9,340.8,
M-50-HRL,2020-04-01,43.276,377.095,30.0,48.0,,,
M-50-HRL,2020-05-01,46.992,409.5,31.0,48.0,,,
M-50-HRL,2020-06-01,35.909,312.857,30.0,48.0,,,
M-50-HRL,2020-07-01,69.133,602.381,31.0,48.0,357.3,325.6,
M-50-HRL,2020-08-01,69.872,608.81,31.0,48.0,370.0,353.0,
M-50-HRL,2020-09-01,76.126,663.405,30.0,48.0,348.4,346.4,
M-50-HRL,2020-10-01,56.098,488.857,31.0,48.0,340.5,338.8,
M-50-HRL,2020-11-01,44.063,383.929,30.0,48.0,348.6,332.0,
M-50-HRL,2020-12-01,83.661,729.071,31.0,48.0,307.8,305.5,
M-50-HRL,2021-01-01,103.979,924.095,31.0,48.0,336.4,302.3,
M-50-HRL,2021-02-01,80.105,697.857,28.0,48.0,339.4,308.2,
M-50-HRL,2021-03-01,47.619,414.929,31.0,48.0,318.4,317.2,
M-50-HRL,2021-04-01,83.076,723.905,30.0,48.0,325.3,324.4,
M-50-HRL,2021-05-01,106.157,924.976,31.0,48.0,307.1,270.0,
M-50-HRL,2021-06-01,99.574,938.405,30.0,48.0,315.2,291.3,
M-50-HRL,2021-07-01,105.55,969.333,31.0,48.0,307.0,271.1,
M-50-HRL,2021-08-01,104.498,910.524,31.0,48.0,300.7,261.9,
M-50-HRL,2021-09-01,90.597,697.643,30.0,48.0,309.4,284.5,
M-50-HRL,2021-10-01,103.291,825.857,31.0,48.0,298.5,264.5,
M-50-HRL,2021-11-01,92.8,856.095,30.0,48.0,298.9,265.5,
M-50-HRL,2021-12-01,107.29,934.643,31.0,48.0,295.9,258.5,
M-50-HRL,2022-01-01,110.448,962.191,31.0,64.0,267.8,256.1,
M-50-HRL,2022-02-01,94.98,827.691,28.0,64.0,273.9,262.4,
M-50-HRL,2022-03-01,108.038,941.262,31.0,48.0,244.2,227.0,
M-50-HRL,2022-04-01,108.602,946.191,30.0,64.0,254.8,242.2,
M-50-HRL,2022-05-01,110.349,961.238,31.0,64.0,250.4,238.0,
M-50-HRL,2022-06-01,103.346,900.381,30.0,64.0,254.8,244.3,
M-50-HRL,2022-07-01,96.197,838.191,31.0,64.0,251.2,238.3,
M-50-HRL,2022-08-01,104.467,910.167,31.0,64.0,253.3,244.8,
M-50-HRL,2022-09-01,100.118,737.19,30.0,48.0,240.0,210.2,
M-50-HRL,2022-10-01,89.382,658.262,31.0,48.0,277.4,247.7,
M-50-HRL,2022-11-01,79.003,581.81,30.0,48.0,273.6,249.8,
M-50-HRL,2022-12-01,80.335,591.524,26.0,48.0,264.9,230.3,
M-50-HRL,2023-01-01,94.816,698.071,31.0,48.0,264.9,230.3,
M-50-HRL,2023-02-01,87.368,643.381,28.0,48.0,272.2,250.1,
M-50-HRL,2023-03-01,87.698,645.81,31.0,48.0,257.2,220.6,
M-50-HRL,2023-04-01,,,,,230.2,216.8,
M-50-HRL,2023-05-01,35.273,259.69,11.0,48.0,230.2,216.8,
M-50-HRL,2023-06-01,101.433,746.81,30.0,48.0,245.5,234.0,
M-50-HRL,2023-07-01,96.642,711.571,31.0,48.0,236.3,224.9,
M-50-HRL,2023-08-01,88.429,651.095,31.0,48.0,236.4,222.9,
M-50-HRL,2023-09-01,82.136,1250.929,30.0,48.0,253.1,218.9,
M-50-HRL,2023-10-01,83.961,1285.595,31.0,48.0,259.6,235.8,
M-50-HRL,2023-11-01,81.952,1267.738,30.0,48.0,266.2,245.8,
M-50-HRL,2023-12-01,87.124,1472.405,31.0,48.0,250.7,210.2,
M-50-HRL,2024-01-01,96.226,1626.214,31.0,128.0,224.7,223.2,
M-50-HRL,2024-02-01,89.864,1518.691,29.0,128.0,221.0,218.7,
M-50-HRL,2024-03-01,91.109,1539.738,31.0,128.0,217.0,215.1,
M-50-HRL,2024-04-01,80.465,1359.857,30.0,128.0,240.5,238.9,
M-50-HRL,2024-05-01,22.698,383.595,31.0,128.0,255.2,254.9,
M-50-HRL,2024-06-01,56.265,950.881,28.0,128.0,249.7,249.2,
M-50-HRL,2024-07-01,85.729,1448.81,31.0,128.0,237.9,236.8,
M-50-HRL,2024-08-01,37.291,630.214,25.0,128.0,207.3,206.8,
M-50-HRL,2024-09-01,92.045,1555.571,30.0,128.0,216.8,216.6,
M-50-HRL,2024-10-01,88.007,1487.31,31.0,128.0,220.1,218.4,
M-50-HRL,2024-11-01,80.561,1418.0,29.0,128.0,220.1,218.52,
M-50-HRL,2024-12-01,70.014,1282.452,31.0,128.0,231.5,231.3,
M-50-HRL,2025-01-01,76.299,1267.571,31.0,128.0,243.8,242.3,
M-50-HRL,2025-02-01,51.661,792.191,28.0,128.0,233.6,231.1,
M-50-HRL,2025-03-01,91.896,1553.048,31.0,128.0,216.0,213.0,
M-50-HRL,2025-04-01,82.167,1388.619,30.0,128.0,217.6,216.0,
M-50-HRL,2025-05-01,86.044,1454.143,31.0,128.0,212.0,209.3,
M-50-HRL,2025-06-01,79.719,1347.262,30.0,128.0,211.4,210.0,
M-51-HRL,1986-10-01,9.432,127.476,,,,,
M-51-HRL,1986-11-01,110.444,60.524,,,,,
M-51-HRL,1986-12-01,109.902,106.905,,,,,
M-51-HRL,1987-01-01,0.0,0.0,,,,,
M-51-HRL,1987-02-01,0.0,0.0,,,,,
M-51-HRL,1987-03-01,90.666,51.357,,,,,
M-51-HRL,1987-04-01,139.886,212.262,,,,,
M-51-HRL,1987-05-01,128.66,77.69,,,,,
M-51-HRL,1987-06-01,133.324,21.69,,,,,
M-51-HRL,1987-07-01,122.875,24.738,,,,,
M-51-HRL,1987-08-01,124.595,20.31,,,,,
M-51-HRL,1987-09-01,114.306,18.357,,,,,
M-51-HRL,1987-10-01,116.171,21.952,,,,,
M-51-HRL,1987-11-01,96.52,74.952,,,,,
M-51-HRL,1987-12-01,80.548,117.524,,,,,
M-51-HRL,1988-01-01,92.534,11.19,,,,,
M-51-HRL,1988-02-01,85.067,34.69,,,,,
M-51-HRL,1988-03-01,79.891,41.381,,,,,
M-51-HRL,1988-04-01,74.907,87.19,,,,,
M-51-HRL,1988-05-01,101.428,132.452,,,,,
M-51-HRL,1988-06-01,88.57,68.405,,,,,
M-51-HRL,1988-07-01,105.211,70.214,,,,,1104.0
M-51-HRL,1988-08-01,102.788,71.071,,,,,
M-51-HRL,1988-09-01,94.358,67.286,,,,,
M-51-HRL,1988-10-01,100.419,83.286,,,,,
M-51-HRL,1988-11-01,89.895,73.238,,,,,
M-51-HRL,1988-12-01,94.787,74.143,,,,,
M-51-HRL,1989-01-01,95.616,74.429,,,,,
M-51-HRL,1989-02-01,85.509,67.167,,,,,
M-51-HRL,1989-03-01,76.938,59.19,,,,,
M-51-HRL,1989-04-01,90.796,71.69,,,,,
M-51-HRL,1989-05-01,96.534,75.667,,,,,
M-51-HRL,1989-06-01,101.824,80.238,,,,,
M-51-HRL,1989-07-01,95.783,75.762,,,,,
M-51-HRL,1989-08-01,116.643,90.262,,,,,
M-51-HRL,1989-09-01,102.31,78.643,,,,,
M-51-HRL,1989-10-01,89.729,65.286,,,,,
M-51-HRL,1989-11-01,92.664,68.0,,,,,
M-51-HRL,1989-12-01,77.421,56.214,,,,,
M-51-HRL,1990-01-01,68.271,49.976,,,,,
M-51-HRL,1990-02-01,76.342,55.738,,,,,
M-51-HRL,1990-03-01,81.227,59.69,,,,,1082.0
M-51-HRL,1990-04-01,88.546,64.31,,,,,
M-51-HRL,1990-05-01,90.971,65.643,,,,,
M-51-HRL,1990-06-01,91.18,66.762,,,805.0,,
M-51-HRL,1990-07-01,83.725,61.357,,,,,
M-51-HRL,1990-08-01,92.403,66.643,,,,,
M-51-HRL,1990-09-01,83.916,59.81,,,808.2,,
M-51-HRL,1990-10-01,86.67,63.548,,,,,
M-51-HRL,1990-11-01,89.577,64.238,,,,,
M-51-HRL,1990-12-01,94.755,69.143,,,,,
M-51-HRL,1991-01-01,93.665,161.571,,,,,
M-51-HRL,1991-02-01,114.9,186.095,,,,,
M-51-HRL,1991-03-01,107.764,180.0,,,,,1101.0
M-51-HRL,1991-04-01,117.012,200.405,,,,,
M-51-HRL,1991-05-01,120.541,210.167,,,,,
M-51-HRL,1991-06-01,112.859,194.476,,,,,
M-51-HRL,1991-07-01,90.687,163.048,,,,,
M-51-HRL,1991-08-01,105.665,191.548,,,,,
M-51-HRL,1991-09-01,98.168,179.024,,,,,
M-51-HRL,1991-10-01,96.916,176.452,,,,,
M-51-HRL,1991-11-01,106.288,193.571,,,,,
M-51-HRL,1991-12-01,111.885,203.833,,,,,
M-51-HRL,1992-01-01,107.072,193.643,,,,,
M-51-HRL,1992-02-01,102.748,187.786,,,,,1080.0
M-51-HRL,1992-03-01,95.083,174.381,,,,,
M-51-HRL,1992-04-01,111.062,202.0,,,,,
M-51-HRL,1992-05-01,105.596,194.738,,,,,
M-51-HRL,1992-06-01,98.996,179.524,,,,,
M-51-HRL,1992-07-01,103.595,189.524,,,,,
M-51-HRL,1992-08-01,106.645,196.833,,,,,
M-51-HRL,1992-09-01,106.347,189.524,,,,,
M-51-HRL,1992-10-01,110.165,215.167,,,,,
M-51-HRL,1992-11-01,110.235,211.333,,,,,
M-51-HRL,1992-12-01,95.378,184.357,,,,,
M-51-HRL,1993-01-01,103.812,203.143,,,,,
M-51-HRL,1993-02-01,89.28,177.429,,,,,
M-51-HRL,1993-03-01,105.265,205.095,,,,,
M-51-HRL,1993-04-01,104.12,202.262,,,,,
M-51-HRL,1993-05-01,107.015,223.571,,,,,
M-51-HRL,1993-06-01,109.377,226.19,,,,,
M-51-HRL,1993-07-01,80.98,155.905,,,,,
M-51-HRL,1993-08-01,108.37,208.643,,,,,1057.0
M-51-HRL,1993-09-01,124.854,241.214,,,,,
M-51-HRL,1993-10-01,72.241,139.952,,,,,
M-51-HRL,1993-11-01,76.567,149.667,,,,,
M-51-HRL,1993-12-01,74.424,144.643,,,,,
M-51-HRL,1994-01-01,79.599,151.952,,,,,
M-51-HRL,1994-02-01,80.51,187.262,,,,,
M-51-HRL,1994-03-01,98.933,186.905,,,,,
M-51-HRL,1994-04-01,95.563,181.214,,,,,
M-51-HRL,1994-05-01,96.938,198.976,,,,,
M-51-HRL,1994-06-01,89.387,184.571,,,,,
M-51-HRL,1994-07-01,87.504,179.905,,,,,1050.0
M-51-HRL,1994-08-01,79.488,162.643,,,,,
M-51-HRL,1994-09-01,71.696,147.976,,,,,
M-51-HRL,1994-10-01,37.835,76.286,,,,,
M-51-HRL,1994-11-01,91.294,184.643,,,,,
M-51-HRL,1994-12-01,84.224,172.357,,,,,
M-51-HRL,1995-01-01,96.228,195.357,,,783.2,,
M-51-HRL,1995-02-01,88.086,178.952,,,788.8,,
M-51-HRL,1995-03-01,106.438,215.833,,,,,
M-51-HRL,1995-04-01,85.596,174.143,,,819.6,,
M-51-HRL,1995-05-01,88.164,254.929,,,,,
M-51-HRL,1995-06-01,78.611,225.238,,,,,
M-51-HRL,1995-07-01,70.561,200.619,,,,,
M-51-HRL,1995-08-01,73.816,182.024,,,827.5,,
M-51-HRL,1995-09-01,63.814,157.857,,,833.0,,
M-51-HRL,1995-10-01,68.758,243.381,,,850.0,,
M-51-HRL,1995-11-01,63.299,82.952,,,827.7,,
M-51-HRL,1995-12-01,66.778,86.905,,,824.0,,
M-51-HRL,1996-01-01,55.134,71.429,,,807.1,,
M-51-HRL,1996-02-01,73.275,96.119,,,806.0,,
M-51-HRL,1996-03-01,75.243,97.5,,,,,
M-51-HRL,1996-04-01,75.08,139.238,,,801.8,,
M-51-HRL,1996-05-01,82.697,139.238,,,770.2,,
M-51-HRL,1996-06-01,78.592,148.238,,,803.2,,
M-51-HRL,1996-07-01,85.541,199.167,,,797.7,,
M-51-HRL,1996-08-01,93.834,231.905,,,783.0,,
M-51-HRL,1996-09-01,90.562,225.167,,,769.6,,1036.0
M-51-HRL,1996-10-01,92.869,232.286,,,768.1,,
M-51-HRL,1996-11-01,92.058,226.381,,,797.7,,
M-51-HRL,1996-12-01,94.088,231.571,,,773.8,,
M-51-HRL,1997-01-01,85.988,213.929,,,,,1033.0
M-51-HRL,1997-02-01,79.717,200.238,,,,,
M-51-HRL,1997-03-01,88.073,218.762,,,,,
M-51-HRL,1997-04-01,85.706,30.738,,,,,
M-51-HRL,1997-05-01,79.926,28.405,,,,,
M-51-HRL,1997-06-01,74.97,26.833,,,,,
M-51-HRL,1997-07-01,76.119,27.119,,,,,
M-51-HRL,1997-08-01,78.868,28.071,,,,,
M-51-HRL,1997-09-01,74.571,257.214,,,,,
M-51-HRL,1997-10-01,72.834,251.476,,,,,
M-51-HRL,1997-11-01,78.89,312.048,,,,,
M-51-HRL,1997-12-01,78.453,313.714,,,,,
M-51-HRL,1998-01-01,83.958,332.452,,,,,
M-51-HRL,1998-02-01,65.04,257.143,,,,,
M-51-HRL,1998-03-01,66.537,264.19,,,,,
M-51-HRL,1998-04-01,32.808,130.19,,,,,
M-51-HRL,1998-05-01,26.674,33.738,,,,,
M-51-HRL,1998-06-01,87.684,140.571,,,,,
M-51-HRL,1998-07-01,86.34,235.024,,,782.6,,
M-51-HRL,1998-08-01,90.62,211.119,,,,,
M-51-HRL,1998-09-01,91.034,161.476,,,,,
M-51-HRL,1998-10-01,87.052,282.381,,,,,1032.0
M-51-HRL,1998-11-01,84.428,287.381,,,,,
M-51-HRL,1998-12-01,90.916,195.548,,,,,
M-51-HRL,1999-01-01,93.026,345.429,,,,,
M-51-HRL,1999-02-01,85.161,189.214,,,773.6,,
M-51-HRL,1999-03-01,95.985,214.095,,,,,
M-51-HRL,1999-04-01,87.902,205.024,,,,,
M-51-HRL,1999-05-01,94.774,376.762,,,,,
M-51-HRL,1999-06-01,90.347,243.619,,,,,
M-51-HRL,1999-07-01,93.417,242.333,,,767.9,,
M-51-HRL,1999-08-01,91.697,371.643,,,767.8,,
M-51-HRL,1999-09-01,99.921,274.024,,,,,
M-51-HRL,1999-10-01,117.256,393.31,,,715.8,,
M-51-HRL,1999-11-01,103.961,405.119,,,,,
M-51-HRL,1999-12-01,103.376,894.524,,,,,
M-51-HRL,2000-01-01,114.44,607.31,,,,,
M-51-HRL,2000-02-01,104.831,463.31,,,,,
M-51-HRL,2000-03-01,110.994,389.214,,,,,
M-51-HRL,2000-04-01,91.422,313.0,,,,,
M-51-HRL,2000-05-01,108.176,396.524,,,720.8,,
M-51-HRL,2000-06-01,107.449,442.619,,,709.8,,
M-51-HRL,2000-07-01,113.662,458.405,,,,,
M-51-HRL,2000-08-01,112.985,336.095,,,708.3,,
M-51-HRL,2000-09-01,102.354,360.786,,,,,
M-51-HRL,2000-10-01,104.06,168.024,,,,,987.0
M-51-HRL,2000-11-01,104.258,431.667,,,710.5,,
M-51-HRL,2000-12-01,110.987,567.595,,,,,
M-51-HRL,2001-01-01,108.756,498.714,,,703.5,,
M-51-HRL,2001-02-01,97.77,453.762,,,725.1,,
M-51-HRL,2001-03-01,108.798,410.167,,,706.8,,
M-51-HRL,2001-04-01,100.578,367.357,,,,,
M-51-HRL,2001-05-01,110.431,257.619,,,704.0,,
M-51-HRL,2001-06-01,103.552,306.286,,,707.2,,
M-51-HRL,2001-07-01,110.746,375.381,,,709.5,,
M-51-HRL,2001-08-01,111.656,448.81,,,705.2,,
M-51-HRL,2001-09-01,102.567,440.714,,,704.8,,
M-51-HRL,2001-10-01,100.582,282.0,,,700.9,,1001.0
M-51-HRL,2001-11-01,108.081,305.976,,,697.4,,
M-51-HRL,2001-12-01,111.94,41.762,,,693.9,,
M-51-HRL,2002-01-01,111.503,631.5,,,,,
M-51-HRL,2002-02-01,100.555,400.476,,,690.0,,
M-51-HRL,2002-03-01,108.072,443.976,,,694.5,,
M-51-HRL,2002-04-01,104.48,385.286,,,691.9,,
M-51-HRL,2002-05-01,103.718,592.262,,,692.2,,
M-51-HRL,2002-06-01,104.198,559.31,,,696.7,,
M-51-HRL,2002-07-01,107.681,589.905,,,,,
M-51-HRL,2002-08-01,114.932,387.262,,,671.5,,
M-51-HRL,2002-09-01,104.203,442.524,,,,,
M-51-HRL,2002-10-01,108.41,442.333,,,693.8,,985.0
M-51-HRL,2002-11-01,107.874,544.167,,,693.8,,
M-51-HRL,2002-12-01,118.013,478.071,,,658.9,,
M-51-HRL,2003-01-01,114.474,614.048,,,647.7,,
M-51-HRL,2003-02-01,108.281,553.667,,,649.5,,
M-51-HRL,2003-03-01,127.163,536.262,,,636.5,,
M-51-HRL,2003-04-01,123.113,648.024,,,630.0,,
M-51-HRL,2003-05-01,117.027,587.881,,,657.8,,
M-51-HRL,2003-06-01,118.482,554.238,,,642.4,,
M-51-HRL,2003-07-01,120.193,538.31,,,,,
M-51-HRL,2003-08-01,105.007,419.31,,,685.4,,
M-51-HRL,2003-09-01,98.028,496.333,,,,,
M-51-HRL,2003-10-01,95.819,463.81,,,,,959.0
M-51-HRL,2003-11-01,98.117,605.881,,,,,
M-51-HRL,2003-12-01,104.021,642.262,,,,,
M-51-HRL,2004-01-01,100.704,420.81,,,676.9,,
M-51-HRL,2004-02-01,91.832,475.905,,,677.4,,
M-51-HRL,2004-03-01,101.908,551.357,,,677.6,,
M-51-HRL,2004-04-01,93.873,507.976,,,692.8,,
M-51-HRL,2004-05-01,100.693,407.905,,,693.2,,
M-51-HRL,2004-06-01,96.407,387.071,,,673.8,,
M-51-HRL,2004-07-01,103.629,545.19,,,659.6,,
M-51-HRL,2004-08-01,99.906,490.619,,,681.9,,
M-51-HRL,2004-09-01,99.283,478.143,,,679.5,,
M-51-HRL,2004-10-01,104.747,453.905,,,674.3,,
M-51-HRL,2004-11-01,99.208,455.024,,,675.0,,
M-51-HRL,2004-12-01,96.242,437.238,,,672.4,,
M-51-HRL,2005-01-01,97.739,443.381,,,669.0,,
M-51-HRL,2005-02-01,88.901,357.762,,,670.1,,
M-51-HRL,2005-03-01,101.319,458.119,,,666.5,,
M-51-HRL,2005-04-01,93.336,424.333,,,670.8,,
M-51-HRL,2005-05-01,87.348,411.714,,,692.7,,
M-51-HRL,2005-06-01,97.707,419.976,,,668.6,,
M-51-HRL,2005-07-01,100.753,500.571,,,665.9,,
M-51-HRL,2005-08-01,100.964,479.452,,,662.9,,
M-51-HRL,2005-09-01,97.3,463.238,,,665.3,,938.0
M-51-HRL,2005-10-01,98.261,462.738,,,658.6,,
M-51-HRL,2005-11-01,85.198,399.952,,,654.7,,
M-51-HRL,2005-12-01,98.511,528.929,,,655.5,,
M-51-HRL,2006-01-01,76.526,410.262,,,678.0,,897.0
M-51-HRL,2006-02-01,82.604,444.571,,,671.3,,
M-51-HRL,2006-03-01,92.182,481.071,,,673.1,,
M-51-HRL,2006-04-01,87.9,393.0,,,668.9,,
M-51-HRL,2006-05-01,87.346,391.786,,,667.6,,
M-51-HRL,2006-06-01,86.454,361.19,,,664.2,,
M-51-HRL,2006-07-01,84.231,370.286,,,665.2,,
M-51-HRL,2006-08-01,89.066,414.476,,,659.1,,
M-51-HRL,2006-09-01,87.007,428.381,,,663.4,,
M-51-HRL,2006-10-01,93.065,457.024,,,649.0,,
M-51-HRL,2006-11-01,89.673,399.429,,,654.3,,
M-51-HRL,2006-12-01,89.112,492.857,,,655.2,,
M-51-HRL,2007-01-01,91.905,509.69,,,654.4,,
M-51-HRL,2007-02-01,83.303,465.881,,,651.4,,
M-51-HRL,2007-03-01,90.858,508.548,,,646.4,,
M-51-HRL,2007-04-01,75.682,421.571,,,648.6,,
M-51-HRL,2007-05-01,84.563,427.643,,,677.0,,
M-51-HRL,2007-06-01,0.974,442.238,,,629.3,,884.0
M-51-HRL,2007-07-01,96.822,427.905,,,630.8,,
M-51-HRL,2007-08-01,96.303,400.643,,,628.4,,
M-51-HRL,2007-09-01,91.255,379.619,,,629.5,,
M-51-HRL,2007-10-01,95.055,489.571,,,628.9,,
M-51-HRL,2007-11-01,89.044,424.905,,,625.8,,
M-51-HRL,2007-12-01,92.887,530.667,,,625.8,,
M-51-HRL,2008-01-01,90.573,504.738,,,619.6,,
M-51-HRL,2008-02-01,85.252,491.881,,,611.7,,
M-51-HRL,2008-03-01,89.508,491.286,,,622.1,,
M-51-HRL,2008-04-01,84.243,463.143,,,631.1,,
M-51-HRL,2008-05-01,64.025,336.0,,,641.5,,
M-51-HRL,2008-06-01,81.697,382.429,,,623.5,,
M-51-HRL,2008-07-01,81.869,357.19,,,619.2,,878.0
M-51-HRL,2008-08-01,88.262,471.667,,,622.3,,
M-51-HRL,2008-09-01,81.351,440.167,,,620.2,,
M-51-HRL,2008-10-01,82.878,453.476,,,625.8,,
M-51-HRL,2008-11-01,79.28,532.238,,,616.2,,
M-51-HRL,2008-12-01,80.14,545.476,,,613.6,,
M-51-HRL,2009-01-01,80.608,548.667,,,613.7,,
M-51-HRL,2009-02-01,76.577,373.762,,,611.2,,
M-51-HRL,2009-03-01,77.549,559.786,,,623.1,,
M-51-HRL,2009-04-01,40.032,210.905,,,628.5,,
M-51-HRL,2009-05-01,86.608,647.119,,,638.6,,
M-51-HRL,2009-06-01,94.733,636.786,,,575.5,,
M-51-HRL,2009-07-01,90.341,606.286,,,582.8,,851.0
M-51-HRL,2009-08-01,95.408,675.476,,,564.0,,
M-51-HRL,2009-09-01,88.792,619.952,,,618.7,,
M-51-HRL,2009-10-01,95.536,668.619,,,560.4,,
M-51-HRL,2009-11-01,90.141,712.667,,,558.1,,
M-51-HRL,2009-12-01,57.61,373.976,,,596.4,,
M-51-HRL,2010-01-01,47.561,302.881,,,605.6,,841.0
M-51-HRL,2010-02-01,54.312,268.762,,,608.8,,
M-51-HRL,2010-03-01,61.672,301.595,,,598.1,,
M-51-HRL,2010-04-01,63.627,265.952,,,602.9,,
M-51-HRL,2010-05-01,31.67,106.952,,,602.5,,
M-51-HRL,2010-06-01,72.259,208.524,,,599.2,,
M-51-HRL,2010-07-01,59.992,113.548,,,597.8,,
M-51-HRL,2010-08-01,77.274,143.833,,,603.1,,
M-51-HRL,2010-09-01,72.682,137.524,,,605.0,,
M-51-HRL,2010-10-01,66.432,125.69,,,596.0,,
M-51-HRL,2010-11-01,73.816,139.667,,,586.1,,
M-51-HRL,2010-12-01,50.546,95.643,,,584.6,,
M-51-HRL,2011-01-01,78.936,149.357,,,578.6,,
M-51-HRL,2011-02-01,66.751,119.786,,,592.2,,
M-51-HRL,2011-03-01,58.354,104.69,,,585.1,,
M-51-HRL,2011-04-01,52.34,262.643,,,574.9,,
M-51-HRL,2011-05-01,77.722,394.286,,,589.1,,
M-51-HRL,2011-06-01,75.303,387.952,,,578.1,,
M-51-HRL,2011-07-01,59.118,301.738,,,584.7,,
M-51-HRL,2011-08-01,79.361,471.024,,,578.9,,
M-51-HRL,2011-09-01,38.531,215.786,,,575.7,,
M-51-HRL,2011-10-01,78.441,449.095,,,588.2,,
M-51-HRL,2011-11-01,74.383,256.81,,,581.8,,
M-51-HRL,2011-12-01,78.447,270.857,,,574.4,,
M-51-HRL,2012-01-01,76.661,215.952,,,572.5,,
M-51-HRL,2012-02-01,70.278,197.976,,,560.3,,
M-51-HRL,2012-03-01,52.423,167.833,,,571.7,,
M-51-HRL,2012-04-01,71.086,318.262,,,568.7,,
M-51-HRL,2012-05-01,74.662,311.667,,,564.7,,
M-51-HRL,2012-06-01,68.09,282.143,,,566.3,,
M-51-HRL,2012-07-01,59.433,269.024,,,565.8,,
M-51-HRL,2012-08-01,54.609,227.262,,,563.4,,
M-51-HRL,2012-09-01,30.422,52.881,,,567.3,,
M-51-HRL,2012-10-01,67.218,344.0,,,566.5,,
M-51-HRL,2012-11-01,61.837,346.429,,,557.6,,
M-51-HRL,2012-12-01,35.702,186.0,,,577.4,,
M-51-HRL,2013-01-01,24.369,118.262,,,571.4,,
M-51-HRL,2013-02-01,35.354,155.643,,,568.8,,
M-51-HRL,2013-03-01,54.16,214.619,,,564.8,,
M-51-HRL,2013-04-01,41.26,162.905,,,583.2,,
M-51-HRL,2013-05-01,34.535,124.524,,,572.5,,
M-51-HRL,2013-06-01,43.703,162.333,,,567.5,,
M-51-HRL,2013-07-01,52.748,195.905,,,558.6,,
M-51-HRL,2013-08-01,46.016,189.69,,,556.1,,
M-51-HRL,2013-09-01,36.307,149.31,,,541.1,,
M-51-HRL,2013-10-01,14.157,17.0,,,545.0,,
M-51-HRL,2013-11-01,46.739,73.048,,,547.5,,
M-51-HRL,2013-12-01,71.146,111.19,,,548.9,,
M-51-HRL,2014-01-01,54.611,85.357,,,549.7,,
M-51-HRL,2014-02-01,46.303,72.357,,,555.1,,
M-51-HRL,2014-03-01,45.733,489.643,,,547.5,,
M-51-HRL,2014-04-01,23.275,199.405,,,557.8,,
M-51-HRL,2014-05-01,48.694,449.5,,,536.9,,
M-51-HRL,2014-06-01,56.117,600.952,,,541.3,,
M-51-HRL,2014-07-01,54.769,586.524,,,535.5,,
M-51-HRL,2014-08-01,46.368,496.5,,,540.4,,
M-51-HRL,2014-09-01,36.742,393.452,,,536.7,,
M-51-HRL,2014-10-01,51.617,552.738,,,541.7,,
M-51-HRL,2014-11-01,35.215,377.119,,,527.0,,
M-51-HRL,2014-12-01,44.543,477.0,,,521.0,,
M-51-HRL,2015-01-01,55.022,589.167,,,526.4,,779.0
M-51-HRL,2015-02-01,63.33,678.167,,,524.4,,
M-51-HRL,2015-03-01,44.621,477.833,,,501.3,,
M-51-HRL,2015-04-01,54.747,586.286,,,520.7,,
M-51-HRL,2015-05-01,41.648,445.929,,,533.0,,
M-51-HRL,2015-06-01,40.733,436.214,,,521.9,,
M-51-HRL,2015-07-01,59.94,641.857,,,520.5,,
M-51-HRL,2015-08-01,58.686,631.929,31.0,48.0,522.5,511.2,
M-51-HRL,2015-09-01,46.551,496.69,30.0,48.0,515.1,505.2,
M-51-HRL,2015-10-01,48.652,518.929,31.0,48.0,497.7,496.0,
M-51-HRL,2015-11-01,43.939,468.762,30.0,48.0,513.0,501.8,
M-51-HRL,2015-12-01,68.21,729.833,31.0,48.0,500.6,497.2,
M-51-HRL,2016-01-01,65.028,695.952,31.0,48.0,487.7,485.2,
M-51-HRL,2016-02-01,72.205,772.643,29.0,48.0,491.7,466.2,
M-51-HRL,2016-03-01,76.596,819.667,31.0,48.0,498.2,474.6,
M-51-HRL,2016-04-01,74.593,798.595,30.0,48.0,482.0,457.1,
M-51-HRL,2016-05-01,76.905,823.214,31.0,48.0,478.3,457.7,
M-51-HRL,2016-06-01,75.027,811.357,30.0,48.0,472.9,453.5,
M-51-HRL,2016-07-01,64.31,688.548,24.0,48.0,447.7,419.5,718.0
M-51-HRL,2016-08-01,76.745,821.691,31.0,48.0,475.6,449.5,
M-51-HRL,2016-09-01,74.643,799.191,30.0,48.0,471.0,445.1,
M-51-HRL,2016-10-01,72.201,772.857,31.0,48.0,484.8,462.6,
M-51-HRL,2016-11-01,74.183,611.81,30.0,48.0,468.7,443.8,
M-51-HRL,2016-12-01,82.314,771.929,31.0,48.0,447.2,413.7,
M-51-HRL,2017-01-01,74.378,697.595,31.0,48.0,447.2,412.5,
M-51-HRL,2017-02-01,73.533,698.024,28.0,48.0,450.2,417.5,
M-51-HRL,2017-03-01,80.168,760.857,31.0,48.0,448.4,415.6,
M-51-HRL,2017-04-01,74.046,702.857,29.0,48.0,443.9,415.1,
M-51-HRL,2017-05-01,72.228,685.69,29.0,48.0,478.9,475.1,
M-51-HRL,2017-06-01,74.691,721.881,30.0,48.0,444.7,413.5,
M-51-HRL,2017-07-01,77.16,745.571,31.0,48.0,447.7,419.5,
M-51-HRL,2017-08-01,78.801,843.452,31.0,48.0,440.7,411.0,
M-51-HRL,2017-09-01,73.504,786.81,30.0,48.0,445.4,420.9,
M-51-HRL,2017-10-01,51.36,549.786,24.0,48.0,466.0,446.5,
M-51-HRL,2017-11-01,63.057,675.476,26.0,48.0,454.7,430.4,
M-51-HRL,2017-12-01,77.631,831.667,31.0,48.0,438.8,405.9,
M-51-HRL,2018-01-01,80.744,865.024,31.0,48.0,430.7,395.6,
M-51-HRL,2018-02-01,70.376,753.976,28.0,48.0,439.9,414.5,
M-51-HRL,2018-03-01,75.007,803.5,31.0,48.0,427.1,391.5,
M-51-HRL,2018-04-01,75.734,811.286,30.0,48.0,417.7,380.3,
M-51-HRL,2018-05-01,78.512,1130.238,31.0,48.0,437.6,409.1,
M-51-HRL,2018-06-01,77.653,1117.81,30.0,48.0,416.1,377.1,
M-51-HRL,2018-07-01,78.101,1124.238,31.0,48.0,409.5,370.2,
M-51-HRL,2018-08-01,78.58,1131.095,31.0,48.0,408.6,371.3,
M-51-HRL,2018-09-01,75.233,1082.929,30.0,48.0,404.5,365.2,
M-51-HRL,2018-10-01,78.235,1133.048,31.0,48.0,402.5,362.4,
M-51-HRL,2018-11-01,68.0,981.191,25.0,48.0,393.0,340.0,666.0
M-51-HRL,2018-12-01,79.928,1157.548,31.0,48.0,399.5,374.8,
M-51-HRL,2019-01-01,74.37,1077.095,31.0,48.0,398.2,373.0,
M-51-HRL,2019-02-01,69.61,1006.619,28.0,48.0,407.5,383.7,
M-51-HRL,2019-03-01,72.619,1048.143,31.0,48.0,390.9,364.0,
M-51-HRL,2019-04-01,58.607,835.191,24.0,48.0,401.5,378.5,
M-51-HRL,2019-05-01,79.061,1138.214,31.0,48.0,,,
M-51-HRL,2019-06-01,77.945,1122.048,30.0,48.0,382.6,354.4,
M-51-HRL,2019-07-01,77.563,1116.357,31.0,48.0,400.3,377.4,
M-51-HRL,2019-08-01,77.795,1119.762,31.0,48.0,387.2,360.3,
M-51-HRL,2019-09-01,75.015,1079.786,30.0,48.0,405.0,385.7,
M-51-HRL,2019-10-01,70.656,1017.0,31.0,48.0,407.2,385.6,
M-51-HRL,2019-11-01,66.857,962.5,30.0,48.0,406.9,382.0,
M-51-HRL,2019-12-01,68.858,991.095,31.0,48.0,414.8,393.2,
M-51-HRL,2020-01-01,80.235,1154.881,31.0,48.0,385.2,349.0,
M-51-HRL,2020-02-01,69.705,1003.548,29.0,48.0,380.8,351.5,
M-51-HRL,2020-03-01,71.52,1029.524,31.0,48.0,380.8,351.5,
M-51-HRL,2020-04-01,72.744,1047.119,30.0,48.0,,,
M-51-HRL,2020-05-01,73.809,1062.5,31.0,48.0,,,
M-51-HRL,2020-06-01,70.793,1018.881,30.0,48.0,,,
M-51-HRL,2020-07-01,79.331,1141.881,31.0,48.0,378.9,349.2,
M-51-HRL,2020-08-01,78.467,1129.452,31.0,48.0,385.5,351.4,
M-51-HRL,2020-09-01,75.084,1080.952,30.0,48.0,361.6,329.2,
M-51-HRL,2020-10-01,76.54,1101.881,31.0,48.0,365.2,337.1,
M-51-HRL,2020-11-01,67.883,977.095,30.0,48.0,390.2,373.6,
M-51-HRL,2020-12-01,64.256,925.071,28.0,48.0,359.9,327.5,624.0
M-51-HRL,2021-01-01,80.325,1156.262,31.0,48.0,355.3,319.2,
M-51-HRL,2021-02-01,72.55,1044.119,28.0,48.0,327.6,272.7,
M-51-HRL,2021-03-01,76.237,1097.429,31.0,48.0,357.0,326.1,
M-51-HRL,2021-04-01,78.623,1131.786,30.0,48.0,322.9,274.9,
M-51-HRL,2021-05-01,83.577,1203.024,31.0,48.0,357.9,316.1,
M-51-HRL,2021-06-01,79.178,1504.405,30.0,48.0,335.1,298.6,
M-51-HRL,2021-07-01,82.813,1488.476,31.0,48.0,311.3,258.1,
M-51-HRL,2021-08-01,82.179,1437.738,31.0,48.0,326.4,275.2,
M-51-HRL,2021-09-01,76.93,1346.048,30.0,48.0,320.5,273.5,
M-51-HRL,2021-10-01,81.744,1430.191,31.0,48.0,321.9,278.5,
M-51-HRL,2021-11-01,75.606,1323.071,30.0,48.0,305.0,249.7,
M-51-HRL,2021-12-01,85.232,1490.857,31.0,48.0,296.5,237.5,
M-51-HRL,2022-01-01,88.802,1553.357,31.0,64.0,250.4,235.5,
M-51-HRL,2022-02-01,78.026,1365.286,28.0,64.0,261.2,247.8,
M-51-HRL,2022-03-01,88.545,1548.952,31.0,48.0,249.4,234.2,
M-51-HRL,2022-04-01,87.762,1535.31,30.0,64.0,236.2,219.1,
M-51-HRL,2022-05-01,90.11,1576.095,31.0,64.0,235.0,216.9,
M-51-HRL,2022-06-01,80.755,1412.667,28.0,64.0,241.6,233.4,
M-51-HRL,2022-07-01,78.691,1376.738,29.0,64.0,283.9,265.0,
M-51-HRL,2022-08-01,85.572,1496.976,31.0,64.0,255.2,225.3,
M-51-HRL,2022-09-01,81.467,1838.571,30.0,64.0,255.9,214.8,
M-51-HRL,2022-10-01,83.411,1882.81,31.0,64.0,254.9,246.4,
M-51-HRL,2022-11-01,76.621,1729.524,30.0,64.0,258.0,249.4,
M-51-HRL,2022-12-01,83.571,1886.071,31.0,64.0,220.8,208.5,
M-51-HRL,2023-01-01,86.149,1944.024,31.0,64.0,235.1,217.4,
M-51-HRL,2023-02-01,73.831,1666.5,28.0,64.0,240.8,230.8,
M-51-HRL,2023-03-01,66.0,1489.691,26.0,64.0,248.5,204.6,
M-51-HRL,2023-04-01,,,,,206.4,203.3,
M-51-HRL,2023-05-01,80.413,1814.643,31.0,64.0,243.0,240.5,
M-51-HRL,2023-06-01,81.364,1836.143,30.0,64.0,203.5,200.3,
M-51-HRL,2023-07-01,81.845,1847.071,31.0,96.0,200.3,196.9,
M-51-HRL,2023-08-01,82.262,1856.5,31.0,96.0,200.6,197.6,
M-51-HRL,2023-09-01,77.157,1731.548,30.0,96.0,200.0,195.6,
M-51-HRL,2023-10-01,75.782,1777.571,31.0,96.0,267.8,266.4,
M-51-HRL,2023-11-01,73.458,1637.262,30.0,96.0,221.3,218.5,
M-51-HRL,2023-12-01,77.602,1709.095,31.0,96.0,204.7,201.3,
M-51-HRL,2024-01-01,75.121,1654.452,31.0,128.0,206.5,204.4,
M-51-HRL,2024-02-01,70.866,1560.738,29.0,128.0,204.0,201.8,
M-51-HRL,2024-03-01,75.777,1668.905,31.0,128.0,207.2,203.4,
M-51-HRL,2024-04-01,54.152,1192.643,22.0,128.0,216.1,214.3,
M-51-HRL,2024-05-01,74.566,1642.238,31.0,128.0,241.9,240.2,
M-51-HRL,2024-06-01,75.568,1664.286,30.0,128.0,201.9,198.0,
M-51-HRL,2024-07-01,78.775,1734.929,31.0,128.0,203.3,198.7,
M-51-HRL,2024-08-01,76.553,1686.0,31.0,128.0,196.1,194.0,
M-51-HRL,2024-09-01,72.464,1595.929,30.0,128.0,202.7,200.7,
M-51-HRL,2024-10-01,72.939,1606.405,31.0,128.0,206.1,204.4,
M-51-HRL,2024-11-01,67.958,1496.691,30.0,128.0,213.5,211.6,
M-51-HRL,2024-12-01,70.785,1558.952,31.0,128.0,209.3,207.6,
M-51-HRL,2025-01-01,70.071,1543.238,31.0,128.0,215.5,211.6,
M-51-HRL,2025-02-01,65.045,1432.548,28.0,128.0,208.4,206.9,
M-51-HRL,2025-03-01,72.106,1588.048,31.0,128.0,201.5,198.1,
M-51-HRL,2025-04-01,67.224,1480.524,30.0,128.0,201.0,198.0,
M-51-HRL,2025-05-01,69.15,1522.952,31.0,128.0,195.6,191.9,
M-51-HRL,2025-06-01,74.107,1632.119,30.0,128.0,191.5,189.6,
M-56-HRL,1993-07-01,96.751,0.0,,,,,
M-56-HRL,1993-08-01,177.988,0.0,,,,,985.0
M-56-HRL,1993-09-01,157.255,0.0,,,,,
M-56-HRL,1993-10-01,142.566,0.0,,,,,
M-56-HRL,1993-11-01,154.915,0.0,,,,,
M-56-HRL,1993-12-01,159.268,0.0,,,,,
M-56-HRL,1994-01-01,171.894,0.0,,,,,
M-56-HRL,1994-02-01,139.153,0.0,,,,,
M-56-HRL,1994-03-01,167.197,0.0,,,,,
M-56-HRL,1994-04-01,164.549,13.548,,,,,
M-56-HRL,1994-05-01,163.902,13.571,,,,,
M-56-HRL,1994-06-01,147.598,12.286,,,,,
M-56-HRL,1994-07-01,138.582,11.5,,,,,983.0
M-56-HRL,1994-08-01,150.35,12.405,,,,,
M-56-HRL,1994-09-01,129.294,10.762,,,,,
M-56-HRL,1994-10-01,129.938,10.571,,,,,
M-56-HRL,1994-11-01,142.581,11.619,,,,,
M-56-HRL,1994-12-01,129.38,10.667,,,,,
M-56-HRL,1995-01-01,159.589,13.071,,,750.0,,
M-56-HRL,1995-02-01,135.269,11.071,,,757.1,,
M-56-HRL,1995-03-01,168.109,13.738,,,,,
M-56-HRL,1995-04-01,150.683,12.357,,,725.7,,
M-56-HRL,1995-05-01,151.275,12.524,,,726.4,,
M-56-HRL,1995-06-01,132.226,10.857,,,710.0,,
M-56-HRL,1995-07-01,117.629,9.571,,,,,
M-56-HRL,1995-08-01,132.728,14.667,,,747.0,,
M-56-HRL,1995-09-01,117.079,12.976,,,745.0,,
M-56-HRL,1995-10-01,92.237,10.262,,,745.8,,
M-56-HRL,1995-11-01,108.13,18.976,,,738.2,,
M-56-HRL,1995-12-01,118.229,22.167,,,746.6,,
M-56-HRL,1996-01-01,107.493,20.071,,,743.5,,
M-56-HRL,1996-02-01,115.936,22.952,,,745.2,,
M-56-HRL,1996-03-01,128.539,25.119,,,,,
M-56-HRL,1996-04-01,110.21,24.548,,,735.6,,
M-56-HRL,1996-05-01,112.034,24.548,,,742.0,,
M-56-HRL,1996-06-01,105.494,27.19,,,741.4,,
M-56-HRL,1996-07-01,91.581,17.905,,,737.7,,
M-56-HRL,1996-08-01,52.104,10.167,,,765.5,,
M-56-HRL,1996-09-01,92.42,18.119,,,749.3,,
M-56-HRL,1996-10-01,96.907,19.119,,,749.4,,937.0
M-56-HRL,1996-11-01,98.916,19.19,,,750.0,,
M-56-HRL,1996-12-01,105.314,20.452,,,763.0,,
M-56-HRL,1997-01-01,91.382,17.929,,,,,938.0
M-56-HRL,1997-02-01,100.547,19.929,,,,,
M-56-HRL,1997-03-01,109.894,21.548,,,,,
M-56-HRL,1997-04-01,99.693,16.905,,,,,
M-56-HRL,1997-05-01,97.453,16.357,,,,,
M-56-HRL,1997-06-01,89.772,27.619,,,,,
M-56-HRL,1997-07-01,67.347,20.619,,,,,
M-56-HRL,1997-08-01,74.02,42.238,,,,,
M-56-HRL,1997-09-01,83.931,48.0,,,,,
M-56-HRL,1997-10-01,82.639,33.048,,,,,
M-56-HRL,1997-11-01,84.091,26.286,,,,,
M-56-HRL,1997-12-01,88.378,27.929,,,,,
M-56-HRL,1998-01-01,100.197,31.357,,,,,
M-56-HRL,1998-02-01,89.757,28.048,,,,,
M-56-HRL,1998-03-01,112.328,35.238,,,,,
M-56-HRL,1998-04-01,50.875,15.952,,,,,
M-56-HRL,1998-05-01,42.711,4.69,,,,,
M-56-HRL,1998-06-01,123.242,16.976,,,,,
M-56-HRL,1998-07-01,134.741,18.643,,,722.5,,920.0
M-56-HRL,1998-08-01,137.993,62.333,,,,,
M-56-HRL,1998-09-01,126.398,66.643,,,,,
M-56-HRL,1998-10-01,112.982,37.81,,,,,
M-56-HRL,1998-11-01,119.845,47.762,,,,,
M-56-HRL,1998-12-01,120.317,42.31,,,,,
M-56-HRL,1999-01-01,122.922,80.31,,,,,
M-56-HRL,1999-02-01,107.942,41.714,,,703.9,,
M-56-HRL,1999-03-01,125.386,90.905,,,,,
M-56-HRL,1999-04-01,123.335,71.786,,,,,
M-56-HRL,1999-05-01,184.393,115.952,,,,,
M-56-HRL,1999-06-01,155.635,126.429,,,,,
M-56-HRL,1999-07-01,129.393,105.167,,,696.5,,
M-56-HRL,1999-08-01,118.405,99.048,,,697.0,,
M-56-HRL,1999-09-01,113.826,68.214,,,,,
M-56-HRL,1999-10-01,121.16,87.238,,,694.2,,
M-56-HRL,1999-11-01,109.303,81.738,,,,,
M-56-HRL,1999-12-01,116.775,74.643,,,,,
M-56-HRL,2000-01-01,112.574,77.429,,,,,
M-56-HRL,2000-02-01,112.827,48.31,,,,,
M-56-HRL,2000-03-01,117.429,53.286,,,,,
M-56-HRL,2000-04-01,97.56,24.143,,,,,
M-56-HRL,2000-05-01,111.14,47.048,,,697.9,,
M-56-HRL,2000-06-01,105.599,79.31,,,689.1,,
M-56-HRL,2000-07-01,111.26,106.857,,,,,
M-56-HRL,2000-08-01,114.113,111.976,,,685.2,,
M-56-HRL,2000-09-01,92.341,115.452,,,,,
M-56-HRL,2000-10-01,87.705,82.881,,,,,864.0
M-56-HRL,2000-11-01,103.373,62.762,,,690.1,,
M-56-HRL,2000-12-01,133.422,94.905,,,,,
M-56-HRL,2001-01-01,99.919,79.69,,,684.7,,
M-56-HRL,2001-02-01,89.561,80.571,,,709.6,,
M-56-HRL,2001-03-01,96.955,69.452,,,693.2,,
M-56-HRL,2001-04-01,112.873,62.238,,,,,
M-56-HRL,2001-05-01,104.771,57.452,,,684.3,,
M-56-HRL,2001-06-01,99.313,52.119,,,685.9,,
M-56-HRL,2001-07-01,93.221,57.643,,,682.2,,
M-56-HRL,2001-08-01,94.554,47.119,,,683.8,,
M-56-HRL,2001-09-01,82.236,76.571,,,684.4,,868.0
M-56-HRL,2001-10-01,96.731,93.881,,,677.9,,
M-56-HRL,2001-11-01,90.564,101.31,,,675.2,,
M-56-HRL,2001-12-01,98.126,186.619,,,673.2,,
M-56-HRL,2002-01-01,99.168,117.405,,,,,850.0
M-56-HRL,2002-02-01,82.934,101.071,,,670.8,,
M-56-HRL,2002-03-01,84.388,66.619,,,672.7,,
M-56-HRL,2002-04-01,78.565,54.857,,,675.0,,
M-56-HRL,2002-05-01,87.341,78.31,,,670.5,,
M-56-HRL,2002-06-01,102.619,59.095,,,673.4,,
M-56-HRL,2002-07-01,102.966,80.643,,,,,
M-56-HRL,2002-08-01,103.564,87.048,,,656.8,,
M-56-HRL,2002-09-01,95.663,71.976,,,,,
M-56-HRL,2002-10-01,91.481,72.905,,,674.3,,
M-56-HRL,2002-11-01,93.708,104.548,,,674.3,,
M-56-HRL,2002-12-01,114.146,132.548,,,629.8,,
M-56-HRL,2003-01-01,113.547,150.714,,,631.7,,
M-56-HRL,2003-02-01,111.411,142.929,,,663.7,,
M-56-HRL,2003-03-01,120.894,155.19,,,615.1,,
M-56-HRL,2003-04-01,113.71,145.762,,,611.2,,
M-56-HRL,2003-05-01,113.829,146.071,,,634.0,,
M-56-HRL,2003-06-01,112.97,40.667,,,621.9,,
M-56-HRL,2003-07-01,110.729,160.5,,,,,
M-56-HRL,2003-08-01,89.017,100.0,,,637.8,,
M-56-HRL,2003-09-01,80.31,80.5,,,,,
M-56-HRL,2003-10-01,80.891,66.643,,,,,848.0
M-56-HRL,2003-11-01,103.037,124.738,,,,,
M-56-HRL,2003-12-01,138.407,161.381,,,,,
M-56-HRL,2004-01-01,129.757,55.048,,,660.5,,
M-56-HRL,2004-02-01,113.796,55.381,,,658.3,,
M-56-HRL,2004-03-01,89.57,43.452,,,663.4,,
M-56-HRL,2004-04-01,85.567,41.5,,,672.1,,
M-56-HRL,2004-05-01,94.405,43.881,,,667.5,,
M-56-HRL,2004-06-01,84.891,42.024,,,650.0,,
M-56-HRL,2004-07-01,84.239,50.119,,,638.4,,
M-56-HRL,2004-08-01,78.477,38.381,,,656.8,,
M-56-HRL,2004-09-01,70.834,51.976,,,651.6,,
M-56-HRL,2004-10-01,76.508,51.952,,,648.2,,
M-56-HRL,2004-11-01,70.255,44.476,,,642.5,,
M-56-HRL,2004-12-01,72.336,62.595,,,645.5,,
M-56-HRL,2005-01-01,65.796,56.119,,,645.0,,
M-56-HRL,2005-02-01,58.935,50.048,,,646.3,,
M-56-HRL,2005-03-01,70.599,54.762,,,641.6,,
M-56-HRL,2005-04-01,71.23,44.786,,,648.0,,
M-56-HRL,2005-05-01,91.787,39.786,,,652.6,,
M-56-HRL,2005-06-01,79.988,34.833,,,642.2,,
M-56-HRL,2005-07-01,88.649,64.857,,,638.5,,
M-56-HRL,2005-08-01,80.401,50.214,,,637.0,,
M-56-HRL,2005-09-01,74.146,50.119,,,635.8,,
M-56-HRL,2005-10-01,77.845,60.976,,,629.5,,
M-56-HRL,2005-11-01,74.341,49.81,,,624.6,,
M-56-HRL,2005-12-01,79.163,53.024,,,631.7,,
M-56-HRL,2006-01-01,67.803,49.619,,,633.8,,810.0
M-56-HRL,2006-02-01,71.377,46.071,,,631.1,,
M-56-HRL,2006-03-01,77.958,64.667,,,630.2,,
M-56-HRL,2006-04-01,74.174,61.667,,,628.0,,
M-56-HRL,2006-05-01,66.82,55.262,,,628.6,,
M-56-HRL,2006-06-01,70.618,58.405,,,621.2,,
M-56-HRL,2006-07-01,83.465,65.881,,,623.8,,
M-56-HRL,2006-08-01,84.791,46.333,,,620.5,,
M-56-HRL,2006-09-01,75.728,49.024,,,622.0,,
M-56-HRL,2006-10-01,91.383,57.095,,,621.6,,
M-56-HRL,2006-11-01,84.688,53.667,,,615.9,,
M-56-HRL,2006-12-01,88.996,68.143,,,616.9,,
M-56-HRL,2007-01-01,88.429,66.667,,,613.1,,
M-56-HRL,2007-02-01,81.267,68.0,,,612.4,,
M-56-HRL,2007-03-01,88.062,64.405,,,607.8,,
M-56-HRL,2007-04-01,88.697,64.024,,,609.4,,
M-56-HRL,2007-05-01,94.234,96.643,,,596.5,,
M-56-HRL,2007-06-01,90.665,90.0,,,618.5,,
M-56-HRL,2007-07-01,90.861,77.929,,,602.7,,
M-56-HRL,2007-08-01,87.056,76.452,,,610.5,,777.0
M-56-HRL,2007-09-01,85.696,85.024,,,598.9,,
M-56-HRL,2007-10-01,86.369,91.857,,,596.2,,
M-56-HRL,2007-11-01,87.927,99.571,,,597.9,,
M-56-HRL,2007-12-01,91.76,107.548,,,594.6,,
M-56-HRL,2008-01-01,96.099,101.929,,,589.8,,
M-56-HRL,2008-02-01,87.495,111.762,,,580.4,,
M-56-HRL,2008-03-01,87.209,109.69,,,588.2,,
M-56-HRL,2008-04-01,82.649,102.119,,,595.3,,
M-56-HRL,2008-05-01,76.148,97.095,,,606.1,,
M-56-HRL,2008-06-01,85.478,91.714,,,588.9,,
M-56-HRL,2008-07-01,89.97,120.405,,,588.1,,
M-56-HRL,2008-08-01,87.36,121.643,,,584.6,,767.0
M-56-HRL,2008-09-01,85.708,127.405,,,583.9,,
M-56-HRL,2008-10-01,88.52,134.833,,,583.5,,
M-56-HRL,2008-11-01,87.695,115.929,,,579.4,,
M-56-HRL,2008-12-01,73.344,99.643,,,578.7,,
M-56-HRL,2009-01-01,89.992,110.405,,,579.6,,735.0
M-56-HRL,2009-02-01,80.058,73.952,,,592.2,,
M-56-HRL,2009-03-01,78.977,45.595,,,590.8,,
M-56-HRL,2009-04-01,77.517,21.762,,,516.6,,
M-56-HRL,2009-05-01,101.197,29.643,,,590.5,,
M-56-HRL,2009-06-01,99.994,107.762,,,560.6,,
M-56-HRL,2009-07-01,103.583,110.119,,,554.6,,
M-56-HRL,2009-08-01,102.09,103.643,,,554.8,,
M-56-HRL,2009-09-01,98.15,103.643,,,549.9,,
M-56-HRL,2009-10-01,109.126,130.19,,,540.9,,
M-56-HRL,2009-11-01,104.955,129.738,,,538.2,,
M-56-HRL,2009-12-01,83.217,66.69,,,564.5,,
M-56-HRL,2010-01-01,77.431,57.238,,,570.3,,725.0
M-56-HRL,2010-02-01,71.636,47.81,,,576.9,,
M-56-HRL,2010-03-01,84.646,18.69,,,560.2,,
M-56-HRL,2010-04-01,79.27,53.238,,,565.5,,
M-56-HRL,2010-05-01,80.619,56.262,,,573.1,,
M-56-HRL,2010-06-01,78.383,53.929,,,575.0,,
M-56-HRL,2010-07-01,84.536,76.167,,,558.3,,
M-56-HRL,2010-08-01,83.611,66.238,,,564.2,,
M-56-HRL,2010-09-01,76.538,67.881,,,561.8,,
M-56-HRL,2010-10-01,71.519,63.762,,,561.3,,
M-56-HRL,2010-11-01,81.947,77.524,,,556.0,,
M-56-HRL,2010-12-01,84.833,81.119,,,552.2,,
M-56-HRL,2011-01-01,87.763,81.667,,,546.3,,
M-56-HRL,2011-02-01,78.292,76.262,,,552.2,,
M-56-HRL,2011-03-01,79.625,63.619,,,560.3,,
M-56-HRL,2011-04-01,84.005,75.238,,,550.3,,
M-56-HRL,2011-05-01,79.857,71.476,,,560.1,,
M-56-HRL,2011-06-01,71.938,48.214,,,556.2,,
M-56-HRL,2011-07-01,83.563,63.095,,,553.5,,
M-56-HRL,2011-08-01,84.129,67.714,,,553.2,,
M-56-HRL,2011-09-01,77.741,59.643,,,549.2,,
M-56-HRL,2011-10-01,80.288,56.69,,,553.2,,
M-56-HRL,2011-11-01,81.427,60.714,,,536.7,,
M-56-HRL,2011-12-01,88.735,66.167,,,536.3,,
M-56-HRL,2012-01-01,89.594,66.81,,,533.0,,
M-56-HRL,2012-02-01,85.01,92.452,,,532.5,,
M-56-HRL,2012-03-01,86.025,84.095,,,530.2,,
M-56-HRL,2012-04-01,84.988,87.048,,,536.4,,
M-56-HRL,2012-05-01,91.042,104.286,,,524.7,,
M-56-HRL,2012-06-01,87.989,109.476,,,528.4,,
M-56-HRL,2012-07-01,83.916,118.69,,,526.4,,
M-56-HRL,2012-08-01,86.798,103.357,,,530.6,,
M-56-HRL,2012-09-01,77.045,95.69,,,577.1,,
M-56-HRL,2012-10-01,82.403,122.143,,,529.1,,
M-56-HRL,2012-11-01,85.402,142.714,,,518.7,,
M-56-HRL,2012-12-01,72.948,99.095,,,539.8,,
M-56-HRL,2013-01-01,74.418,87.429,,,546.1,,
M-56-HRL,2013-02-01,70.639,89.333,,,534.5,,
M-56-HRL,2013-03-01,78.972,101.357,,,533.2,,
M-56-HRL,2013-04-01,71.738,77.429,,,556.5,,
M-56-HRL,2013-05-01,79.448,85.762,,,526.7,,
M-56-HRL,2013-06-01,75.007,82.976,,,533.5,,
M-56-HRL,2013-07-01,83.211,130.143,,,520.9,,
M-56-HRL,2013-08-01,85.047,133.833,,,518.4,,
M-56-HRL,2013-09-01,78.403,124.571,,,517.5,,
M-56-HRL,2013-10-01,87.071,150.524,,,511.3,,
M-56-HRL,2013-11-01,83.39,142.31,,,515.2,,
M-56-HRL,2013-12-01,87.905,104.238,,,507.4,,
M-56-HRL,2014-01-01,87.622,112.976,,,508.1,,
M-56-HRL,2014-02-01,78.392,89.405,,,506.6,,
M-56-HRL,2014-03-01,82.399,89.762,,,500.6,,
M-56-HRL,2014-04-01,73.982,82.976,,,531.8,,
M-56-HRL,2014-05-01,82.074,86.476,,,516.0,,
M-56-HRL,2014-06-01,83.791,96.619,,,520.2,,
M-56-HRL,2014-07-01,84.889,99.0,,,490.6,,762.0
M-56-HRL,2014-08-01,90.641,105.143,,,494.6,,
M-56-HRL,2014-09-01,80.07,89.881,,,516.9,,
M-56-HRL,2014-10-01,86.247,97.881,,,489.1,,
M-56-HRL,2014-11-01,84.637,80.262,,,492.5,,
M-56-HRL,2014-12-01,88.606,84.024,,,483.2,,
M-56-HRL,2015-01-01,92.277,87.5,,,477.2,,
M-56-HRL,2015-02-01,82.787,78.5,,,484.4,,
M-56-HRL,2015-03-01,85.899,81.452,,,476.2,,672.0
M-56-HRL,2015-04-01,85.002,79.452,,,502.0,,
M-56-HRL,2015-05-01,81.077,72.405,,,496.4,,
M-56-HRL,2015-06-01,87.236,77.905,,,472.6,,
M-56-HRL,2015-07-01,89.188,79.643,,,473.4,,
M-56-HRL,2015-08-01,83.176,74.69,31.0,64.0,468.8,463.8,
M-56-HRL,2015-09-01,89.852,79.952,30.0,64.0,465.7,462.1,
M-56-HRL,2015-10-01,86.968,77.357,31.0,64.0,460.1,455.9,
M-56-HRL,2015-11-01,80.528,71.643,30.0,64.0,474.2,472.0,
M-56-HRL,2015-12-01,94.322,84.167,31.0,64.0,455.3,452.0,
M-56-HRL,2016-01-01,97.438,86.952,31.0,64.0,453.6,449.8,
M-56-HRL,2016-02-01,102.208,91.214,29.0,64.0,427.3,420.1,
M-56-HRL,2016-03-01,106.893,95.381,31.0,64.0,423.0,418.5,
M-56-HRL,2016-04-01,103.083,92.024,30.0,64.0,420.1,416.4,
M-56-HRL,2016-05-01,104.704,93.476,31.0,64.0,435.0,429.0,
M-56-HRL,2016-06-01,106.294,94.881,30.0,64.0,410.0,404.6,
M-56-HRL,2016-07-01,108.995,97.31,31.0,64.0,367.5,365.2,
M-56-HRL,2016-08-01,110.492,98.643,31.0,64.0,403.9,397.0,
M-56-HRL,2016-09-01,106.911,95.452,30.0,64.0,404.2,398.9,
M-56-HRL,2016-10-01,92.192,82.286,28.0,64.0,425.0,422.4,637.0
M-56-HRL,2016-11-01,109.884,98.095,30.0,64.0,393.1,387.5,
M-56-HRL,2016-12-01,108.054,96.452,31.0,64.0,404.4,399.1,
M-56-HRL,2017-01-01,100.594,89.81,31.0,64.0,404.5,397.1,
M-56-HRL,2017-02-01,93.499,83.452,28.0,64.0,401.2,394.2,
M-56-HRL,2017-03-01,106.901,95.405,31.0,64.0,403.0,398.2,
M-56-HRL,2017-04-01,101.117,90.262,29.0,64.0,385.2,379.0,
M-56-HRL,2017-05-01,109.273,97.548,31.0,64.0,387.4,381.2,
M-56-HRL,2017-06-01,113.099,121.452,30.0,64.0,374.4,367.9,
M-56-HRL,2017-07-01,117.216,125.857,31.0,64.0,367.5,365.2,
M-56-HRL,2017-08-01,117.317,414.0,31.0,64.0,403.2,399.2,
M-56-HRL,2017-09-01,107.097,403.357,30.0,64.0,374.0,368.0,
M-56-HRL,2017-10-01,98.499,307.81,31.0,64.0,386.0,381.2,
M-56-HRL,2017-11-01,106.361,356.976,30.0,64.0,398.0,394.4,
M-56-HRL,2017-12-01,118.293,396.571,31.0,64.0,360.2,351.0,
M-56-HRL,2018-01-01,125.467,416.0,31.0,64.0,347.9,341.5,
M-56-HRL,2018-02-01,110.991,398.286,28.0,64.0,336.0,324.7,
M-56-HRL,2018-03-01,119.507,456.5,31.0,64.0,333.7,321.9,
M-56-HRL,2018-04-01,125.394,487.548,30.0,64.0,328.4,316.2,
M-56-HRL,2018-05-01,120.838,464.048,31.0,64.0,325.7,314.1,
M-56-HRL,2018-06-01,127.65,906.119,30.0,64.0,322.5,308.5,
M-56-HRL,2018-07-01,128.27,910.524,31.0,64.0,337.8,327.6,
M-56-HRL,2018-08-01,134.351,953.643,31.0,64.0,313.5,299.8,
M-56-HRL,2018-09-01,131.29,931.929,30.0,64.0,310.7,299.1,
M-56-HRL,2018-10-01,130.383,925.476,31.0,64.0,315.7,302.6,
M-56-HRL,2018-11-01,123.0,871.524,30.0,64.0,304.0,296.0,
M-56-HRL,2018-12-01,128.688,913.429,31.0,64.0,349.5,343.5,
M-56-HRL,2019-01-01,102.067,724.5,28.0,64.0,334.6,328.2,
M-56-HRL,2019-02-01,104.948,745.095,28.0,64.0,342.7,336.8,
M-56-HRL,2019-03-01,112.397,797.905,31.0,64.0,343.7,337.0,
M-56-HRL,2019-04-01,105.623,749.833,30.0,64.0,337.7,330.0,
M-56-HRL,2019-05-01,120.986,858.929,31.0,64.0,,,
M-56-HRL,2019-06-01,121.803,864.643,30.0,64.0,311.2,297.6,
M-56-HRL,2019-07-01,112.834,800.833,31.0,64.0,341.0,336.2,
M-56-HRL,2019-08-01,103.586,735.238,27.0,64.0,319.9,313.5,
M-56-HRL,2019-09-01,92.598,657.262,24.0,64.0,310.8,300.2,549.0
M-56-HRL,2019-10-01,104.886,744.476,31.0,64.0,359.8,355.4,
M-56-HRL,2019-11-01,92.455,656.357,30.0,64.0,356.2,351.9,
M-56-HRL,2019-12-01,102.878,730.214,31.0,64.0,353.9,348.7,
M-56-HRL,2020-01-01,121.946,865.548,31.0,64.0,300.5,281.3,
M-56-HRL,2020-02-01,98.596,699.976,29.0,64.0,304.7,298.5,
M-56-HRL,2020-03-01,100.567,713.857,31.0,64.0,304.7,298.5,
M-56-HRL,2020-04-01,96.864,687.571,30.0,64.0,,,
M-56-HRL,2020-05-01,98.728,700.833,31.0,64.0,,,
M-56-HRL,2020-06-01,95.468,677.571,30.0,64.0,,,
M-56-HRL,2020-07-01,118.045,837.881,31.0,64.0,296.7,286.8,
M-56-HRL,2020-08-01,114.779,814.691,31.0,64.0,295.7,287.8,
M-56-HRL,2020-09-01,109.993,780.857,30.0,64.0,270.4,261.5,
M-56-HRL,2020-10-01,107.621,764.0,31.0,64.0,288.0,279.2,
M-56-HRL,2020-11-01,90.041,622.643,30.0,64.0,337.4,333.3,
M-56-HRL,2020-12-01,116.329,804.571,31.0,64.0,294.0,282.7,
M-56-HRL,2021-01-01,119.233,846.357,31.0,64.0,273.9,266.5,
M-56-HRL,2021-02-01,91.961,652.619,28.0,64.0,272.5,216.7,
M-56-HRL,2021-03-01,94.071,667.762,31.0,64.0,334.6,330.7,
M-56-HRL,2021-04-01,105.944,752.048,30.0,64.0,279.4,267.0,
M-56-HRL,2021-05-01,111.89,794.214,31.0,64.0,317.3,241.5,
M-56-HRL,2021-06-01,105.898,751.667,30.0,64.0,260.8,251.3,
M-56-HRL,2021-07-01,114.535,798.143,31.0,64.0,272.1,258.3,
M-56-HRL,2021-08-01,115.945,807.952,31.0,64.0,267.4,254.7,
M-56-HRL,2021-09-01,103.58,721.857,30.0,64.0,267.4,261.7,
M-56-HRL,2021-10-01,115.587,805.5,31.0,64.0,248.9,224.5,
M-56-HRL,2021-11-01,106.515,742.405,30.0,64.0,265.2,255.9,
M-56-HRL,2021-12-01,116.337,810.524,30.0,64.0,238.9,218.5,
M-56-HRL,2022-01-01,116.556,812.071,31.0,64.0,239.4,223.5,
M-56-HRL,2022-02-01,101.305,706.048,28.0,64.0,258.2,244.9,
M-56-HRL,2022-03-01,118.564,826.095,31.0,64.0,247.0,238.1,
M-56-HRL,2022-04-01,115.718,806.31,30.0,64.0,219.0,207.5,
M-56-HRL,2022-05-01,121.245,844.667,31.0,64.0,213.1,201.4,
M-56-HRL,2022-06-01,113.276,815.643,30.0,64.0,231.5,213.9,
M-56-HRL,2022-07-01,102.744,736.929,31.0,64.0,262.5,254.6,
M-56-HRL,2022-08-01,115.817,806.976,31.0,64.0,212.7,201.2,
M-56-HRL,2022-09-01,103.312,719.857,28.0,64.0,215.5,204.2,
M-56-HRL,2022-10-01,103.993,920.881,31.0,64.0,240.2,231.7,
M-56-HRL,2022-11-01,96.994,858.905,30.0,64.0,254.7,247.6,
M-56-HRL,2022-12-01,115.677,1024.167,31.0,64.0,224.1,209.2,
M-56-HRL,2023-01-01,115.774,1024.905,31.0,64.0,226.9,210.2,
M-56-HRL,2023-02-01,101.061,894.881,28.0,64.0,204.7,194.0,
M-56-HRL,2023-03-01,91.896,813.714,26.0,64.0,226.6,210.4,
M-56-HRL,2023-04-01,,,,,213.3,92.4,
M-56-HRL,2023-05-01,99.272,878.857,31.0,64.0,224.7,204.9,
M-56-HRL,2023-06-01,108.444,960.071,30.0,64.0,206.2,193.1,
M-56-HRL,2023-07-01,111.048,983.143,31.0,64.0,202.6,191.7,
M-56-HRL,2023-08-01,109.188,966.714,31.0,64.0,202.4,188.2,
M-56-HRL,2023-09-01,102.095,898.833,30.0,64.0,201.5,188.9,
M-56-HRL,2023-10-01,74.74,661.548,22.0,64.0,211.5,202.0,
M-56-HRL,2023-11-01,98.041,1174.571,30.0,64.0,223.9,212.0,
M-56-HRL,2023-12-01,101.031,1196.024,31.0,64.0,227.3,212.5,
M-56-HRL,2024-01-01,103.223,1221.952,31.0,64.0,209.1,194.0,
M-56-HRL,2024-02-01,97.499,1154.214,29.0,64.0,205.5,195.7,
M-56-HRL,2024-03-01,101.025,1195.952,31.0,64.0,219.5,211.2,
M-56-HRL,2024-04-01,98.565,1166.833,30.0,64.0,211.8,202.5,
M-56-HRL,2024-05-01,54.428,644.333,19.0,64.0,236.0,229.6,
M-56-HRL,2024-06-01,57.622,682.143,16.0,64.0,432.6,,
M-56-HRL,2024-07-01,102.732,1216.143,31.0,64.0,215.1,196.8,
M-56-HRL,2024-08-01,98.88,1170.548,31.0,64.0,216.7,202.1,
M-56-HRL,2024-09-01,88.747,1050.595,30.0,64.0,206.3,188.5,
M-56-HRL,2024-10-01,91.598,1084.357,31.0,64.0,194.7,185.6,
M-56-HRL,2024-11-01,90.408,1070.262,30.0,64.0,206.0,192.5,
M-56-HRL,2024-12-01,93.913,1111.762,31.0,64.0,209.3,196.0,
M-56-HRL,2025-01-01,96.117,1137.833,31.0,64.0,207.8,193.0,
M-56-HRL,2025-02-01,81.662,966.714,28.0,64.0,216.5,198.2,
M-56-HRL,2025-03-01,95.089,1125.667,31.0,64.0,192.9,182.5,
M-56-HRL,2025-04-01,89.32,1057.381,30.0,64.0,193.0,180.0,
M-56-HRL,2025-05-01,94.923,1123.714,31.0,64.0,198.1,188.6,
M-56-HRL,2025-06-01,90.273,1068.667,30.0,64.0,199.8,185.9,
M-57-HRL,1993-07-01,42.456,0.0,,,,,
M-57-HRL,1993-08-01,220.991,0.0,,,,,987.0
M-57-HRL,1993-09-01,209.685,0.0,,,,,
M-57-HRL,1993-10-01,385.108,0.0,,,,,
M-57-HRL,1993-11-01,431.742,0.0,,,,,
M-57-HRL,1993-12-01,402.628,0.0,,,,,
M-57-HRL,1994-01-01,200.783,0.0,,,,,
M-57-HRL,1994-02-01,176.865,0.0,,,,,
M-57-HRL,1994-03-01,202.95,0.0,,,,,
M-57-HRL,1994-04-01,194.088,0.0,,,,,
M-57-HRL,1994-05-01,203.613,0.0,,,,,
M-57-HRL,1994-06-01,181.811,0.0,,,,,
M-57-HRL,1994-07-01,172.63,0.0,,,,,967.0
M-57-HRL,1994-08-01,175.536,0.0,,,,,
M-57-HRL,1994-09-01,160.13,0.0,,,,,
M-57-HRL,1994-10-01,168.965,0.0,,,,,
M-57-HRL,1994-11-01,186.383,0.0,,,,,
M-57-HRL,1994-12-01,158.211,0.0,,,,,
M-57-HRL,1995-01-01,157.931,0.0,,,773.8,,
M-57-HRL,1995-02-01,162.547,0.0,,,772.5,,
M-57-HRL,1995-03-01,198.382,0.0,,,,,
M-57-HRL,1995-04-01,191.251,0.0,,,754.5,,
M-57-HRL,1995-05-01,213.123,0.0,,,734.8,,
M-57-HRL,1995-06-01,132.714,0.0,,,741.2,,
M-57-HRL,1995-07-01,39.786,0.0,,,764.7,,
M-57-HRL,1995-08-01,129.26,0.0,,,750.0,,
M-57-HRL,1995-09-01,177.22,0.0,,,764.2,,
M-57-HRL,1995-10-01,135.129,0.0,,,764.2,,
M-57-HRL,1995-11-01,143.136,0.0,,,786.0,,
M-57-HRL,1995-12-01,163.971,0.0,,,762.7,,
M-57-HRL,1996-01-01,151.827,0.0,,,757.5,,
M-57-HRL,1996-02-01,161.778,0.0,,,746.4,,
M-57-HRL,1996-03-01,138.829,0.0,,,,,
M-57-HRL,1996-04-01,133.363,0.0,,,780.1,,
M-57-HRL,1996-05-01,135.289,0.0,,,780.0,,
M-57-HRL,1996-06-01,121.659,0.0,,,791.5,,
M-57-HRL,1996-07-01,124.289,0.0,,,792.2,,
M-57-HRL,1996-08-01,111.756,0.0,,,784.0,,
M-57-HRL,1996-09-01,104.469,0.0,,,763.2,,
M-57-HRL,1996-10-01,101.956,0.0,,,776.5,,946.0
M-57-HRL,1996-11-01,99.901,0.0,,,776.8,,
M-57-HRL,1996-12-01,100.465,0.0,,,752.6,,
M-57-HRL,1997-01-01,123.965,0.0,,,,,
M-57-HRL,1997-02-01,121.65,0.0,,,,,
M-57-HRL,1997-03-01,133.849,0.0,,,,,
M-57-HRL,1997-04-01,142.579,0.0,,,,,
M-57-HRL,1997-05-01,152.513,0.0,,,,,
M-57-HRL,1997-06-01,152.132,0.0,,,,,
M-57-HRL,1997-07-01,152.168,0.0,,,,,
M-57-HRL,1997-08-01,144.656,0.0,,,,,920.0
M-57-HRL,1997-09-01,139.59,0.0,,,,,
M-57-HRL,1997-10-01,139.343,0.0,,,,,
M-57-HRL,1997-11-01,157.993,0.0,,,,,
M-57-HRL,1997-12-01,164.25,0.0,,,,,
M-57-HRL,1998-01-01,172.457,0.0,,,,,
M-57-HRL,1998-02-01,160.77,0.0,,,,,
M-57-HRL,1998-03-01,168.51,0.0,,,,,
M-57-HRL,1998-04-01,154.53,0.0,,,,,
M-57-HRL,1998-05-01,165.377,0.0,,,,,
M-57-HRL,1998-06-01,157.79,0.0,,,,,
M-57-HRL,1998-07-01,172.492,0.0,,,727.3,,
M-57-HRL,1998-08-01,159.425,0.0,,,,,
M-57-HRL,1998-09-01,156.019,0.0,,,,,
M-57-HRL,1998-10-01,160.788,0.0,,,,,
M-57-HRL,1998-11-01,144.918,0.0,,,,,
M-57-HRL,1998-12-01,150.957,0.0,,,,,
M-57-HRL,1999-01-01,155.412,0.0,,,,,
M-57-HRL,1999-02-01,133.15,0.0,,,726.2,,
M-57-HRL,1999-03-01,153.965,0.0,,,,,
M-57-HRL,1999-04-01,148.875,0.0,,,,,
M-57-HRL,1999-05-01,105.504,0.0,,,,,
M-57-HRL,1999-06-01,94.607,0.0,,,,,
M-57-HRL,1999-07-01,100.27,0.0,,,732.0,,
M-57-HRL,1999-08-01,107.042,0.0,,,721.3,,914.0
M-57-HRL,1999-09-01,98.824,0.0,,,,,
M-57-HRL,1999-10-01,98.37,0.0,,,722.5,,
M-57-HRL,1999-11-01,87.674,0.0,,,,,
M-57-HRL,1999-12-01,87.937,0.0,,,,,
M-57-HRL,2000-01-01,90.548,0.0,,,,,
M-57-HRL,2000-02-01,88.512,0.0,,,,,
M-57-HRL,2000-03-01,92.867,0.0,,,,,
M-57-HRL,2000-04-01,97.619,0.0,,,,,
M-57-HRL,2000-05-01,104.145,0.0,,,704.0,,
M-57-HRL,2000-06-01,105.638,0.0,,,692.4,,
M-57-HRL,2000-07-01,109.738,0.0,,,,,
M-57-HRL,2000-08-01,108.452,0.0,,,692.1,,
M-57-HRL,2000-09-01,95.843,0.0,,,,,
M-57-HRL,2000-10-01,100.675,0.0,,,,,
M-57-HRL,2000-11-01,91.711,0.0,,,698.7,,883.0
M-57-HRL,2000-12-01,101.23,0.0,,,,,
M-57-HRL,2001-01-01,100.606,0.0,,,689.4,,
M-57-HRL,2001-02-01,91.094,0.0,,,708.7,,
M-57-HRL,2001-03-01,100.203,0.0,,,700.0,,
M-57-HRL,2001-04-01,78.438,0.0,,,,,
M-57-HRL,2001-05-01,100.584,0.0,,,697.5,,
M-57-HRL,2001-06-01,98.244,0.0,,,689.9,,
M-57-HRL,2001-07-01,96.947,0.0,,,691.6,,
M-57-HRL,2001-08-01,98.354,0.0,,,689.0,,
M-57-HRL,2001-09-01,91.489,0.0,,,689.0,,
M-57-HRL,2001-10-01,93.658,0.0,,,706.6,,
M-57-HRL,2001-11-01,94.84,0.0,,,691.6,,
M-57-HRL,2001-12-01,89.069,0.0,,,678.8,,881.0
M-57-HRL,2002-01-01,95.707,0.0,,,,,
M-57-HRL,2002-02-01,94.443,0.0,,,675.3,,
M-57-HRL,2002-03-01,68.093,0.0,,,694.5,,
M-57-HRL,2002-04-01,96.156,0.0,,,678.5,,
M-57-HRL,2002-05-01,102.046,0.0,,,675.5,,
M-57-HRL,2002-06-01,95.161,0.0,,,673.4,,
M-57-HRL,2002-07-01,96.027,0.0,,,,,
M-57-HRL,2002-08-01,95.118,0.0,,,693.7,,
M-57-HRL,2002-09-01,91.494,0.0,,,,,
M-57-HRL,2002-10-01,93.584,0.0,,,679.2,,
M-57-HRL,2002-11-01,87.105,0.0,,,670.8,,847.0
M-57-HRL,2002-12-01,95.476,0.0,,,669.1,,
M-57-HRL,2003-01-01,97.741,0.0,,,664.6,,
M-57-HRL,2003-02-01,87.823,0.0,,,666.3,,
M-57-HRL,2003-03-01,93.622,0.0,,,672.2,,834.0
M-57-HRL,2003-04-01,90.487,0.0,,,672.2,,
M-57-HRL,2003-05-01,95.865,0.0,,,669.5,,
M-57-HRL,2003-06-01,86.121,0.0,,,668.6,,
M-57-HRL,2003-07-01,90.602,0.0,,,,,
M-57-HRL,2003-08-01,87.136,0.0,,,669.8,,
M-57-HRL,2003-09-01,80.977,0.0,,,,,
M-57-HRL,2003-10-01,83.984,0.0,,,,,
M-57-HRL,2003-11-01,74.512,0.0,,,,,
M-57-HRL,2003-12-01,77.573,0.0,,,,,
M-57-HRL,2004-01-01,79.219,0.0,,,668.1,,
M-57-HRL,2004-02-01,73.048,0.0,,,664.7,,
M-57-HRL,2004-03-01,76.898,0.0,,,677.2,,
M-57-HRL,2004-04-01,70.837,0.0,,,675.3,,
M-57-HRL,2004-05-01,81.208,0.0,,,674.9,,
M-57-HRL,2004-06-01,74.379,0.0,,,670.1,,
M-57-HRL,2004-07-01,78.862,0.0,,,666.8,,
M-57-HRL,2004-08-01,85.571,0.0,,,650.7,,
M-57-HRL,2004-09-01,81.899,0.0,,,655.8,,
M-57-HRL,2004-10-01,83.321,0.0,,,647.1,,
M-57-HRL,2004-11-01,74.817,0.0,,,656.0,,
M-57-HRL,2004-12-01,79.071,0.0,,,652.7,,
M-57-HRL,2005-01-01,76.325,0.0,,,656.0,,
M-57-HRL,2005-02-01,69.662,0.0,,,656.5,,
M-57-HRL,2005-03-01,78.293,0.0,,,650.5,,
M-57-HRL,2005-04-01,74.911,0.0,,,652.9,,
M-57-HRL,2005-05-01,79.559,0.0,,,642.3,,
M-57-HRL,2005-06-01,75.648,0.0,,,652.2,,
M-57-HRL,2005-07-01,79.741,0.0,,,647.7,,
M-57-HRL,2005-08-01,78.127,0.0,,,645.5,,
M-57-HRL,2005-09-01,71.054,0.0,,,645.5,,
M-57-HRL,2005-10-01,73.325,0.0,,,639.5,,
M-57-HRL,2005-11-01,68.841,0.0,,,642.6,,
M-57-HRL,2005-12-01,72.39,0.0,,,642.8,,816.0
M-57-HRL,2006-01-01,74.548,0.0,,,636.6,,795.0
M-57-HRL,2006-02-01,65.15,0.0,,,636.2,,
M-57-HRL,2006-03-01,74.982,0.0,,,643.8,,
M-57-HRL,2006-04-01,71.949,0.0,,,636.9,,
M-57-HRL,2006-05-01,77.697,0.0,,,631.7,,
M-57-HRL,2006-06-01,78.386,0.0,,,621.2,,
M-57-HRL,2006-07-01,84.197,0.0,,,626.0,,
M-57-HRL,2006-08-01,82.92,0.0,,,625.5,,
M-57-HRL,2006-09-01,79.191,0.0,,,628.6,,
M-57-HRL,2006-10-01,82.244,0.0,,,619.4,,
M-57-HRL,2006-11-01,72.627,0.0,,,618.9,,
M-57-HRL,2006-12-01,75.447,0.0,,,618.8,,
M-57-HRL,2007-01-01,78.597,0.0,,,613.5,,
M-57-HRL,2007-02-01,67.5,0.0,,,611.8,,
M-57-HRL,2007-03-01,75.618,0.0,,,614.8,,
M-57-HRL,2007-04-01,76.186,0.0,,,616.1,,
M-57-HRL,2007-05-01,83.54,0.0,,,603.3,,
M-57-HRL,2007-06-01,72.211,0.0,,,602.9,,777.0
M-57-HRL,2007-07-01,70.736,0.0,,,614.7,,
M-57-HRL,2007-08-01,74.731,0.0,,,613.2,,
M-57-HRL,2007-09-01,71.0,0.0,,,611.5,,
M-57-HRL,2007-10-01,71.502,0.0,,,608.8,,
M-57-HRL,2007-11-01,71.3,0.0,,,609.3,,
M-57-HRL,2007-12-01,78.389,0.0,,,616.6,,
M-57-HRL,2008-01-01,75.723,0.0,,,602.9,,
M-57-HRL,2008-02-01,72.253,0.0,,,603.5,,
M-57-HRL,2008-03-01,73.362,0.0,,,601.4,,
M-57-HRL,2008-04-01,76.534,0.0,,,596.7,,
M-57-HRL,2008-05-01,73.036,0.0,,,604.8,,
M-57-HRL,2008-06-01,76.319,0.0,,,579.1,,
M-57-HRL,2008-07-01,75.936,0.0,,,608.4,,765.0
M-57-HRL,2008-08-01,81.349,0.0,,,580.1,,
M-57-HRL,2008-09-01,76.749,0.0,,,586.3,,
M-57-HRL,2008-10-01,81.116,0.0,,,583.6,,
M-57-HRL,2008-11-01,80.037,0.0,,,578.6,,
M-57-HRL,2008-12-01,80.026,0.0,,,586.0,,
M-57-HRL,2009-01-01,79.942,0.0,,,582.9,,
M-57-HRL,2009-02-01,68.365,0.0,,,593.0,,
M-57-HRL,2009-03-01,69.404,0.0,,,591.6,,
M-57-HRL,2009-04-01,60.789,0.0,,,608.4,,
M-57-HRL,2009-05-01,73.182,0.0,,,605.9,,
M-57-HRL,2009-06-01,81.604,0.0,,,574.1,,753.0
M-57-HRL,2009-07-01,78.213,0.0,,,574.7,,
M-57-HRL,2009-08-01,74.422,0.0,,,572.0,,
M-57-HRL,2009-09-01,74.375,0.0,,,569.4,,
M-57-HRL,2009-10-01,84.416,0.0,,,563.7,,
M-57-HRL,2009-11-01,80.199,0.0,,,559.7,,
M-57-HRL,2009-12-01,70.158,0.0,,,571.2,,
M-57-HRL,2010-01-01,66.222,0.0,,,573.0,,734.0
M-57-HRL,2010-02-01,59.044,0.0,,,583.5,,
M-57-HRL,2010-03-01,72.236,0.0,,,573.5,,
M-57-HRL,2010-04-01,69.977,0.0,,,573.8,,
M-57-HRL,2010-05-01,72.479,0.0,,,614.5,,
M-57-HRL,2010-06-01,58.839,0.0,,,576.7,,
M-57-HRL,2010-07-01,72.393,0.0,,,564.8,,
M-57-HRL,2010-08-01,66.739,0.0,,,563.1,,
M-57-HRL,2010-09-01,69.0,0.0,,,562.3,,
M-57-HRL,2010-10-01,69.554,0.0,,,564.0,,
M-57-HRL,2010-11-01,70.867,0.0,,,552.9,,
M-57-HRL,2010-12-01,75.881,0.0,,,544.6,,
M-57-HRL,2011-01-01,72.062,0.0,,,553.7,,
M-57-HRL,2011-02-01,64.355,0.0,,,569.9,,
M-57-HRL,2011-03-01,64.698,0.0,,,555.3,,
M-57-HRL,2011-04-01,63.041,0.0,,,561.0,,
M-57-HRL,2011-05-01,72.236,0.0,,,555.3,,
M-57-HRL,2011-06-01,67.666,0.0,,,549.9,,
M-57-HRL,2011-07-01,71.273,0.0,,,547.1,,
M-57-HRL,2011-08-01,71.554,0.0,,,545.4,,
M-57-HRL,2011-09-01,67.449,0.0,,,544.0,,
M-57-HRL,2011-10-01,71.021,0.0,,,546.2,,
M-57-HRL,2011-11-01,69.913,0.0,,,535.2,,
M-57-HRL,2011-12-01,76.284,0.0,,,537.5,,
M-57-HRL,2012-01-01,73.254,0.0,,,533.1,,
M-57-HRL,2012-02-01,68.446,0.0,,,542.2,,
M-57-HRL,2012-03-01,71.616,0.0,,,532.7,,
M-57-HRL,2012-04-01,73.536,0.0,,,536.7,,
M-57-HRL,2012-05-01,76.921,0.0,,,531.9,,
M-57-HRL,2012-06-01,73.784,0.0,,,545.7,,
M-57-HRL,2012-07-01,75.258,0.0,,,526.8,,
M-57-HRL,2012-08-01,70.14,0.0,,,545.5,,
M-57-HRL,2012-09-01,67.089,0.0,,,529.1,,
M-57-HRL,2012-10-01,72.584,0.0,,,519.8,,
M-57-HRL,2012-11-01,66.534,0.0,,,525.1,,
M-57-HRL,2012-12-01,65.576,0.0,,,528.1,,
M-57-HRL,2013-01-01,64.692,0.0,,,528.6,,
M-57-HRL,2013-02-01,59.175,0.0,,,529.3,,
M-57-HRL,2013-03-01,65.038,0.0,,,541.8,,
M-57-HRL,2013-04-01,62.68,0.0,,,551.8,,
M-57-HRL,2013-05-01,74.212,0.0,,,521.8,,
M-57-HRL,2013-06-01,67.913,0.0,,,527.5,,
M-57-HRL,2013-07-01,71.042,0.0,,,519.4,,
M-57-HRL,2013-08-01,71.019,0.0,,,510.3,,
M-57-HRL,2013-09-01,68.467,0.0,,,513.5,,
M-57-HRL,2013-10-01,72.468,0.0,,,506.2,,
M-57-HRL,2013-11-01,63.547,0.0,,,507.1,,
M-57-HRL,2013-12-01,72.301,0.0,,,500.0,,
M-57-HRL,2014-01-01,71.841,0.0,,,500.8,,
M-57-HRL,2014-02-01,64.608,0.0,,,509.1,,
M-57-HRL,2014-03-01,65.914,0.0,,,516.1,,
M-57-HRL,2014-04-01,60.708,0.0,,,522.9,,
M-57-HRL,2014-05-01,72.46,0.0,,,530.4,,
M-57-HRL,2014-06-01,74.522,0.0,,,510.1,,
M-57-HRL,2014-07-01,78.867,0.0,,,484.4,,
M-57-HRL,2014-08-01,76.489,0.0,,,486.4,,
M-57-HRL,2014-09-01,66.724,0.0,,,498.5,,
M-57-HRL,2014-10-01,72.149,0.0,,,479.4,,662.0
M-57-HRL,2014-11-01,71.854,0.0,,,477.2,,
M-57-HRL,2014-12-01,74.393,0.0,,,475.5,,
M-57-HRL,2015-01-01,76.391,0.0,,,472.6,,
M-57-HRL,2015-02-01,67.304,0.0,,,476.3,,
M-57-HRL,2015-03-01,76.106,0.0,,,470.4,,
M-57-HRL,2015-04-01,72.755,0.0,,,489.4,,
M-57-HRL,2015-05-01,70.001,0.0,,,466.7,,
M-57-HRL,2015-06-01,75.145,0.0,,,459.8,,
M-57-HRL,2015-07-01,69.911,0.0,,,461.4,,
M-57-HRL,2015-08-01,71.92,0.0,31.0,96.0,452.4,450.8,
M-57-HRL,2015-09-01,77.834,0.0,30.0,96.0,452.8,451.1,
M-57-HRL,2015-10-01,74.215,0.0,31.0,96.0,454.2,450.7,
M-57-HRL,2015-11-01,65.372,0.0,30.0,96.0,480.4,479.5,
M-57-HRL,2015-12-01,78.942,0.0,31.0,96.0,451.2,450.1,
M-57-HRL,2016-01-01,80.043,0.0,31.0,96.0,446.6,445.1,
M-57-HRL,2016-02-01,67.726,0.0,26.0,96.0,437.2,436.7,638.0
M-57-HRL,2016-03-01,76.858,0.0,31.0,96.0,449.1,447.3,
M-57-HRL,2016-04-01,74.428,0.0,30.0,96.0,440.1,437.5,
M-57-HRL,2016-05-01,76.826,0.0,31.0,96.0,439.6,436.8,
M-57-HRL,2016-06-01,73.985,0.0,30.0,96.0,432.8,430.1,
M-57-HRL,2016-07-01,79.93,0.0,31.0,96.0,397.8,394.2,
M-57-HRL,2016-08-01,82.03,0.0,31.0,96.0,428.0,427.0,
M-57-HRL,2016-09-01,77.935,0.0,30.0,96.0,425.0,423.9,
M-57-HRL,2016-10-01,74.366,0.0,31.0,96.0,442.2,440.4,
M-57-HRL,2016-11-01,73.734,0.0,30.0,96.0,422.0,420.2,
M-57-HRL,2016-12-01,76.875,0.0,31.0,96.0,412.5,410.3,
M-57-HRL,2017-01-01,74.541,0.0,31.0,96.0,408.9,407.0,
M-57-HRL,2017-02-01,66.248,0.0,28.0,96.0,414.3,412.2,
M-57-HRL,2017-03-01,77.254,0.0,31.0,96.0,410.2,406.1,
M-57-HRL,2017-04-01,73.694,0.0,29.0,96.0,394.0,392.2,
M-57-HRL,2017-05-01,81.164,0.0,31.0,96.0,403.1,401.2,
M-57-HRL,2017-06-01,78.572,0.0,30.0,96.0,411.5,409.2,
M-57-HRL,2017-07-01,83.886,0.0,31.0,96.0,397.8,394.2,
M-57-HRL,2017-08-01,83.874,0.0,31.0,96.0,395.2,393.7,
M-57-HRL,2017-09-01,74.501,0.0,30.0,96.0,402.5,400.9,
M-57-HRL,2017-10-01,71.329,0.0,31.0,96.0,427.3,426.0,
M-57-HRL,2017-11-01,70.262,0.0,27.0,96.0,390.0,387.6,590.0
M-57-HRL,2017-12-01,84.083,0.0,31.0,96.0,395.7,392.5,
M-57-HRL,2018-01-01,90.897,0.0,31.0,96.0,369.7,367.5,
M-57-HRL,2018-02-01,77.042,0.0,28.0,96.0,366.2,363.7,
M-57-HRL,2018-03-01,84.157,0.0,31.0,96.0,364.2,361.7,
M-57-HRL,2018-04-01,86.021,0.0,30.0,96.0,384.5,383.1,
M-57-HRL,2018-05-01,85.363,0.0,31.0,96.0,353.5,349.0,
M-57-HRL,2018-06-01,90.624,0.0,30.0,96.0,359.0,357.1,
M-57-HRL,2018-07-01,90.281,0.0,31.0,96.0,347.3,344.8,
M-57-HRL,2018-08-01,92.094,0.0,31.0,96.0,348.2,343.7,
M-57-HRL,2018-09-01,86.136,0.0,30.0,96.0,340.7,337.2,
M-57-HRL,2018-10-01,92.028,0.0,31.0,96.0,342.7,339.1,
M-57-HRL,2018-11-01,86.0,0.0,30.0,96.0,350.0,349.0,
M-57-HRL,2018-12-01,86.676,0.0,31.0,96.0,354.0,352.1,
M-57-HRL,2019-01-01,84.926,0.0,31.0,96.0,349.9,348.9,
M-57-HRL,2019-02-01,75.697,0.0,28.0,96.0,391.2,388.7,
M-57-HRL,2019-03-01,77.234,0.0,31.0,96.0,357.0,355.2,
M-57-HRL,2019-04-01,77.562,0.0,30.0,96.0,359.2,356.1,
M-57-HRL,2019-05-01,87.242,0.0,31.0,96.0,,,
M-57-HRL,2019-06-01,83.765,0.0,30.0,96.0,339.9,336.7,
M-57-HRL,2019-07-01,77.914,0.0,31.0,96.0,366.7,354.4,
M-57-HRL,2019-08-01,78.396,0.0,31.0,96.0,349.2,347.7,
M-57-HRL,2019-09-01,59.489,0.0,24.0,96.0,370.8,369.0,555.0
M-57-HRL,2019-10-01,70.416,0.0,31.0,96.0,348.1,346.2,
M-57-HRL,2019-11-01,59.445,0.0,30.0,96.0,359.0,357.3,
M-57-HRL,2019-12-01,62.929,0.0,31.0,96.0,372.0,369.5,
M-57-HRL,2020-01-01,81.489,0.0,31.0,96.0,341.7,338.2,
M-57-HRL,2020-02-01,64.388,0.0,29.0,96.0,337.4,335.4,
M-57-HRL,2020-03-01,67.744,0.0,31.0,96.0,337.4,335.4,
M-57-HRL,2020-04-01,62.68,0.0,30.0,96.0,,,
M-57-HRL,2020-05-01,66.128,0.0,31.0,96.0,,,
M-57-HRL,2020-06-01,65.511,0.0,30.0,96.0,,,
M-57-HRL,2020-07-01,76.588,0.0,31.0,96.0,328.7,326.5,
M-57-HRL,2020-08-01,72.45,0.0,31.0,96.0,365.0,362.5,
M-57-HRL,2020-09-01,71.648,0.0,30.0,96.0,342.7,341.9,
M-57-HRL,2020-10-01,68.502,0.0,31.0,96.0,337.5,335.9,
M-57-HRL,2020-11-01,49.419,0.0,30.0,96.0,344.4,343.2,
M-57-HRL,2020-12-01,66.851,0.0,31.0,96.0,303.8,301.2,
M-57-HRL,2021-01-01,77.792,0.0,31.0,96.0,297.3,294.0,
M-57-HRL,2021-02-01,61.99,0.0,28.0,96.0,306.0,301.0,
M-57-HRL,2021-03-01,59.855,0.0,31.0,96.0,314.9,313.6,
M-57-HRL,2021-04-01,66.508,0.0,30.0,96.0,319.2,318.5,
M-57-HRL,2021-05-01,80.179,0.0,31.0,96.0,268.7,262.9,
M-57-HRL,2021-06-01,74.517,0.0,30.0,96.0,287.6,284.4,
M-57-HRL,2021-07-01,85.986,0.0,31.0,96.0,265.5,262.3,
M-57-HRL,2021-08-01,87.154,0.0,31.0,96.0,253.9,251.7,
M-57-HRL,2021-09-01,75.324,0.0,30.0,96.0,281.5,275.4,
M-57-HRL,2021-10-01,87.625,0.0,31.0,96.0,251.5,245.7,
M-57-HRL,2021-11-01,80.006,0.0,30.0,96.0,257.4,253.7,
M-57-HRL,2021-12-01,84.975,0.0,29.0,96.0,250.0,245.4,
M-57-HRL,2022-01-01,87.929,0.0,31.0,96.0,246.8,244.7,
M-57-HRL,2022-02-01,75.442,0.0,28.0,96.0,261.8,258.9,
M-57-HRL,2022-03-01,85.718,0.0,31.0,96.0,229.7,227.1,
M-57-HRL,2022-04-01,85.772,0.0,30.0,96.0,236.5,231.3,
M-57-HRL,2022-05-01,88.916,0.0,31.0,96.0,231.9,227.4,
M-57-HRL,2022-06-01,84.097,0.0,30.0,96.0,226.5,221.1,
M-57-HRL,2022-07-01,75.911,0.0,31.0,96.0,239.7,235.6,
M-57-HRL,2022-08-01,85.002,0.0,31.0,96.0,252.1,249.4,
M-57-HRL,2022-09-01,81.03,0.0,30.0,96.0,221.6,217.2,
M-57-HRL,2022-10-01,79.071,0.0,31.0,96.0,242.6,239.2,
M-57-HRL,2022-11-01,72.734,0.0,30.0,96.0,241.7,238.0,
M-57-HRL,2022-12-01,74.415,0.0,28.0,96.0,215.5,211.7,
M-57-HRL,2023-01-01,80.208,0.0,31.0,96.0,232.3,230.6,
M-57-HRL,2023-02-01,70.199,0.0,28.0,96.0,246.9,244.4,
M-57-HRL,2023-03-01,73.21,0.0,31.0,96.0,214.6,210.2,
M-57-HRL,2023-04-01,,,,,209.5,206.5,
M-57-HRL,2023-05-01,26.244,0.0,11.0,96.0,209.5,206.5,
M-57-HRL,2023-06-01,77.547,0.0,30.0,96.0,223.8,219.0,
M-57-HRL,2023-07-01,75.487,0.0,31.0,96.0,220.6,214.2,
M-57-HRL,2023-08-01,76.213,0.0,31.0,96.0,215.5,211.9,
M-57-HRL,2023-09-01,72.011,0.0,30.0,96.0,213.1,210.0,
M-57-HRL,2023-10-01,70.618,0.0,31.0,96.0,220.4,215.2,
M-57-HRL,2023-11-01,69.81,0.0,30.0,96.0,226.9,224.4,
M-57-HRL,2023-12-01,69.935,0.0,31.0,96.0,210.4,208.0,
M-57-HRL,2024-01-01,70.974,0.0,31.0,96.0,216.8,212.4,
M-57-HRL,2024-02-01,69.4,0.0,29.0,96.0,213.0,208.2,
M-57-HRL,2024-03-01,69.556,0.0,31.0,96.0,204.9,202.1,
M-57-HRL,2024-04-01,65.374,0.0,30.0,96.0,232.4,230.2,
M-57-HRL,2024-05-01,60.297,0.0,31.0,96.0,246.2,244.9,
M-57-HRL,2024-06-01,64.235,0.0,30.0,96.0,244.0,242.3,
M-57-HRL,2024-07-01,69.489,0.0,31.0,96.0,223.1,219.4,
M-57-HRL,2024-08-01,67.998,0.0,31.0,96.0,204.5,201.8,
M-57-HRL,2024-09-01,65.187,0.0,30.0,96.0,206.8,204.6,
M-57-HRL,2024-10-01,66.233,0.0,31.0,96.0,201.4,199.5,
M-57-HRL,2024-11-01,62.719,0.0,30.0,96.0,210.7,206.7,
M-57-HRL,2024-12-01,64.05,0.0,31.0,96.0,209.5,207.4,
M-57-HRL,2025-01-01,63.88,0.0,31.0,96.0,209.1,206.7,
M-57-HRL,2025-02-01,58.596,0.0,28.0,96.0,214.6,212.5,
M-57-HRL,2025-03-01,63.548,0.0,31.0,96.0,205.0,203.0,
M-57-HRL,2025-04-01,62.682,0.0,30.0,96.0,205.0,204.0,
M-57-HRL,2025-05-01,63.663,0.0,31.0,96.0,201.2,198.5,
M-57-HRL,2025-06-01,62.353,0.0,30.0,96.0,199.4,197.6,
M-58-HRL,1993-07-01,68.21,0.0,,,,,
M-58-HRL,1993-08-01,110.583,0.0,,,,,1022.0
M-58-HRL,1993-09-01,132.15,0.0,,,,,
M-58-HRL,1993-10-01,126.894,0.0,,,,,
M-58-HRL,1993-11-01,124.304,0.0,,,,,
M-58-HRL,1993-12-01,121.64,0.0,,,,,
M-58-HRL,1994-01-01,165.472,0.0,,,,,
M-58-HRL,1994-02-01,139.11,0.0,,,,,
M-58-HRL,1994-03-01,129.485,0.0,,,,,
M-58-HRL,1994-04-01,123.758,34.905,,,,,
M-58-HRL,1994-05-01,135.835,38.548,,,,,
M-58-HRL,1994-06-01,126.955,36.238,,,,,
M-58-HRL,1994-07-01,94.048,26.738,,,,,1016.0
M-58-HRL,1994-08-01,102.694,29.048,,,,,
M-58-HRL,1994-09-01,98.946,28.238,,,,,
M-58-HRL,1994-10-01,82.038,22.881,,,,,
M-58-HRL,1994-11-01,98.709,27.595,,,,,
M-58-HRL,1994-12-01,86.513,24.476,,,,,
M-58-HRL,1995-01-01,112.033,31.452,,,751.7,,
M-58-HRL,1995-02-01,96.372,27.071,,,760.5,,
M-58-HRL,1995-03-01,100.18,28.095,,,,,
M-58-HRL,1995-04-01,122.411,34.429,,,728.8,,
M-58-HRL,1995-05-01,112.372,213.929,,,,,
M-58-HRL,1995-06-01,106.982,50.262,,,,,
M-58-HRL,1995-07-01,96.778,181.143,,,,,
M-58-HRL,1995-08-01,123.541,204.452,,,767.6,,
M-58-HRL,1995-09-01,140.135,232.643,,,753.2,,
M-58-HRL,1995-10-01,149.563,390.952,,,840.0,,
M-58-HRL,1995-11-01,153.413,194.833,,,745.7,,
M-58-HRL,1995-12-01,159.055,158.643,,,762.7,,
M-58-HRL,1996-01-01,150.328,149.262,,,757.7,,
M-58-HRL,1996-02-01,142.259,133.738,,,751.7,,
M-58-HRL,1996-03-01,146.034,135.595,,,,,
M-58-HRL,1996-04-01,140.965,115.262,,,744.5,,
M-58-HRL,1996-05-01,104.123,115.262,,,746.7,,
M-58-HRL,1996-06-01,97.672,110.905,,,748.3,,
M-58-HRL,1996-07-01,97.932,112.643,,,743.5,,
M-58-HRL,1996-08-01,82.087,94.143,,,773.0,,
M-58-HRL,1996-09-01,89.927,103.762,,,756.6,,981.0
M-58-HRL,1996-10-01,94.491,109.667,,,743.8,,
M-58-HRL,1996-11-01,66.589,76.0,,,745.0,,
M-58-HRL,1996-12-01,83.881,95.81,,,794.9,,
M-58-HRL,1997-01-01,89.066,102.833,,,,,980.0
M-58-HRL,1997-02-01,81.457,94.952,,,,,
M-58-HRL,1997-03-01,78.826,90.857,,,,,
M-58-HRL,1997-04-01,65.35,110.81,,,,,
M-58-HRL,1997-05-01,67.11,112.714,,,,,
M-58-HRL,1997-06-01,79.059,133.81,,,,,
M-58-HRL,1997-07-01,75.927,112.714,,,,,
M-58-HRL,1997-08-01,94.336,140.405,,,,,
M-58-HRL,1997-09-01,73.251,125.548,,,,,
M-58-HRL,1997-10-01,86.75,138.452,,,,,
M-58-HRL,1997-11-01,84.519,129.214,,,,,
M-58-HRL,1997-12-01,133.447,206.214,,,,,
M-58-HRL,1998-01-01,100.981,170.857,,,,,
M-58-HRL,1998-02-01,78.758,153.381,,,,,
M-58-HRL,1998-03-01,92.02,179.976,,,,,
M-58-HRL,1998-04-01,37.545,73.405,,,,,
M-58-HRL,1998-05-01,38.547,47.333,,,,,
M-58-HRL,1998-06-01,111.941,250.619,,,,,
M-58-HRL,1998-07-01,113.222,216.476,,,728.6,,
M-58-HRL,1998-08-01,107.912,278.143,,,,,922.0
M-58-HRL,1998-09-01,118.28,274.0,,,,,
M-58-HRL,1998-10-01,103.538,243.405,,,,,
M-58-HRL,1998-11-01,102.858,241.929,,,,,
M-58-HRL,1998-12-01,103.296,246.048,,,,,
M-58-HRL,1999-01-01,110.233,379.738,,,,,
M-58-HRL,1999-02-01,88.144,183.69,,,708.0,,
M-58-HRL,1999-03-01,94.496,246.286,,,,,
M-58-HRL,1999-04-01,59.163,257.405,,,,,
M-58-HRL,1999-05-01,101.7,351.857,,,,,
M-58-HRL,1999-06-01,106.075,324.524,,,,,
M-58-HRL,1999-07-01,109.402,356.833,,,700.0,,
M-58-HRL,1999-08-01,95.36,352.238,,,705.7,,
M-58-HRL,1999-09-01,86.095,335.81,,,,,
M-58-HRL,1999-10-01,87.291,364.429,,,703.6,,
M-58-HRL,1999-11-01,85.866,270.929,,,,,
M-58-HRL,1999-12-01,102.455,232.881,,,,,
M-58-HRL,2000-01-01,101.829,302.738,,,,,
M-58-HRL,2000-02-01,99.833,304.214,,,,,
M-58-HRL,2000-03-01,111.78,325.81,,,,,
M-58-HRL,2000-04-01,92.736,238.476,,,,,
M-58-HRL,2000-05-01,103.307,453.833,,,703.0,,
M-58-HRL,2000-06-01,108.781,397.286,,,698.8,,
M-58-HRL,2000-07-01,115.935,409.81,,,,,
M-58-HRL,2000-08-01,112.864,375.976,,,693.6,,
M-58-HRL,2000-09-01,96.852,400.31,,,,,
M-58-HRL,2000-10-01,96.167,325.952,,,,,957.0
M-58-HRL,2000-11-01,107.782,610.762,,,695.6,,
M-58-HRL,2000-12-01,97.164,773.619,,,,,
M-58-HRL,2001-01-01,98.237,664.738,,,693.0,,
M-58-HRL,2001-02-01,91.092,784.857,,,711.4,,
M-58-HRL,2001-03-01,99.821,842.214,,,698.2,,
M-58-HRL,2001-04-01,94.186,791.976,,,,,
M-58-HRL,2001-05-01,100.403,857.524,,,691.0,,
M-58-HRL,2001-06-01,92.777,587.357,,,692.6,,
M-58-HRL,2001-07-01,90.565,557.643,,,688.6,,
M-58-HRL,2001-08-01,91.102,507.929,,,691.6,,
M-58-HRL,2001-09-01,83.967,533.738,,,690.8,,952.0
M-58-HRL,2001-10-01,99.235,373.833,,,679.6,,
M-58-HRL,2001-11-01,96.597,325.048,,,684.2,,
M-58-HRL,2001-12-01,118.191,353.357,,,679.4,,
M-58-HRL,2002-01-01,119.772,411.262,,,,,
M-58-HRL,2002-02-01,91.541,395.571,,,671.7,,
M-58-HRL,2002-03-01,98.959,400.405,,,680.6,,
M-58-HRL,2002-04-01,96.831,374.786,,,680.8,,
M-58-HRL,2002-05-01,102.672,214.667,,,673.2,,
M-58-HRL,2002-06-01,106.459,307.143,,,678.3,,
M-58-HRL,2002-07-01,103.555,391.31,,,,,
M-58-HRL,2002-08-01,92.02,374.19,,,668.6,,
M-58-HRL,2002-09-01,84.605,386.0,,,,,936.0
M-58-HRL,2002-10-01,101.685,416.857,,,680.7,,
M-58-HRL,2002-11-01,96.75,423.667,,,680.7,,
M-58-HRL,2002-12-01,115.867,460.071,,,643.4,,
M-58-HRL,2003-01-01,114.518,541.357,,,635.1,,
M-58-HRL,2003-02-01,99.544,420.024,,,665.8,,
M-58-HRL,2003-03-01,122.675,410.595,,,621.2,,
M-58-HRL,2003-04-01,118.904,456.429,,,617.0,,
M-58-HRL,2003-05-01,116.947,477.262,,,643.0,,
M-58-HRL,2003-06-01,111.854,361.952,,,629.0,,
M-58-HRL,2003-07-01,105.757,348.214,,,,,
M-58-HRL,2003-08-01,98.216,247.952,,,647.9,,
M-58-HRL,2003-09-01,82.297,326.857,,,,,
M-58-HRL,2003-10-01,93.518,279.048,,,,,895.0
M-58-HRL,2003-11-01,95.27,348.643,,,,,
M-58-HRL,2003-12-01,103.258,364.357,,,,,
M-58-HRL,2004-01-01,90.273,242.357,,,670.0,,
M-58-HRL,2004-02-01,83.402,289.952,,,669.3,,
M-58-HRL,2004-03-01,92.102,298.071,,,672.1,,
M-58-HRL,2004-04-01,79.488,257.286,,,676.2,,
M-58-HRL,2004-05-01,87.439,221.238,,,672.1,,
M-58-HRL,2004-06-01,96.833,289.238,,,662.2,,
M-58-HRL,2004-07-01,98.733,262.31,,,640.9,,
M-58-HRL,2004-08-01,91.395,240.357,,,666.7,,905.0
M-58-HRL,2004-09-01,94.931,415.762,,,663.5,,
M-58-HRL,2004-10-01,94.614,330.0,,,657.2,,
M-58-HRL,2004-11-01,85.199,323.286,,,655.9,,
M-58-HRL,2004-12-01,91.87,338.714,,,652.1,,
M-58-HRL,2005-01-01,89.312,326.119,,,654.0,,
M-58-HRL,2005-02-01,82.974,258.333,,,655.2,,
M-58-HRL,2005-03-01,96.742,216.714,,,650.8,,
M-58-HRL,2005-04-01,88.464,194.524,,,648.0,,
M-58-HRL,2005-05-01,79.267,177.071,,,668.1,,
M-58-HRL,2005-06-01,90.993,232.667,,,652.7,,
M-58-HRL,2005-07-01,93.468,341.5,,,648.5,,
M-58-HRL,2005-08-01,97.143,355.81,,,645.3,,
M-58-HRL,2005-09-01,94.307,346.595,,,651.8,,887.0
M-58-HRL,2005-10-01,98.552,367.024,,,645.7,,
M-58-HRL,2005-11-01,84.482,341.762,,,639.4,,
M-58-HRL,2005-12-01,93.404,348.429,,,641.5,,
M-58-HRL,2006-01-01,84.254,358.929,,,655.6,,864.0
M-58-HRL,2006-02-01,77.898,345.119,,,648.4,,
M-58-HRL,2006-03-01,93.491,415.738,,,647.8,,
M-58-HRL,2006-04-01,85.399,316.548,,,646.2,,
M-58-HRL,2006-05-01,85.907,306.333,,,646.2,,
M-58-HRL,2006-06-01,84.742,266.905,,,642.0,,
M-58-HRL,2006-07-01,86.156,323.952,,,643.1,,
M-58-HRL,2006-08-01,85.401,333.976,,,640.1,,
M-58-HRL,2006-09-01,88.158,334.833,,,640.1,,
M-58-HRL,2006-10-01,90.085,329.905,,,625.7,,
M-58-HRL,2006-11-01,87.988,306.786,,,633.7,,
M-58-HRL,2006-12-01,89.471,323.119,,,633.9,,
M-58-HRL,2007-01-01,86.65,329.262,,,632.2,,
M-58-HRL,2007-02-01,79.676,280.024,,,627.6,,
M-58-HRL,2007-03-01,87.786,344.357,,,624.4,,
M-58-HRL,2007-04-01,88.74,352.31,,,626.6,,
M-58-HRL,2007-05-01,92.455,361.714,,,616.5,,
M-58-HRL,2007-06-01,88.228,362.643,,,632.6,,
M-58-HRL,2007-07-01,90.827,385.69,,,617.7,,
M-58-HRL,2007-08-01,93.83,404.976,,,610.5,,
M-58-HRL,2007-09-01,90.642,399.024,,,618.9,,
M-58-HRL,2007-10-01,93.073,413.524,,,618.7,,
M-58-HRL,2007-11-01,81.469,387.762,,,614.0,,842.0
M-58-HRL,2007-12-01,90.539,475.833,,,613.4,,
M-58-HRL,2008-01-01,90.532,446.381,,,609.8,,
M-58-HRL,2008-02-01,80.203,346.452,,,601.3,,
M-58-HRL,2008-03-01,92.925,287.476,,,607.4,,
M-58-HRL,2008-04-01,84.304,247.786,,,617.2,,
M-58-HRL,2008-05-01,78.851,275.714,,,629.3,,
M-58-HRL,2008-06-01,87.149,318.071,,,609.8,,
M-58-HRL,2008-07-01,89.719,324.548,,,608.3,,
M-58-HRL,2008-08-01,95.591,367.143,,,603.9,,
M-58-HRL,2008-09-01,91.023,349.595,,,603.4,,
M-58-HRL,2008-10-01,93.285,345.738,,,607.4,,
M-58-HRL,2008-11-01,92.734,307.976,,,601.0,,839.0
M-58-HRL,2008-12-01,93.847,503.0,,,600.6,,
M-58-HRL,2009-01-01,93.773,531.333,,,598.5,,819.0
M-58-HRL,2009-02-01,80.801,383.214,,,600.2,,
M-58-HRL,2009-03-01,78.748,319.048,,,609.5,,
M-58-HRL,2009-04-01,68.968,197.357,,,618.4,,
M-58-HRL,2009-05-01,87.959,246.119,,,591.4,,
M-58-HRL,2009-06-01,95.873,268.19,,,571.4,,
M-58-HRL,2009-07-01,100.168,283.548,,,574.9,,
M-58-HRL,2009-08-01,101.05,286.071,,,571.4,,
M-58-HRL,2009-09-01,96.962,274.476,,,567.4,,
M-58-HRL,2009-10-01,105.006,297.405,,,557.6,,
M-58-HRL,2009-11-01,99.382,607.357,,,554.4,,
M-58-HRL,2009-12-01,80.403,484.405,,,590.4,,
M-58-HRL,2010-01-01,76.171,456.357,,,590.1,,803.0
M-58-HRL,2010-02-01,73.656,272.881,,,596.9,,
M-58-HRL,2010-03-01,82.796,304.786,,,583.2,,
M-58-HRL,2010-04-01,78.712,195.786,,,589.2,,
M-58-HRL,2010-05-01,80.482,128.524,,,593.2,,
M-58-HRL,2010-06-01,80.793,129.0,,,591.3,,
M-58-HRL,2010-07-01,84.779,135.405,,,572.9,,
M-58-HRL,2010-08-01,79.397,507.214,,,579.4,,
M-58-HRL,2010-09-01,80.436,597.095,,,578.8,,
M-58-HRL,2010-10-01,78.549,570.69,,,581.8,,
M-58-HRL,2010-11-01,74.638,326.214,,,572.8,,
M-58-HRL,2010-12-01,74.293,303.738,,,570.7,,
M-58-HRL,2011-01-01,87.102,327.429,,,569.5,,
M-58-HRL,2011-02-01,78.564,271.786,,,570.1,,
M-58-HRL,2011-03-01,82.089,310.381,,,570.8,,
M-58-HRL,2011-04-01,81.284,303.167,,,567.2,,
M-58-HRL,2011-05-01,81.415,317.833,,,576.5,,
M-58-HRL,2011-06-01,77.631,325.548,,,566.9,,
M-58-HRL,2011-07-01,76.193,319.524,,,570.4,,
M-58-HRL,2011-08-01,80.108,351.071,,,567.7,,
M-58-HRL,2011-09-01,75.885,332.5,,,581.5,,
M-58-HRL,2011-10-01,79.532,448.5,,,569.5,,
M-58-HRL,2011-11-01,79.96,505.143,,,558.6,,
M-58-HRL,2011-12-01,87.42,552.286,,,549.6,,
M-58-HRL,2012-01-01,85.615,507.667,,,544.8,,765.0
M-58-HRL,2012-02-01,84.933,415.19,,,540.1,,
M-58-HRL,2012-03-01,82.31,414.929,,,549.5,,
M-58-HRL,2012-04-01,82.939,399.048,,,544.1,,
M-58-HRL,2012-05-01,81.626,448.119,,,543.8,,
M-58-HRL,2012-06-01,86.629,472.214,,,544.2,,
M-58-HRL,2012-07-01,85.853,462.262,,,555.8,,
M-58-HRL,2012-08-01,81.7,380.595,,,539.1,,
M-58-HRL,2012-09-01,77.182,393.452,,,547.6,,
M-58-HRL,2012-10-01,80.754,439.905,,,541.1,,
M-58-HRL,2012-11-01,82.915,432.5,,,532.3,,
M-58-HRL,2012-12-01,72.992,341.714,,,555.9,,
M-58-HRL,2013-01-01,74.151,365.19,,,557.6,,
M-58-HRL,2013-02-01,69.46,354.833,,,547.1,,
M-58-HRL,2013-03-01,72.08,292.571,,,554.1,,
M-58-HRL,2013-04-01,67.809,277.452,,,567.4,,
M-58-HRL,2013-05-01,76.328,322.238,,,540.7,,
M-58-HRL,2013-06-01,72.414,255.952,,,549.5,,
M-58-HRL,2013-07-01,80.532,338.667,,,536.2,,
M-58-HRL,2013-08-01,78.879,315.643,,,535.2,,
M-58-HRL,2013-09-01,81.223,360.69,,,531.9,,
M-58-HRL,2013-10-01,87.358,413.381,,,526.8,,
M-58-HRL,2013-11-01,86.395,412.095,,,530.0,,
M-58-HRL,2013-12-01,86.314,414.619,,,522.2,,
M-58-HRL,2014-01-01,86.99,456.048,,,524.4,,
M-58-HRL,2014-02-01,76.548,370.833,,,521.8,,
M-58-HRL,2014-03-01,82.899,408.238,,,517.5,,
M-58-HRL,2014-04-01,71.866,295.381,,,542.1,,
M-58-HRL,2014-05-01,76.592,347.238,,,530.9,,
M-58-HRL,2014-06-01,81.072,253.619,,,535.5,,
M-58-HRL,2014-07-01,85.911,259.548,,,505.2,,
M-58-HRL,2014-08-01,86.753,263.333,,,509.5,,
M-58-HRL,2014-09-01,78.829,232.405,,,534.8,,
M-58-HRL,2014-10-01,86.359,275.571,,,505.6,,
M-58-HRL,2014-11-01,83.001,264.881,,,507.8,,
M-58-HRL,2014-12-01,86.542,276.167,,,496.4,,
M-58-HRL,2015-01-01,82.103,261.976,,,479.6,,739.0
M-58-HRL,2015-02-01,79.19,252.69,,,500.1,,
M-58-HRL,2015-03-01,88.918,303.119,,,494.1,,
M-58-HRL,2015-04-01,86.757,295.762,,,513.4,,
M-58-HRL,2015-05-01,79.64,271.476,,,513.9,,
M-58-HRL,2015-06-01,82.861,272.119,,,487.8,,
M-58-HRL,2015-07-01,85.721,281.5,,,486.8,,
M-58-HRL,2015-08-01,86.143,284.452,31.0,48.0,486.7,483.8,
M-58-HRL,2015-09-01,85.684,280.357,30.0,48.0,483.9,478.2,
M-58-HRL,2015-10-01,89.273,292.0,31.0,48.0,477.5,472.0,
M-58-HRL,2015-11-01,81.907,267.976,30.0,48.0,485.4,482.7,
M-58-HRL,2015-12-01,88.948,291.857,31.0,48.0,465.7,450.8,
M-58-HRL,2016-01-01,92.687,304.214,31.0,48.0,471.5,469.7,
M-58-HRL,2016-02-01,94.689,310.714,29.0,48.0,444.5,439.6,
M-58-HRL,2016-03-01,99.627,326.952,31.0,48.0,441.3,437.1,
M-58-HRL,2016-04-01,96.863,318.024,30.0,48.0,442.2,437.5,
M-58-HRL,2016-05-01,99.465,326.5,31.0,48.0,447.5,443.7,
M-58-HRL,2016-06-01,100.908,331.238,30.0,48.0,427.0,420.8,
M-58-HRL,2016-07-01,103.877,341.048,31.0,48.0,394.5,388.7,
M-58-HRL,2016-08-01,105.681,347.0,31.0,48.0,423.5,418.5,707.0
M-58-HRL,2016-09-01,92.547,303.881,27.0,48.0,422.7,417.3,
M-58-HRL,2016-10-01,98.905,324.667,31.0,48.0,442.4,439.7,
M-58-HRL,2016-11-01,102.777,337.405,30.0,48.0,411.5,406.6,
M-58-HRL,2016-12-01,104.553,343.167,31.0,48.0,413.5,407.7,
M-58-HRL,2017-01-01,97.776,320.976,31.0,48.0,410.9,405.6,
M-58-HRL,2017-02-01,91.858,329.333,28.0,48.0,409.1,403.5,
M-58-HRL,2017-03-01,102.021,365.69,31.0,48.0,411.5,406.9,
M-58-HRL,2017-04-01,96.928,347.5,29.0,48.0,393.0,387.8,
M-58-HRL,2017-05-01,103.624,371.548,31.0,48.0,396.2,390.5,
M-58-HRL,2017-06-01,103.531,387.881,30.0,48.0,394.5,389.3,
M-58-HRL,2017-07-01,104.922,393.024,31.0,48.0,394.5,388.7,
M-58-HRL,2017-08-01,104.751,1198.048,31.0,48.0,403.7,400.2,
M-58-HRL,2017-09-01,99.754,1140.143,30.0,48.0,393.5,387.2,
M-58-HRL,2017-10-01,97.303,1112.167,31.0,48.0,403.7,398.0,
M-58-HRL,2017-11-01,97.907,1122.357,30.0,48.0,378.5,371.6,
M-58-HRL,2017-12-01,103.837,1190.429,31.0,48.0,378.3,372.2,
M-58-HRL,2018-01-01,108.531,1244.286,31.0,48.0,371.5,364.8,
M-58-HRL,2018-02-01,95.472,1094.571,28.0,48.0,357.6,350.4,
M-58-HRL,2018-03-01,105.755,1212.381,31.0,48.0,355.8,348.9,
M-58-HRL,2018-04-01,107.09,1227.667,30.0,48.0,350.9,343.6,
M-58-HRL,2018-05-01,83.294,955.024,23.0,48.0,351.3,342.2,
M-58-HRL,2018-06-01,110.113,1370.167,30.0,48.0,339.2,330.5,
M-58-HRL,2018-07-01,109.054,1362.214,31.0,48.0,356.2,350.1,
M-58-HRL,2018-08-01,111.867,1328.357,31.0,48.0,335.1,328.5,
M-58-HRL,2018-09-01,95.693,1099.905,26.0,48.0,334.5,327.1,636.0
M-58-HRL,2018-10-01,110.993,1315.31,31.0,48.0,332.0,322.9,
M-58-HRL,2018-11-01,105.0,1164.31,30.0,48.0,332.0,323.0,
M-58-HRL,2018-12-01,106.362,1199.952,31.0,48.0,367.2,363.6,
M-58-HRL,2019-01-01,101.864,1116.19,31.0,48.0,355.4,350.0,
M-58-HRL,2019-02-01,90.995,1005.167,28.0,48.0,361.2,337.3,
M-58-HRL,2019-03-01,99.339,1100.238,31.0,48.0,362.2,354.8,
M-58-HRL,2019-04-01,95.624,1111.357,30.0,48.0,357.0,351.7,
M-58-HRL,2019-05-01,96.41,1105.476,31.0,48.0,,,
M-58-HRL,2019-06-01,94.698,1085.738,30.0,48.0,331.7,322.8,
M-58-HRL,2019-07-01,95.868,1098.952,31.0,48.0,361.3,355.4,
M-58-HRL,2019-08-01,101.694,1165.81,31.0,48.0,343.3,335.4,
M-58-HRL,2019-09-01,97.096,1113.143,30.0,48.0,333.5,325.5,
M-58-HRL,2019-10-01,95.064,1089.81,31.0,48.0,375.0,369.8,
M-58-HRL,2019-11-01,86.752,994.714,30.0,48.0,368.7,363.9,
M-58-HRL,2019-12-01,97.293,1134.786,31.0,48.0,367.0,361.6,
M-58-HRL,2020-01-01,104.575,1198.833,31.0,48.0,323.7,314.4,
M-58-HRL,2020-02-01,90.69,1084.048,29.0,48.0,330.5,322.7,
M-58-HRL,2020-03-01,95.667,1117.857,31.0,48.0,330.5,322.7,
M-58-HRL,2020-04-01,91.74,1051.762,30.0,48.0,,,
M-58-HRL,2020-05-01,94.588,1084.476,31.0,48.0,,,
M-58-HRL,2020-06-01,92.151,1056.333,30.0,48.0,,,
M-58-HRL,2020-07-01,100.582,1153.095,31.0,48.0,318.5,301.6,
M-58-HRL,2020-08-01,99.774,1143.81,31.0,48.0,318.5,301.6,
M-58-HRL,2020-09-01,96.624,1107.905,30.0,48.0,302.1,291.7,
M-58-HRL,2020-10-01,97.886,1122.333,31.0,48.0,313.5,304.3,
M-58-HRL,2020-11-01,89.464,1025.619,30.0,48.0,352.3,346.9,
M-58-HRL,2020-12-01,96.446,1105.857,30.0,48.0,291.9,281.5,598.0
M-58-HRL,2021-01-01,104.339,1196.214,31.0,48.0,289.1,279.2,
M-58-HRL,2021-02-01,89.002,1020.167,28.0,48.0,279.3,267.4,
M-58-HRL,2021-03-01,93.545,1072.476,31.0,48.0,340.1,335.2,
M-58-HRL,2021-04-01,95.771,1098.0,30.0,48.0,277.9,266.5,
M-58-HRL,2021-05-01,105.392,1208.238,31.0,48.0,264.6,255.5,
M-58-HRL,2021-06-01,99.532,1759.524,30.0,48.0,264.6,255.5,
M-58-HRL,2021-07-01,105.461,1837.333,31.0,48.0,275.7,264.8,
M-58-HRL,2021-08-01,107.81,1708.691,31.0,48.0,271.2,261.0,
M-58-HRL,2021-09-01,97.766,1549.667,30.0,48.0,277.4,269.4,
M-58-HRL,2021-10-01,107.003,1672.048,31.0,48.0,267.4,259.4,
M-58-HRL,2021-11-01,80.488,1275.952,24.0,48.0,455.2,,
M-58-HRL,2021-12-01,107.379,1701.524,31.0,48.0,246.4,233.5,
M-58-HRL,2022-01-01,105.071,1509.31,31.0,48.0,241.2,227.0,
M-58-HRL,2022-02-01,91.471,1346.119,28.0,48.0,254.0,242.5,
M-58-HRL,2022-03-01,107.586,1704.952,31.0,48.0,256.2,245.0,
M-58-HRL,2022-04-01,103.215,1635.714,30.0,48.0,228.5,212.8,
M-58-HRL,2022-05-01,105.761,1675.762,31.0,48.0,222.3,205.8,
M-58-HRL,2022-06-01,100.438,1591.667,30.0,48.0,237.0,224.8,
M-58-HRL,2022-07-01,91.334,1447.571,29.0,48.0,268.7,259.9,
M-58-HRL,2022-08-01,102.175,1619.214,31.0,48.0,224.4,207.7,
M-58-HRL,2022-09-01,98.635,1563.143,30.0,48.0,227.8,212.6,
M-58-HRL,2022-10-01,98.421,1560.048,31.0,48.0,250.9,237.2,
M-58-HRL,2022-11-01,91.699,1453.476,30.0,48.0,257.4,244.6,
M-58-HRL,2022-12-01,101.06,1601.595,31.0,48.0,231.7,215.7,
M-58-HRL,2023-01-01,102.488,1624.024,31.0,48.0,226.2,210.1,
M-58-HRL,2023-02-01,93.813,1486.929,28.0,48.0,226.2,210.1,
M-58-HRL,2023-03-01,114.512,1815.0,31.0,48.0,222.3,202.4,
M-58-HRL,2023-04-01,,,,,222.3,202.4,
M-58-HRL,2023-05-01,96.872,1535.071,31.0,48.0,226.8,210.2,
M-58-HRL,2023-06-01,99.746,1580.643,30.0,48.0,218.0,200.3,
M-58-HRL,2023-07-01,102.044,1617.119,31.0,48.0,212.9,195.1,
M-58-HRL,2023-08-01,101.291,1605.214,31.0,48.0,212.4,194.2,
M-58-HRL,2023-09-01,97.66,1539.0,30.0,48.0,215.5,199.0,
M-58-HRL,2023-10-01,74.463,1179.738,22.0,48.0,264.0,255.2,
M-58-HRL,2023-11-01,96.566,1545.667,30.0,48.0,232.4,218.5,
M-58-HRL,2023-12-01,96.404,1828.0,31.0,48.0,228.6,215.5,
M-58-HRL,2024-01-01,95.899,1818.429,31.0,48.0,215.2,199.9,
M-58-HRL,2024-02-01,89.687,1700.643,29.0,48.0,213.5,202.8,
M-58-HRL,2024-03-01,91.365,1732.452,31.0,48.0,211.3,201.3,
M-58-HRL,2024-04-01,88.289,1674.119,30.0,48.0,221.0,206.8,
M-58-HRL,2024-05-01,54.677,1036.786,20.0,48.0,475.3,,
M-58-HRL,2024-06-01,13.194,250.19,3.0,48.0,247.1,216.5,
M-58-HRL,2024-07-01,101.788,1930.095,31.0,48.0,,,
M-58-HRL,2024-08-01,100.397,1903.714,31.0,48.0,,,
M-58-HRL,2024-09-01,96.348,1826.952,30.0,48.0,214.5,199.7,
M-58-HRL,2024-10-01,81.431,1544.095,31.0,48.0,,,
M-58-HRL,2024-11-01,65.934,1250.238,30.0,48.0,217.2,206.7,
M-58-HRL,2024-12-01,58.122,1102.095,31.0,48.0,211.8,200.0,
M-58-HRL,2025-01-01,67.623,1322.571,31.0,48.0,210.1,196.6,
M-58-HRL,2025-02-01,90.098,1712.0,28.0,48.0,214.6,202.1,
M-58-HRL,2025-03-01,102.073,1949.857,31.0,48.0,201.9,188.2,
M-58-HRL,2025-04-01,97.752,1765.857,30.0,48.0,202.0,192.0,
M-58-HRL,2025-05-01,93.118,1717.833,31.0,48.0,208.0,195.7,
M-58-HRL,2025-06-01,86.423,1535.714,30.0,48.0,204.4,190.8,
M-61-HRL,1993-12-01,10.113,0.0,,,,,
M-61-HRL,1994-01-01,186.498,0.0,,,,,
M-61-HRL,1994-02-01,239.901,0.0,,,,,
M-61-HRL,1994-03-01,274.212,0.0,,,,,
M-61-HRL,1994-04-01,225.765,0.0,,,,,1039.0
M-61-HRL,1994-05-01,229.426,0.0,,,,,
M-61-HRL,1994-06-01,212.35,0.0,,,,,
M-61-HRL,1994-07-01,251.735,0.0,,,,,
M-61-HRL,1994-08-01,219.516,0.0,,,,,
M-61-HRL,1994-09-01,198.568,0.0,,,,,
M-61-HRL,1994-10-01,192.147,0.0,,,,,
M-61-HRL,1994-11-01,209.787,0.0,,,,,
M-61-HRL,1994-12-01,117.205,0.0,,,,,
M-61-HRL,1995-01-01,224.03,0.0,,,774.7,,
M-61-HRL,1995-02-01,207.081,0.0,,,772.8,,
M-61-HRL,1995-03-01,111.342,0.0,,,,,
M-61-HRL,1995-04-01,70.42,0.0,,,870.7,,
M-61-HRL,1995-05-01,225.991,0.0,,,764.3,,
M-61-HRL,1995-06-01,141.777,0.0,,,847.3,,
M-61-HRL,1995-07-01,61.39,0.0,,,876.2,,
M-61-HRL,1995-08-01,64.898,0.0,,,840.0,,
M-61-HRL,1995-09-01,55.684,0.0,,,857.7,,
M-61-HRL,1995-10-01,67.932,0.0,,,841.0,,
M-61-HRL,1995-11-01,71.488,0.0,,,828.2,,
M-61-HRL,1995-12-01,149.68,0.0,,,795.3,,
M-61-HRL,1996-01-01,156.597,0.0,,,799.0,,
M-61-HRL,1996-02-01,148.702,0.0,,,796.0,,
M-61-HRL,1996-03-01,148.161,0.0,,,,,
M-61-HRL,1996-04-01,104.649,0.0,,,787.5,,
M-61-HRL,1996-05-01,168.517,0.0,,,787.5,,
M-61-HRL,1996-06-01,163.251,0.0,,,781.8,,
M-61-HRL,1996-07-01,161.635,0.0,,,777.9,,
M-61-HRL,1996-08-01,110.754,0.0,,,787.2,,
M-61-HRL,1996-09-01,85.37,0.0,,,839.0,,1006.0
M-61-HRL,1996-10-01,63.153,0.0,,,853.7,,
M-61-HRL,1996-11-01,57.93,0.0,,,848.0,,
M-61-HRL,1996-12-01,57.642,0.0,,,842.4,,
M-61-HRL,1997-01-01,58.058,0.0,,,,,1008.0
M-61-HRL,1997-02-01,58.137,0.0,,,,,
M-61-HRL,1997-03-01,61.879,0.0,,,,,
M-61-HRL,1997-04-01,59.68,0.0,,,,,
M-61-HRL,1997-05-01,64.142,0.0,,,,,
M-61-HRL,1997-06-01,63.137,0.0,,,,,
M-61-HRL,1997-07-01,49.652,0.0,,,,,
M-61-HRL,1997-08-01,64.04,0.0,,,,,
M-61-HRL,1997-09-01,71.815,0.0,,,,,
M-61-HRL,1997-10-01,59.669,0.0,,,,,
M-61-HRL,1997-11-01,93.868,0.0,,,,,
M-61-HRL,1997-12-01,91.825,0.0,,,,,
M-61-HRL,1998-01-01,69.585,0.0,,,,,
M-61-HRL,1998-02-01,47.915,0.0,,,,,
M-61-HRL,1998-03-01,78.967,0.0,,,,,
M-61-HRL,1998-04-01,83.57,0.0,,,,,
M-61-HRL,1998-05-01,87.341,0.0,,,,,
M-61-HRL,1998-06-01,72.392,0.0,,,,,
M-61-HRL,1998-07-01,63.541,0.0,,,783.2,,
M-61-HRL,1998-08-01,71.007,0.0,,,,,
M-61-HRL,1998-09-01,81.981,0.0,,,,,984.0
M-61-HRL,1998-10-01,69.649,0.0,,,,,
M-61-HRL,1998-11-01,52.051,0.0,,,,,
M-61-HRL,1998-12-01,46.266,0.0,,,,,
M-61-HRL,1999-01-01,42.883,0.0,,,,,
M-61-HRL,1999-02-01,45.497,0.0,,,750.1,,
M-61-HRL,1999-03-01,56.784,0.0,,,,,
M-61-HRL,1999-04-01,61.5,0.0,,,,,
M-61-HRL,1999-05-01,65.096,0.0,,,,,
M-61-HRL,1999-06-01,84.354,0.0,,,,,
M-61-HRL,1999-07-01,165.592,0.0,,,747.1,,
M-61-HRL,1999-08-01,73.584,0.0,,,722.7,,
M-61-HRL,1999-09-01,84.529,0.0,,,,,
M-61-HRL,1999-10-01,137.286,0.0,,,743.8,,
M-61-HRL,1999-11-01,154.983,0.0,,,,,
M-61-HRL,1999-12-01,170.984,0.0,,,,,
M-61-HRL,2000-01-01,160.3,0.0,,,,,
M-61-HRL,2000-02-01,147.383,0.0,,,,,
M-61-HRL,2000-03-01,160.693,0.0,,,,,
M-61-HRL,2000-04-01,119.379,0.0,,,,,
M-61-HRL,2000-05-01,169.207,0.0,,,718.6,,
M-61-HRL,2000-06-01,160.551,0.0,,,714.5,,
M-61-HRL,2000-07-01,174.027,0.0,,,,,
M-61-HRL,2000-08-01,165.727,0.0,,,715.1,,
M-61-HRL,2000-09-01,135.139,0.0,,,,,946.0
M-61-HRL,2000-10-01,133.461,0.0,,,,,
M-61-HRL,2000-11-01,132.57,0.0,,,714.3,,
M-61-HRL,2000-12-01,145.128,0.0,,,,,
M-61-HRL,2001-01-01,143.206,0.0,,,712.9,,
M-61-HRL,2001-02-01,100.633,0.0,,,713.0,,
M-61-HRL,2001-03-01,133.184,0.0,,,713.2,,
M-61-HRL,2001-04-01,76.632,0.0,,,,,
M-61-HRL,2001-05-01,143.491,0.0,,,719.4,,
M-61-HRL,2001-06-01,97.435,0.0,,,692.2,,
M-61-HRL,2001-07-01,120.949,0.0,,,709.5,,
M-61-HRL,2001-08-01,120.521,0.0,,,710.0,,940.0
M-61-HRL,2001-09-01,100.627,0.0,,,710.0,,
M-61-HRL,2001-10-01,53.317,0.0,,,686.0,,
M-61-HRL,2001-11-01,125.304,0.0,,,703.2,,
M-61-HRL,2001-12-01,121.273,0.0,,,704.1,,
M-61-HRL,2002-01-01,108.643,0.0,,,,,
M-61-HRL,2002-02-01,92.006,0.0,,,701.8,,
M-61-HRL,2002-03-01,118.183,0.0,,,700.5,,
M-61-HRL,2002-04-01,93.817,0.0,,,680.1,,
M-61-HRL,2002-05-01,106.802,0.0,,,700.0,,
M-61-HRL,2002-06-01,112.994,0.0,,,696.5,,
M-61-HRL,2002-07-01,116.479,0.0,,,,,
M-61-HRL,2002-08-01,66.829,0.0,,,704.5,,
M-61-HRL,2002-09-01,120.376,0.0,,,,,911.0
M-61-HRL,2002-10-01,67.36,0.0,,,676.3,,
M-61-HRL,2002-11-01,76.006,0.0,,,690.0,,
M-61-HRL,2002-12-01,86.566,0.0,,,620.2,,
M-61-HRL,2003-01-01,77.085,0.0,,,689.7,,
M-61-HRL,2003-02-01,84.565,0.0,,,698.6,,
M-61-HRL,2003-03-01,79.608,0.0,,,665.5,,
M-61-HRL,2003-04-01,54.962,0.0,,,664.4,,
M-61-HRL,2003-05-01,81.23,0.0,,,669.9,,
M-61-HRL,2003-06-01,65.168,0.0,,,682.2,,
M-61-HRL,2003-07-01,56.866,0.0,,,,,
M-61-HRL,2003-08-01,75.449,0.0,,,677.3,,
M-61-HRL,2003-09-01,86.567,0.0,,,,,
M-61-HRL,2003-10-01,84.584,0.0,,,,,
M-61-HRL,2003-11-01,67.912,0.0,,,,,877.0
M-61-HRL,2003-12-01,53.318,0.0,,,,,
M-61-HRL,2004-01-01,45.963,0.0,,,705.1,,
M-61-HRL,2004-02-01,44.783,0.0,,,661.4,,
M-61-HRL,2004-03-01,48.565,0.0,,,655.1,,
M-61-HRL,2004-04-01,46.308,0.0,,,668.6,,
M-61-HRL,2004-05-01,45.116,0.0,,,673.1,,
M-61-HRL,2004-06-01,41.165,0.0,,,663.9,,
M-61-HRL,2004-07-01,39.244,0.0,,,665.3,,
M-61-HRL,2004-08-01,46.384,0.0,,,662.9,,
M-61-HRL,2004-09-01,43.166,0.0,,,668.5,,
M-61-HRL,2004-10-01,44.25,0.0,,,682.7,,
M-61-HRL,2004-11-01,47.02,0.0,,,667.1,,
M-61-HRL,2004-12-01,45.168,0.0,,,661.1,,885.0
M-61-HRL,2005-01-01,52.337,0.0,,,659.5,,
M-61-HRL,2005-02-01,50.88,0.0,,,656.4,,
M-61-HRL,2005-03-01,50.516,0.0,,,670.5,,
M-61-HRL,2005-04-01,47.649,0.0,,,662.8,,
M-61-HRL,2005-05-01,54.874,0.0,,,658.4,,
M-61-HRL,2005-06-01,56.185,0.0,,,667.7,,
M-61-HRL,2005-07-01,53.849,0.0,,,649.1,,
M-61-HRL,2005-08-01,58.701,0.0,,,648.5,,
M-61-HRL,2005-09-01,61.686,0.0,,,646.3,,867.0
M-61-HRL,2005-10-01,46.387,0.0,,,644.6,,
M-61-HRL,2005-11-01,52.227,0.0,,,636.3,,
M-61-HRL,2005-12-01,50.589,0.0,,,642.7,,
M-61-HRL,2006-01-01,54.113,0.0,,,642.2,,840.0
M-61-HRL,2006-02-01,45.818,0.0,,,641.8,,
M-61-HRL,2006-03-01,50.503,0.0,,,658.3,,
M-61-HRL,2006-04-01,60.723,0.0,,,644.5,,
M-61-HRL,2006-05-01,55.164,0.0,,,638.4,,
M-61-HRL,2006-06-01,66.006,0.0,,,646.4,,
M-61-HRL,2006-07-01,84.703,0.0,,,622.5,,
M-61-HRL,2006-08-01,56.872,0.0,,,635.9,,
M-61-HRL,2006-09-01,63.911,0.0,,,648.6,,
M-61-HRL,2006-10-01,40.491,0.0,,,646.9,,
M-61-HRL,2006-11-01,51.66,0.0,,,630.6,,
M-61-HRL,2006-12-01,50.813,0.0,,,657.0,,
M-61-HRL,2007-01-01,52.878,0.0,,,652.3,,
M-61-HRL,2007-02-01,50.542,0.0,,,624.8,,
M-61-HRL,2007-03-01,60.581,0.0,,,622.2,,
M-61-HRL,2007-04-01,54.677,0.0,,,623.6,,
M-61-HRL,2007-05-01,43.932,0.0,,,621.4,,
M-61-HRL,2007-06-01,44.86,0.0,,,618.5,,
M-61-HRL,2007-07-01,71.68,0.0,,,615.7,,
M-61-HRL,2007-08-01,50.881,0.0,,,627.4,,836.0
M-61-HRL,2007-09-01,54.848,0.0,,,622.5,,
M-61-HRL,2007-10-01,54.7,0.0,,,617.3,,
M-61-HRL,2007-11-01,23.277,0.0,,,640.1,,
M-61-HRL,2007-12-01,0.0,,,,640.1,,
M-61-HRL,2008-01-01,0.0,,,,640.1,,
M-61-HRL,2008-02-01,0.0,,,,640.1,,
M-61-HRL,2008-03-01,0.0,,,,640.1,,
M-61-HRL,2008-04-01,37.829,0.0,,,,,
M-61-HRL,2008-05-01,71.167,0.0,,,618.8,,
M-61-HRL,2008-06-01,56.004,0.0,,,623.8,,
M-61-HRL,2008-07-01,60.98,0.0,,,621.2,,
M-61-HRL,2008-08-01,59.39,0.0,,,622.6,,
M-61-HRL,2008-09-01,51.627,0.0,,,595.8,,859.0
M-61-HRL,2008-10-01,52.309,0.0,,,616.2,,
M-61-HRL,2008-11-01,46.939,0.0,,,614.0,,
M-61-HRL,2008-12-01,57.029,0.0,,,629.8,,
M-61-HRL,2009-01-01,43.206,0.0,,,638.2,,
M-61-HRL,2009-02-01,41.135,0.0,,,606.0,,
M-61-HRL,2009-03-01,53.351,0.0,,,622.7,,
M-61-HRL,2009-04-01,57.187,0.0,,,617.0,,
M-61-HRL,2009-05-01,53.336,0.0,,,610.2,,
M-61-HRL,2009-06-01,31.053,0.0,,,610.2,,
M-61-HRL,2009-07-01,50.969,0.0,,,605.7,,
M-61-HRL,2009-08-01,62.307,0.0,,,629.2,,
M-61-HRL,2009-09-01,47.705,0.0,,,619.8,,811.0
M-61-HRL,2009-10-01,54.71,0.0,,,597.3,,
M-61-HRL,2009-11-01,44.009,0.0,,,599.4,,
M-61-HRL,2009-12-01,70.424,0.0,,,590.5,,
M-61-HRL,2010-01-01,79.884,0.0,,,585.0,,796.0
M-61-HRL,2010-02-01,56.32,0.0,,,586.0,,
M-61-HRL,2010-03-01,57.663,0.0,,,584.8,,
M-61-HRL,2010-04-01,56.852,0.0,,,578.1,,
M-61-HRL,2010-05-01,54.594,0.0,,,573.0,,
M-61-HRL,2010-06-01,84.83,0.0,,,572.9,,
M-61-HRL,2010-07-01,52.122,0.0,,,571.4,,
M-61-HRL,2010-08-01,44.034,0.0,,,571.7,,
M-61-HRL,2010-09-01,53.968,0.0,,,566.7,,
M-61-HRL,2010-10-01,80.188,0.0,,,595.3,,
M-61-HRL,2010-11-01,88.235,0.0,,,583.3,,
M-61-HRL,2010-12-01,58.804,0.0,,,564.2,,
M-61-HRL,2011-01-01,68.589,0.0,,,574.0,,
M-61-HRL,2011-02-01,44.365,0.0,,,570.8,,
M-61-HRL,2011-03-01,43.195,0.0,,,567.8,,
M-61-HRL,2011-04-01,59.17,0.0,,,562.7,,
M-61-HRL,2011-05-01,72.356,0.0,,,555.8,,
M-61-HRL,2011-06-01,54.158,0.0,,,581.3,,
M-61-HRL,2011-07-01,81.459,0.0,,,549.2,,
M-61-HRL,2011-08-01,92.023,0.0,,,548.5,,
M-61-HRL,2011-09-01,32.93,0.0,,,544.5,,
M-61-HRL,2011-10-01,90.001,0.0,,,565.6,,
M-61-HRL,2011-11-01,73.616,0.0,,,562.3,,
M-61-HRL,2011-12-01,89.377,0.0,,,562.2,,
M-61-HRL,2012-01-01,93.469,0.0,,,545.6,,
M-61-HRL,2012-02-01,89.8,0.0,,,561.2,,
M-61-HRL,2012-03-01,83.84,0.0,,,555.9,,
M-61-HRL,2012-04-01,88.305,0.0,,,573.5,,
M-61-HRL,2012-05-01,66.32,0.0,,,568.1,,
M-61-HRL,2012-06-01,72.096,0.0,,,603.5,,
M-61-HRL,2012-07-01,79.328,0.0,,,554.0,,
M-61-HRL,2012-08-01,50.26,0.0,,,554.3,,
M-61-HRL,2012-09-01,50.087,0.0,,,541.5,,
M-61-HRL,2012-10-01,57.349,0.0,,,600.1,,
M-61-HRL,2012-11-01,41.581,0.0,,,527.4,,
M-61-HRL,2012-12-01,47.942,0.0,,,529.9,,
M-61-HRL,2013-01-01,33.608,0.0,,,530.1,,
M-61-HRL,2013-02-01,36.877,0.0,,,530.1,,
M-61-HRL,2013-03-01,44.491,0.0,,,548.3,,
M-61-HRL,2013-04-01,47.717,0.0,,,545.5,,
M-61-HRL,2013-05-01,53.492,0.0,,,545.0,,
M-61-HRL,2013-06-01,53.515,0.0,,,547.7,,
M-61-HRL,2013-07-01,54.228,0.0,,,556.0,,
M-61-HRL,2013-08-01,66.065,0.0,,,515.1,,
M-61-HRL,2013-09-01,79.62,0.0,,,515.5,,
M-61-HRL,2013-10-01,62.628,0.0,,,528.3,,
M-61-HRL,2013-11-01,81.178,0.0,,,530.2,,
M-61-HRL,2013-12-01,87.972,0.0,,,506.3,,
M-61-HRL,2014-01-01,75.541,0.0,,,523.2,,
M-61-HRL,2014-02-01,66.47,0.0,,,502.9,,
M-61-HRL,2014-03-01,71.9,0.0,,,519.8,,746.0
M-61-HRL,2014-04-01,54.031,0.0,,,523.5,,
M-61-HRL,2014-05-01,56.476,0.0,,,517.6,,
M-61-HRL,2014-06-01,50.407,0.0,,,509.4,,
M-61-HRL,2014-07-01,102.524,0.0,,,519.5,,
M-61-HRL,2014-08-01,68.765,0.0,,,495.8,,
M-61-HRL,2014-09-01,81.775,0.0,,,518.5,,
M-61-HRL,2014-10-01,101.865,0.0,,,507.6,,
M-61-HRL,2014-11-01,88.828,0.0,,,513.2,,
M-61-HRL,2014-12-01,102.409,0.0,,,522.1,,
M-61-HRL,2015-01-01,91.797,0.0,,,476.3,,
M-61-HRL,2015-02-01,82.205,0.0,,,510.9,,725.0
M-61-HRL,2015-03-01,52.965,0.0,,,500.0,,
M-61-HRL,2015-04-01,,,,,534.8,,
M-61-HRL,2015-05-01,77.721,73.238,,,534.8,,
M-61-HRL,2015-06-01,98.636,92.952,,,526.1,,
M-61-HRL,2015-07-01,97.99,92.357,,,497.2,,
M-61-HRL,2015-08-01,70.347,76.286,31.0,32.0,494.2,469.5,
M-61-HRL,2015-09-01,78.023,83.833,30.0,32.0,462.7,461.3,
M-61-HRL,2015-10-01,74.477,80.0,31.0,32.0,489.8,488.4,
M-61-HRL,2015-11-01,56.985,61.238,30.0,32.0,491.9,487.8,
M-61-HRL,2015-12-01,96.005,103.452,31.0,32.0,490.2,469.6,
M-61-HRL,2016-01-01,100.301,108.119,31.0,32.0,489.2,456.1,
M-61-HRL,2016-02-01,104.125,112.214,29.0,32.0,487.0,457.0,
M-61-HRL,2016-03-01,111.497,120.167,31.0,32.0,482.2,430.6,
M-61-HRL,2016-04-01,109.312,117.857,30.0,32.0,477.0,430.8,
M-61-HRL,2016-05-01,108.726,117.214,31.0,32.0,473.5,426.2,
M-61-HRL,2016-06-01,113.641,122.524,30.0,32.0,468.9,411.0,
M-61-HRL,2016-07-01,121.581,131.095,31.0,32.0,430.1,365.2,
M-61-HRL,2016-08-01,127.145,137.095,31.0,32.0,453.5,402.5,
M-61-HRL,2016-09-01,121.483,131.0,30.0,32.0,455.5,407.5,
M-61-HRL,2016-10-01,115.106,124.095,31.0,32.0,451.0,400.4,
M-61-HRL,2016-11-01,123.672,133.333,30.0,32.0,447.2,397.4,
M-61-HRL,2016-12-01,125.278,135.048,31.0,32.0,450.7,415.5,
M-61-HRL,2017-01-01,121.185,130.643,31.0,32.0,448.4,394.7,
M-61-HRL,2017-02-01,109.517,118.071,28.0,32.0,458.2,416.7,
M-61-HRL,2017-03-01,105.6,113.81,27.0,32.0,455.4,387.5,686.0
M-61-HRL,2017-04-01,79.315,85.5,30.0,32.0,458.5,436.2,
M-61-HRL,2017-05-01,100.677,108.548,31.0,32.0,451.2,404.5,
M-61-HRL,2017-06-01,124.673,165.119,30.0,32.0,441.0,384.7,
M-61-HRL,2017-07-01,126.921,168.071,31.0,32.0,430.1,365.2,
M-61-HRL,2017-08-01,131.035,3122.857,31.0,32.0,420.2,362.7,
M-61-HRL,2017-09-01,121.674,2900.405,30.0,32.0,427.2,360.0,
M-61-HRL,2017-10-01,105.371,2511.81,31.0,32.0,433.4,397.8,
M-61-HRL,2017-11-01,109.53,2610.5,30.0,32.0,439.4,410.9,
M-61-HRL,2017-12-01,123.282,2938.5,31.0,32.0,416.6,348.4,
M-61-HRL,2018-01-01,123.906,2953.452,31.0,32.0,412.7,340.8,
M-61-HRL,2018-02-01,113.253,2699.572,28.0,32.0,416.4,350.5,
M-61-HRL,2018-03-01,123.274,2923.024,31.0,32.0,431.3,391.2,
M-61-HRL,2018-04-01,124.679,2971.643,30.0,32.0,409.5,327.5,
M-61-HRL,2018-05-01,89.608,2791.857,21.0,32.0,414.8,355.5,649.0
M-61-HRL,2018-06-01,123.443,3845.81,30.0,32.0,410.6,309.6,
M-61-HRL,2018-07-01,124.672,3986.857,31.0,32.0,426.7,372.1,
M-61-HRL,2018-08-01,127.308,4071.0,31.0,32.0,401.1,303.4,
M-61-HRL,2018-09-01,123.47,3948.31,30.0,32.0,400.5,307.1,
M-61-HRL,2018-10-01,121.842,3896.191,31.0,32.0,401.7,303.9,
M-61-HRL,2018-11-01,114.0,3632.476,30.0,32.0,404.0,332.0,
M-61-HRL,2018-12-01,105.182,3363.405,31.0,32.0,405.6,331.5,
M-61-HRL,2019-01-01,87.312,2792.072,31.0,32.0,395.5,331.7,
M-61-HRL,2019-02-01,86.891,2779.167,28.0,32.0,399.5,327.7,
M-61-HRL,2019-03-01,101.035,3231.238,31.0,32.0,404.4,360.5,
M-61-HRL,2019-04-01,97.9,3050.333,30.0,32.0,349.5,347.4,
M-61-HRL,2019-05-01,80.915,2521.191,31.0,32.0,,,
M-61-HRL,2019-06-01,106.756,3326.048,30.0,32.0,387.7,331.0,
M-61-HRL,2019-07-01,37.366,1163.976,31.0,32.0,334.0,332.4,
M-61-HRL,2019-08-01,63.36,1973.786,31.0,32.0,405.5,341.5,
M-61-HRL,2019-09-01,95.86,2986.286,30.0,32.0,402.0,375.5,
M-61-HRL,2019-10-01,73.208,2280.571,31.0,32.0,395.2,347.1,
M-61-HRL,2019-11-01,53.717,1673.691,30.0,32.0,368.9,368.5,
M-61-HRL,2019-12-01,74.708,2327.262,31.0,32.0,342.8,341.0,
M-61-HRL,2020-01-01,89.515,2788.548,31.0,32.0,382.3,322.5,
M-61-HRL,2020-02-01,72.648,2263.619,29.0,32.0,385.1,358.7,
M-61-HRL,2020-03-01,46.891,1460.857,31.0,32.0,385.1,358.7,
M-61-HRL,2020-04-01,62.025,1932.31,30.0,32.0,,,
M-61-HRL,2020-05-01,63.52,1978.976,31.0,32.0,,,
M-61-HRL,2020-06-01,70.318,2190.333,30.0,32.0,,,
M-61-HRL,2020-07-01,75.474,2351.191,31.0,32.0,382.2,335.2,
M-61-HRL,2020-08-01,97.068,3023.881,31.0,32.0,377.2,325.0,
M-61-HRL,2020-09-01,85.681,2669.595,30.0,32.0,342.5,302.0,
M-61-HRL,2020-10-01,76.867,2394.905,28.0,32.0,478.1,,
M-61-HRL,2020-11-01,49.238,1533.881,28.0,32.0,374.8,334.7,590.0
M-61-HRL,2020-12-01,82.952,2584.571,31.0,32.0,365.5,323.8,
M-61-HRL,2021-01-01,112.747,3512.524,31.0,32.0,334.4,308.8,
M-61-HRL,2021-02-01,87.338,2720.333,28.0,32.0,353.2,363.2,
M-61-HRL,2021-03-01,73.847,2300.643,31.0,32.0,350.9,333.6,
M-61-HRL,2021-04-01,104.308,3249.691,30.0,48.0,330.7,303.1,
M-61-HRL,2021-05-01,117.79,3669.476,31.0,48.0,337.4,312.7,
M-61-HRL,2021-06-01,100.939,2013.31,30.0,48.0,335.2,309.1,
M-61-HRL,2021-07-01,89.876,1668.31,31.0,32.0,346.1,311.1,
M-61-HRL,2021-08-01,94.442,1753.048,31.0,48.0,336.8,298.7,
M-61-HRL,2021-09-01,74.731,1749.5,30.0,48.0,338.2,305.2,
M-61-HRL,2021-10-01,79.196,1853.881,30.0,48.0,357.9,310.7,
M-61-HRL,2021-11-01,44.364,1038.714,30.0,48.0,351.5,281.2,
M-61-HRL,2021-12-01,86.092,2014.833,29.0,48.0,356.2,279.5,
M-61-HRL,2022-01-01,88.499,2071.191,31.0,28.0,344.0,277.5,
M-61-HRL,2022-02-01,79.304,1856.595,28.0,28.0,337.8,278.8,
M-61-HRL,2022-03-01,84.902,1987.143,31.0,48.0,335.2,287.4,
M-61-HRL,2022-04-01,80.564,1885.643,30.0,28.0,335.4,267.2,
M-61-HRL,2022-05-01,82.921,1940.476,31.0,28.0,335.4,259.6,
M-61-HRL,2022-06-01,80.236,1877.929,30.0,28.0,330.6,262.0,
M-61-HRL,2022-07-01,17.764,415.833,20.0,28.0,499.5,262.0,
M-61-HRL,2022-08-01,74.834,1751.524,31.0,28.0,338.0,265.6,
M-61-HRL,2022-09-01,87.638,2051.214,29.0,24.0,331.0,253.7,
M-61-HRL,2022-10-01,71.238,1935.976,19.0,24.0,303.6,284.0,
M-61-HRL,2022-11-01,86.69,2355.905,30.0,24.0,307.9,288.2,
M-61-HRL,2022-12-01,78.368,2129.381,31.0,24.0,323.8,257.9,
M-61-HRL,2023-01-01,67.518,1834.333,31.0,24.0,322.6,248.2,
M-61-HRL,2023-02-01,63.113,1715.119,28.0,24.0,316.5,266.1,
M-61-HRL,2023-03-01,66.215,1799.381,28.0,24.0,312.5,260.7,
M-61-HRL,2023-04-01,,,,,316.5,240.7,
M-61-HRL,2023-05-01,47.396,1287.714,21.0,24.0,317.9,277.6,
M-61-HRL,2023-06-01,71.95,1954.857,30.0,24.0,308.6,244.2,
M-61-HRL,2023-07-01,85.986,2336.286,31.0,24.0,320.7,252.4,
M-61-HRL,2023-08-01,80.777,2194.786,31.0,24.0,302.2,242.3,
M-61-HRL,2023-09-01,77.055,2081.929,28.0,24.0,297.6,210.3,
M-61-HRL,2023-10-01,65.463,1778.238,27.0,24.0,298.3,246.4,
M-61-HRL,2023-11-01,67.129,1842.238,30.0,24.0,306.2,260.9,
M-61-HRL,2023-12-01,80.61,2185.952,31.0,24.0,303.7,263.0,
M-61-HRL,2024-01-01,103.892,2817.31,31.0,128.0,260.3,257.7,
M-61-HRL,2024-02-01,96.136,2606.976,29.0,128.0,258.4,255.8,
M-61-HRL,2024-03-01,98.377,2667.762,31.0,128.0,272.6,263.0,
M-61-HRL,2024-04-01,97.048,2631.714,30.0,128.0,262.1,260.6,
M-61-HRL,2024-05-01,73.164,1984.024,31.0,128.0,288.0,287.4,
M-61-HRL,2024-06-01,95.508,2589.952,30.0,128.0,265.5,264.5,
M-61-HRL,2024-07-01,102.568,2781.405,31.0,128.0,245.9,244.5,
M-61-HRL,2024-08-01,102.582,2781.786,31.0,128.0,240.7,238.8,
M-61-HRL,2024-09-01,97.748,2650.691,30.0,128.0,247.2,245.1,
M-61-HRL,2024-10-01,97.073,2632.381,31.0,128.0,235.8,233.7,
M-61-HRL,2024-11-01,92.599,2511.071,30.0,128.0,252.0,251.9,
M-61-HRL,2024-12-01,92.887,2518.881,31.0,128.0,244.7,243.3,
M-61-HRL,2025-01-01,97.469,2643.119,31.0,128.0,280.8,230.8,
M-61-HRL,2025-02-01,86.989,2358.929,28.0,128.0,214.6,212.3,
M-61-HRL,2025-03-01,93.52,2536.048,31.0,128.0,224.0,221.0,
M-61-HRL,2025-04-01,89.745,2433.667,30.0,128.0,223.3,221.4,
M-61-HRL,2025-05-01,94.106,2551.929,31.0,128.0,218.3,215.3,
M-61-HRL,2025-06-01,92.003,2494.905,30.0,128.0,222.2,220.7,
M-63-HRL,1994-01-01,199.653,0.0,,,,,
M-63-HRL,1994-02-01,254.966,0.0,,,,,
M-63-HRL,1994-03-01,296.53,0.0,,,,,
M-63-HRL,1994-04-01,203.612,15.786,,,,,982.0
M-63-HRL,1994-05-01,228.731,17.857,,,,,
M-63-HRL,1994-06-01,290.78,22.833,,,,,
M-63-HRL,1994-07-01,281.479,22.0,,,,,
M-63-HRL,1994-08-01,286.024,22.262,,,,,
M-63-HRL,1994-09-01,276.767,21.714,,,,,
M-63-HRL,1994-10-01,224.359,17.19,,,,,
M-63-HRL,1994-11-01,256.922,19.762,,,,,
M-63-HRL,1994-12-01,205.243,15.976,,,,,
M-63-HRL,1995-01-01,249.666,19.262,,,800.0,,
M-63-HRL,1995-02-01,207.62,16.048,,,829.8,,
M-63-HRL,1995-03-01,246.459,19.0,,,,,
M-63-HRL,1995-04-01,226.734,17.548,,,793.5,,
M-63-HRL,1995-05-01,241.02,78.857,,,782.4,,
M-63-HRL,1995-06-01,231.027,74.905,,,786.5,,
M-63-HRL,1995-07-01,190.545,61.286,,,798.8,,
M-63-HRL,1995-08-01,211.061,111.143,,,793.4,,
M-63-HRL,1995-09-01,186.03,98.262,,,790.4,,
M-63-HRL,1995-10-01,142.964,90.524,,,820.0,,
M-63-HRL,1995-11-01,163.494,58.881,,,780.0,,
M-63-HRL,1995-12-01,189.946,69.048,,,783.0,,
M-63-HRL,1996-01-01,192.249,69.571,,,773.6,,
M-63-HRL,1996-02-01,176.712,64.762,,,775.8,,
M-63-HRL,1996-03-01,186.224,67.405,,,,,
M-63-HRL,1996-04-01,179.994,92.357,,,770.8,,
M-63-HRL,1996-05-01,194.458,92.357,,,770.0,,
M-63-HRL,1996-06-01,186.182,92.071,,,763.2,,
M-63-HRL,1996-07-01,182.367,66.048,,,756.0,,
M-63-HRL,1996-08-01,159.34,57.524,,,781.2,,
M-63-HRL,1996-09-01,152.135,55.262,,,781.0,,973.0
M-63-HRL,1996-10-01,186.872,68.286,,,800.0,,
M-63-HRL,1996-11-01,200.507,72.024,,,801.4,,
M-63-HRL,1996-12-01,199.146,71.595,,,802.6,,
M-63-HRL,1997-01-01,151.238,54.976,,,,,953.0
M-63-HRL,1997-02-01,139.232,51.095,,,,,
M-63-HRL,1997-03-01,160.236,124.405,,,,,
M-63-HRL,1997-04-01,158.165,121.095,,,,,
M-63-HRL,1997-05-01,172.867,131.119,,,,,
M-63-HRL,1997-06-01,169.213,105.833,,,,,
M-63-HRL,1997-07-01,169.277,75.929,,,,,
M-63-HRL,1997-08-01,181.346,95.429,,,,,
M-63-HRL,1997-09-01,169.921,73.952,,,,,
M-63-HRL,1997-10-01,172.854,88.0,,,,,
M-63-HRL,1997-11-01,156.022,58.357,,,,,
M-63-HRL,1997-12-01,181.123,68.476,,,,,
M-63-HRL,1998-01-01,180.349,157.119,,,,,
M-63-HRL,1998-02-01,164.794,142.643,,,,,
M-63-HRL,1998-03-01,179.391,149.786,,,,,
M-63-HRL,1998-04-01,175.835,187.452,,,,,
M-63-HRL,1998-05-01,148.161,159.952,,,,,
M-63-HRL,1998-06-01,100.973,14.452,,,,,
M-63-HRL,1998-07-01,93.304,14.429,,,824.5,,
M-63-HRL,1998-08-01,94.092,13.548,,,,,
M-63-HRL,1998-09-01,72.938,6.143,,,,,
M-63-HRL,1998-10-01,64.024,5.048,,,,,
M-63-HRL,1998-11-01,142.076,11.19,,,,,
M-63-HRL,1998-12-01,196.436,13.976,,,,,
M-63-HRL,1999-01-01,192.757,13.69,,,,,
M-63-HRL,1999-02-01,169.128,12.048,,,770.6,,
M-63-HRL,1999-03-01,195.014,254.667,,,,,
M-63-HRL,1999-04-01,114.624,148.095,,,,,
M-63-HRL,1999-05-01,209.189,404.762,,,,,
M-63-HRL,1999-06-01,189.95,319.0,,,,,
M-63-HRL,1999-07-01,150.194,252.357,,,779.0,,
M-63-HRL,1999-08-01,153.468,116.476,,,783.0,,922.0
M-63-HRL,1999-09-01,154.786,187.429,,,,,
M-63-HRL,1999-10-01,210.495,370.357,,,753.9,,
M-63-HRL,1999-11-01,211.554,336.524,,,,,
M-63-HRL,1999-12-01,221.36,349.81,,,,,
M-63-HRL,2000-01-01,212.631,414.905,,,,,
M-63-HRL,2000-02-01,198.363,244.619,,,,,
M-63-HRL,2000-03-01,190.68,231.619,,,,,
M-63-HRL,2000-04-01,174.158,111.381,,,,,
M-63-HRL,2000-05-01,215.547,472.81,,,723.2,,
M-63-HRL,2000-06-01,236.39,509.619,,,711.2,,
M-63-HRL,2000-07-01,153.118,243.548,,,,,
M-63-HRL,2000-08-01,220.865,369.357,,,709.8,,
M-63-HRL,2000-09-01,189.498,353.595,,,,,
M-63-HRL,2000-10-01,161.55,308.024,,,,,
M-63-HRL,2000-11-01,143.64,267.405,,,,,905.0
M-63-HRL,2000-12-01,153.437,256.881,,,,,
M-63-HRL,2001-01-01,148.908,396.857,,,737.0,,
M-63-HRL,2001-02-01,136.262,316.524,,,745.5,,
M-63-HRL,2001-03-01,138.826,350.119,,,745.2,,
M-63-HRL,2001-04-01,139.834,378.738,,,,,
M-63-HRL,2001-05-01,121.531,213.143,,,682.0,,
M-63-HRL,2001-06-01,83.88,60.833,,,763.1,,
M-63-HRL,2001-07-01,105.414,68.31,,,765.4,,
M-63-HRL,2001-08-01,99.88,54.19,,,763.2,,
M-63-HRL,2001-09-01,105.911,57.214,,,766.7,,887.0
M-63-HRL,2001-10-01,107.168,67.024,,,764.8,,
M-63-HRL,2001-11-01,102.684,51.405,,,762.4,,
M-63-HRL,2001-12-01,95.603,57.476,,,761.7,,
M-63-HRL,2002-01-01,156.901,193.357,,,,,
M-63-HRL,2002-02-01,161.802,198.548,,,721.1,,
M-63-HRL,2002-03-01,170.377,303.0,,,717.7,,
M-63-HRL,2002-04-01,164.311,401.524,,,710.2,,
M-63-HRL,2002-05-01,179.234,439.786,,,712.2,,
M-63-HRL,2002-06-01,160.448,281.143,,,719.6,,
M-63-HRL,2002-07-01,184.298,418.19,,,,,
M-63-HRL,2002-08-01,190.802,450.024,,,702.3,,
M-63-HRL,2002-09-01,182.067,478.619,,,,,
M-63-HRL,2002-10-01,210.846,512.929,,,679.7,,
M-63-HRL,2002-11-01,197.461,582.071,,,680.8,,867.0
M-63-HRL,2002-12-01,210.008,604.333,,,682.7,,
M-63-HRL,2003-01-01,204.112,711.714,,,679.2,,
M-63-HRL,2003-02-01,181.94,528.81,,,674.8,,
M-63-HRL,2003-03-01,200.601,380.238,,,697.4,,
M-63-HRL,2003-04-01,190.215,538.524,,,680.2,,
M-63-HRL,2003-05-01,193.197,492.619,,,671.3,,
M-63-HRL,2003-06-01,199.029,486.452,,,669.6,,
M-63-HRL,2003-07-01,204.652,497.548,,,,,
M-63-HRL,2003-08-01,193.373,544.167,,,673.5,,
M-63-HRL,2003-09-01,189.74,601.357,,,,,
M-63-HRL,2003-10-01,178.073,396.381,,,,,850.0
M-63-HRL,2003-11-01,180.916,430.357,,,,,
M-63-HRL,2003-12-01,177.258,476.405,,,,,
M-63-HRL,2004-01-01,187.445,501.071,,,671.1,,
M-63-HRL,2004-02-01,169.986,422.095,,,675.6,,
M-63-HRL,2004-03-01,177.802,418.905,,,672.2,,
M-63-HRL,2004-04-01,164.029,386.524,,,680.0,,
M-63-HRL,2004-05-01,175.288,408.571,,,674.7,,
M-63-HRL,2004-06-01,167.163,264.786,,,683.3,,
M-63-HRL,2004-07-01,149.86,239.5,,,672.9,,
M-63-HRL,2004-08-01,132.443,157.214,,,682.5,,
M-63-HRL,2004-09-01,151.634,390.333,,,684.9,,
M-63-HRL,2004-10-01,147.367,313.333,,,663.4,,
M-63-HRL,2004-11-01,127.899,245.952,,,683.0,,
M-63-HRL,2004-12-01,126.395,182.476,,,675.2,,
M-63-HRL,2005-01-01,145.532,290.881,,,673.3,,
M-63-HRL,2005-02-01,135.28,280.476,,,671.9,,
M-63-HRL,2005-03-01,146.726,283.024,,,669.3,,
M-63-HRL,2005-04-01,135.399,240.167,,,675.0,,
M-63-HRL,2005-05-01,147.615,254.381,,,670.5,,
M-63-HRL,2005-06-01,142.123,258.31,,,669.2,,
M-63-HRL,2005-07-01,160.813,389.81,,,662.3,,
M-63-HRL,2005-08-01,163.687,397.381,,,660.2,,
M-63-HRL,2005-09-01,149.191,379.881,,,658.6,,
M-63-HRL,2005-10-01,162.933,414.548,,,653.7,,
M-63-HRL,2005-11-01,146.305,368.071,,,655.8,,814.0
M-63-HRL,2005-12-01,155.961,387.143,,,659.9,,
M-63-HRL,2006-01-01,151.681,370.643,,,660.2,,811.0
M-63-HRL,2006-02-01,128.027,297.048,,,654.3,,
M-63-HRL,2006-03-01,145.368,343.405,,,654.1,,
M-63-HRL,2006-04-01,146.644,330.714,,,645.9,,
M-63-HRL,2006-05-01,152.758,396.357,,,658.9,,
M-63-HRL,2006-06-01,150.107,386.19,,,649.7,,
M-63-HRL,2006-07-01,156.051,444.69,,,650.7,,
M-63-HRL,2006-08-01,150.445,445.024,,,646.5,,
M-63-HRL,2006-09-01,134.031,374.333,,,642.2,,
M-63-HRL,2006-10-01,145.069,394.452,,,658.5,,
M-63-HRL,2006-11-01,147.512,413.024,,,642.5,,
M-63-HRL,2006-12-01,152.01,355.429,,,641.3,,
M-63-HRL,2007-01-01,160.526,302.952,,,638.8,,
M-63-HRL,2007-02-01,149.007,282.714,,,635.8,,
M-63-HRL,2007-03-01,151.455,327.667,,,635.8,,793.0
M-63-HRL,2007-04-01,156.314,289.905,,,636.1,,
M-63-HRL,2007-05-01,163.071,314.262,,,644.7,,
M-63-HRL,2007-06-01,130.269,283.357,,,633.2,,
M-63-HRL,2007-07-01,124.505,386.095,,,628.4,,
M-63-HRL,2007-08-01,134.032,414.119,,,630.9,,
M-63-HRL,2007-09-01,127.977,384.286,,,627.9,,
M-63-HRL,2007-10-01,143.27,451.857,,,643.8,,
M-63-HRL,2007-11-01,138.155,427.69,,,620.7,,
M-63-HRL,2007-12-01,147.265,428.619,,,620.7,,
M-63-HRL,2008-01-01,154.37,433.571,,,620.6,,
M-63-HRL,2008-02-01,147.957,393.905,,,617.5,,
M-63-HRL,2008-03-01,149.285,390.381,,,620.9,,
M-63-HRL,2008-04-01,149.849,456.976,,,619.0,,
M-63-HRL,2008-05-01,156.516,622.714,,,617.1,,
M-63-HRL,2008-06-01,162.087,564.095,,,614.0,,780.0
M-63-HRL,2008-07-01,169.41,717.071,,,613.4,,
M-63-HRL,2008-08-01,165.274,619.69,,,614.4,,
M-63-HRL,2008-09-01,174.211,594.0,,,612.2,,
M-63-HRL,2008-10-01,146.778,499.0,,,607.2,,
M-63-HRL,2008-11-01,108.858,353.167,,,624.5,,
M-63-HRL,2008-12-01,130.951,318.976,,,625.9,,
M-63-HRL,2009-01-01,133.297,209.571,,,620.2,,
M-63-HRL,2009-02-01,136.251,254.833,,,621.1,,
M-63-HRL,2009-03-01,141.645,276.024,,,619.6,,
M-63-HRL,2009-04-01,105.531,111.5,,,630.6,,770.0
M-63-HRL,2009-05-01,142.231,196.929,,,624.8,,
M-63-HRL,2009-06-01,136.572,209.238,,,614.8,,
M-63-HRL,2009-07-01,143.457,234.405,,,618.7,,
M-63-HRL,2009-08-01,130.368,196.095,,,615.5,,
M-63-HRL,2009-09-01,138.529,215.024,,,621.1,,
M-63-HRL,2009-10-01,131.853,167.429,,,619.2,,
M-63-HRL,2009-11-01,142.5,233.381,,,609.6,,
M-63-HRL,2009-12-01,152.614,232.524,,,606.1,,
M-63-HRL,2010-01-01,155.097,239.905,,,599.3,,752.0
M-63-HRL,2010-02-01,138.232,213.071,,,603.0,,
M-63-HRL,2010-03-01,145.988,229.857,,,595.8,,
M-63-HRL,2010-04-01,146.061,341.143,,,597.2,,
M-63-HRL,2010-05-01,146.45,333.048,,,595.8,,
M-63-HRL,2010-06-01,157.093,372.929,,,598.4,,
M-63-HRL,2010-07-01,159.03,563.69,,,588.6,,
M-63-HRL,2010-08-01,154.81,568.452,,,599.1,,
M-63-HRL,2010-09-01,154.659,652.952,,,584.0,,
M-63-HRL,2010-10-01,160.488,692.262,,,581.4,,
M-63-HRL,2010-11-01,154.969,677.833,,,598.5,,
M-63-HRL,2010-12-01,160.79,601.905,,,579.2,,
M-63-HRL,2011-01-01,148.361,496.976,,,586.4,,
M-63-HRL,2011-02-01,131.01,393.929,,,586.6,,
M-63-HRL,2011-03-01,139.924,413.0,,,588.2,,
M-63-HRL,2011-04-01,125.989,505.619,,,588.5,,
M-63-HRL,2011-05-01,123.293,509.381,,,594.5,,
M-63-HRL,2011-06-01,124.74,481.286,,,597.4,,
M-63-HRL,2011-07-01,134.603,481.571,,,595.0,,
M-63-HRL,2011-08-01,133.911,479.143,,,587.2,,
M-63-HRL,2011-09-01,128.671,381.048,,,586.6,,
M-63-HRL,2011-10-01,130.049,373.405,,,590.4,,
M-63-HRL,2011-11-01,122.897,498.524,,,590.1,,
M-63-HRL,2011-12-01,116.405,395.857,,,580.2,,
M-63-HRL,2012-01-01,115.329,411.738,,,585.5,,711.0
M-63-HRL,2012-02-01,110.37,340.452,,,588.1,,
M-63-HRL,2012-03-01,115.464,238.5,,,581.6,,
M-63-HRL,2012-04-01,119.069,250.238,,,577.3,,
M-63-HRL,2012-05-01,125.728,269.143,,,564.4,,
M-63-HRL,2012-06-01,177.697,582.071,,,537.3,,
M-63-HRL,2012-07-01,177.725,617.31,,,541.7,,
M-63-HRL,2012-08-01,170.1,546.786,,,535.2,,
M-63-HRL,2012-09-01,157.734,538.857,,,548.4,,
M-63-HRL,2012-10-01,169.378,624.071,,,533.8,,
M-63-HRL,2012-11-01,162.194,642.048,,,539.1,,
M-63-HRL,2012-12-01,159.03,559.5,,,531.0,,
M-63-HRL,2013-01-01,175.766,665.405,,,532.4,,
M-63-HRL,2013-02-01,155.9,647.048,,,532.4,,
M-63-HRL,2013-03-01,167.623,715.238,,,529.6,,
M-63-HRL,2013-04-01,154.591,396.262,,,542.8,,
M-63-HRL,2013-05-01,173.71,445.31,,,520.5,,
M-63-HRL,2013-06-01,160.261,410.833,,,532.5,,
M-63-HRL,2013-07-01,171.674,440.095,,,529.6,,
M-63-HRL,2013-08-01,196.828,465.024,,,505.1,,
M-63-HRL,2013-09-01,187.139,441.095,,,505.5,,
M-63-HRL,2013-10-01,191.055,450.548,,,499.2,,
M-63-HRL,2013-11-01,183.351,433.143,,,501.3,,
M-63-HRL,2013-12-01,188.593,445.548,,,498.5,,
M-63-HRL,2014-01-01,185.227,437.667,,,498.3,,
M-63-HRL,2014-02-01,165.834,391.786,,,498.7,,
M-63-HRL,2014-03-01,177.604,419.476,,,492.5,,
M-63-HRL,2014-04-01,155.694,367.69,,,522.2,,
M-63-HRL,2014-05-01,179.368,423.738,,,506.5,,
M-63-HRL,2014-06-01,178.453,421.571,,,490.3,,
M-63-HRL,2014-07-01,152.013,359.119,,,486.5,,
M-63-HRL,2014-08-01,192.338,454.333,,,485.5,,
M-63-HRL,2014-09-01,170.075,401.762,,,496.7,,678.0
M-63-HRL,2014-10-01,185.2,437.5,,,485.9,,
M-63-HRL,2014-11-01,178.967,422.786,,,483.9,,
M-63-HRL,2014-12-01,182.691,431.571,,,483.1,,
M-63-HRL,2015-01-01,182.321,430.667,,,484.8,,
M-63-HRL,2015-02-01,164.221,387.929,,,487.3,,
M-63-HRL,2015-03-01,186.251,439.976,,,479.4,,
M-63-HRL,2015-04-01,173.353,420.476,,,493.0,,
M-63-HRL,2015-05-01,167.237,613.476,,,504.7,,
M-63-HRL,2015-06-01,183.954,674.905,,,466.5,,
M-63-HRL,2015-07-01,184.523,677.0,,,470.9,,
M-63-HRL,2015-08-01,173.774,641.071,28.0,64.0,467.0,444.6,652.0
M-63-HRL,2015-09-01,182.327,678.286,30.0,64.0,475.6,455.9,
M-63-HRL,2015-10-01,180.524,671.333,31.0,64.0,484.2,470.4,
M-63-HRL,2015-11-01,164.702,612.643,30.0,64.0,485.7,469.1,
M-63-HRL,2015-12-01,194.52,725.69,31.0,64.0,457.0,429.8,
M-63-HRL,2016-01-01,194.935,727.405,31.0,64.0,448.9,431.8,
M-63-HRL,2016-02-01,171.565,625.571,29.0,64.0,462.2,441.9,
M-63-HRL,2016-03-01,170.495,621.714,31.0,64.0,475.4,457.7,
M-63-HRL,2016-04-01,162.029,591.095,30.0,64.0,470.9,453.5,
M-63-HRL,2016-05-01,166.444,675.19,31.0,64.0,457.4,436.0,
M-63-HRL,2016-06-01,173.723,704.714,30.0,64.0,454.1,429.7,
M-63-HRL,2016-07-01,192.998,783.048,31.0,64.0,421.0,387.2,
M-63-HRL,2016-08-01,195.887,794.786,31.0,64.0,448.7,425.0,
M-63-HRL,2016-09-01,204.04,976.429,30.0,64.0,454.1,425.9,
M-63-HRL,2016-10-01,194.476,930.405,31.0,64.0,453.3,433.3,
M-63-HRL,2016-11-01,193.345,925.095,30.0,64.0,440.4,415.8,
M-63-HRL,2016-12-01,187.285,1031.095,31.0,64.0,437.5,409.3,
M-63-HRL,2017-01-01,184.058,1013.452,31.0,64.0,449.3,427.4,
M-63-HRL,2017-02-01,164.054,903.31,28.0,64.0,436.2,408.3,
M-63-HRL,2017-03-01,178.653,983.476,31.0,64.0,433.5,406.5,
M-63-HRL,2017-04-01,150.962,796.762,30.0,64.0,439.5,413.7,
M-63-HRL,2017-05-01,176.762,933.048,31.0,64.0,438.0,416.9,
M-63-HRL,2017-06-01,178.505,1043.643,30.0,64.0,429.2,399.0,
M-63-HRL,2017-07-01,182.749,1068.238,31.0,64.0,421.0,387.2,
M-63-HRL,2017-08-01,187.919,1562.31,31.0,64.0,420.6,393.0,
M-63-HRL,2017-09-01,155.898,1234.31,26.0,64.0,423.0,403.2,631.0
M-63-HRL,2017-10-01,169.482,1729.191,31.0,64.0,437.5,418.8,
M-63-HRL,2017-11-01,176.752,1803.048,30.0,64.0,407.3,385.5,
M-63-HRL,2017-12-01,193.648,1975.571,31.0,64.0,402.3,376.6,
M-63-HRL,2018-01-01,175.656,1792.048,31.0,64.0,458.5,350.7,
M-63-HRL,2018-02-01,128.074,1306.643,28.0,64.0,457.4,346.5,
M-63-HRL,2018-03-01,138.514,1146.738,31.0,64.0,452.5,342.5,
M-63-HRL,2018-04-01,137.059,1134.69,30.0,64.0,460.9,355.6,
M-63-HRL,2018-05-01,140.442,1162.857,31.0,64.0,450.2,327.3,
M-63-HRL,2018-06-01,135.207,1119.452,30.0,64.0,459.2,341.5,
M-63-HRL,2018-07-01,139.691,1156.571,31.0,32.0,455.1,384.1,
M-63-HRL,2018-08-01,137.983,1142.381,31.0,64.0,445.4,322.0,
M-63-HRL,2018-09-01,133.714,1107.048,30.0,64.0,443.4,319.7,
M-63-HRL,2018-10-01,137.04,1134.571,31.0,64.0,449.1,335.1,
M-63-HRL,2018-11-01,134.0,1109.071,30.0,64.0,447.0,344.0,
M-63-HRL,2018-12-01,136.674,1131.524,31.0,64.0,440.5,321.2,
M-63-HRL,2019-01-01,134.286,1111.786,31.0,32.0,426.8,320.9,
M-63-HRL,2019-02-01,122.169,1011.667,28.0,32.0,452.1,389.5,
M-63-HRL,2019-03-01,134.332,1112.286,31.0,64.0,338.9,334.1,
M-63-HRL,2019-04-01,132.46,1096.81,30.0,32.0,413.9,349.5,
M-63-HRL,2019-05-01,138.356,1145.667,31.0,64.0,,,
M-63-HRL,2019-06-01,122.049,1010.548,27.0,64.0,437.0,347.2,
M-63-HRL,2019-07-01,136.855,1132.929,31.0,64.0,437.4,350.6,
M-63-HRL,2019-08-01,136.238,1127.881,31.0,64.0,432.5,331.2,
M-63-HRL,2019-09-01,130.552,1080.857,30.0,64.0,435.0,360.5,
M-63-HRL,2019-10-01,134.845,1116.357,31.0,64.0,415.0,346.0,
M-63-HRL,2019-11-01,120.839,1000.595,30.0,64.0,337.0,333.1,
M-63-HRL,2019-12-01,124.154,1027.833,31.0,64.0,368.8,366.2,
M-63-HRL,2020-01-01,128.911,1067.238,31.0,64.0,421.7,325.8,
M-63-HRL,2020-02-01,118.719,983.071,29.0,64.0,422.8,349.1,
M-63-HRL,2020-03-01,128.083,1060.452,31.0,64.0,422.8,349.1,
M-63-HRL,2020-04-01,124.271,1028.881,30.0,64.0,,,
M-63-HRL,2020-05-01,129.015,1068.214,31.0,64.0,,,
M-63-HRL,2020-06-01,124.954,1034.381,30.0,64.0,,,
M-63-HRL,2020-07-01,132.431,1096.405,31.0,64.0,419.0,325.8,
M-63-HRL,2020-08-01,131.46,1088.357,31.0,64.0,419.0,343.7,
M-63-HRL,2020-09-01,125.946,1042.881,30.0,64.0,340.8,323.6,
M-63-HRL,2020-10-01,145.413,1204.024,27.0,64.0,370.3,346.0,566.0
M-63-HRL,2020-11-01,153.728,1272.714,30.0,64.0,392.9,370.6,
M-63-HRL,2020-12-01,177.997,1473.881,31.0,32.0,353.9,319.6,
M-63-HRL,2021-01-01,178.817,1480.5,31.0,32.0,342.7,302.1,
M-63-HRL,2021-02-01,150.817,1248.405,28.0,32.0,362.6,344.4,
M-63-HRL,2021-03-01,159.55,1320.976,31.0,32.0,360.7,336.9,
M-63-HRL,2021-04-01,165.128,1367.191,30.0,32.0,334.6,298.2,
M-63-HRL,2021-05-01,183.599,1520.024,31.0,32.0,334.4,310.3,
M-63-HRL,2021-06-01,178.105,1474.5,30.0,32.0,326.7,304.3,
M-63-HRL,2021-07-01,185.143,2088.5,31.0,64.0,328.9,306.7,
M-63-HRL,2021-08-01,189.462,2137.191,31.0,32.0,313.0,289.4,
M-63-HRL,2021-09-01,177.953,2007.595,30.0,32.0,328.2,303.5,
M-63-HRL,2021-10-01,190.236,2146.024,31.0,32.0,306.2,289.5,
M-63-HRL,2021-11-01,104.137,1174.976,17.0,32.0,304.0,274.5,
M-63-HRL,2021-12-01,181.905,2051.548,30.0,32.0,323.9,302.0,
M-63-HRL,2022-01-01,177.699,2004.167,31.0,64.0,320.2,301.8,
M-63-HRL,2022-02-01,158.009,1782.667,28.0,64.0,310.0,288.8,
M-63-HRL,2022-03-01,178.247,2010.476,31.0,32.0,308.5,287.0,
M-63-HRL,2022-04-01,176.925,1995.619,30.0,64.0,308.1,286.9,
M-63-HRL,2022-05-01,173.436,1955.905,31.0,48.0,316.8,279.4,
M-63-HRL,2022-06-01,162.003,1827.238,30.0,48.0,322.0,288.9,
M-63-HRL,2022-07-01,163.275,1841.81,31.0,48.0,322.0,288.9,
M-63-HRL,2022-08-01,168.711,1902.952,31.0,48.0,325.0,304.2,
M-63-HRL,2022-09-01,156.791,1768.5,30.0,48.0,324.1,293.6,
M-63-HRL,2022-10-01,133.545,1506.595,31.0,48.0,348.4,286.1,
M-63-HRL,2022-11-01,128.285,1447.238,30.0,48.0,350.1,271.1,
M-63-HRL,2022-12-01,134.02,1511.667,31.0,48.0,347.7,288.1,
M-63-HRL,2023-01-01,132.371,1492.905,31.0,48.0,349.9,287.2,
M-63-HRL,2023-02-01,123.033,1387.929,28.0,48.0,342.1,256.9,
M-63-HRL,2023-03-01,112.008,1263.548,26.0,48.0,346.6,271.0,
M-63-HRL,2023-04-01,,,,,340.0,246.5,
M-63-HRL,2023-05-01,131.938,1488.071,31.0,48.0,344.5,265.2,
M-63-HRL,2023-06-01,123.987,1398.405,29.0,48.0,340.4,233.5,
M-63-HRL,2023-07-01,123.828,1396.667,31.0,48.0,336.0,236.4,
M-63-HRL,2023-08-01,111.335,1255.786,31.0,48.0,355.2,307.4,
M-63-HRL,2023-09-01,107.111,1201.381,30.0,48.0,351.0,291.0,
M-63-HRL,2023-10-01,114.35,1289.452,30.0,48.0,342.5,292.7,
M-63-HRL,2023-11-01,113.113,1288.619,30.0,48.0,343.7,304.9,
M-63-HRL,2023-12-01,114.232,1285.929,31.0,48.0,338.7,300.7,
M-63-HRL,2024-01-01,111.51,1255.286,31.0,64.0,345.5,312.8,
M-63-HRL,2024-02-01,107.198,1206.738,25.0,64.0,319.4,250.0,
M-63-HRL,2024-03-01,131.032,1475.048,31.0,64.0,317.3,258.8,
M-63-HRL,2024-04-01,125.585,1413.738,30.0,64.0,319.4,248.3,
M-63-HRL,2024-05-01,78.021,878.286,21.0,64.0,327.0,277.7,
M-63-HRL,2024-06-01,74.887,843.024,15.0,64.0,320.7,303.6,
M-63-HRL,2024-07-01,151.41,1704.452,31.0,64.0,288.9,263.5,
M-63-HRL,2024-08-01,146.766,2594.619,31.0,64.0,296.8,272.4,
M-63-HRL,2024-09-01,136.775,2417.976,30.0,64.0,306.4,286.9,
M-63-HRL,2024-10-01,142.072,2511.619,31.0,64.0,316.9,294.6,
M-63-HRL,2024-11-01,142.691,2522.571,30.0,64.0,299.8,277.6,
M-63-HRL,2024-12-01,148.703,2628.857,31.0,64.0,289.5,263.4,
M-63-HRL,2025-01-01,140.814,2489.381,31.0,64.0,294.7,277.0,
M-63-HRL,2025-02-01,104.288,1843.667,22.0,64.0,276.6,247.8,
M-63-HRL,2025-03-01,106.016,1874.214,26.0,64.0,291.1,275.0,
M-63-HRL,2025-04-01,125.142,2212.333,30.0,64.0,285.0,260.0,
M-63-HRL,2025-05-01,139.223,2461.262,31.0,64.0,275.7,250.0,
M-63-HRL,2025-06-01,128.887,2278.548,30.0,64.0,276.8,257.0,
M-65-HRL,1996-08-01,98.22,0.0,,,800.8,,
M-65-HRL,1996-09-01,183.009,0.0,,,795.0,,954.0
M-65-HRL,1996-10-01,294.697,0.0,,,778.2,,
M-65-HRL,1996-11-01,336.851,0.0,,,779.8,,
M-65-HRL,1996-12-01,342.94,0.0,,,800.0,,
M-65-HRL,1997-01-01,312.301,0.0,,,,,925.0
M-65-HRL,1997-02-01,277.353,0.0,,,,,
M-65-HRL,1997-03-01,329.142,33.214,,,,,
M-65-HRL,1997-04-01,199.989,21.024,,,,,
M-65-HRL,1997-05-01,250.68,19.262,,,,,
M-65-HRL,1997-06-01,178.399,15.095,,,,,
M-65-HRL,1997-07-01,310.396,17.0,,,,,
M-65-HRL,1997-08-01,326.228,15.619,,,,,
M-65-HRL,1997-09-01,268.556,12.881,,,,,
M-65-HRL,1997-10-01,206.451,7.905,,,,,
M-65-HRL,1997-11-01,291.64,16.524,,,,,
M-65-HRL,1997-12-01,282.157,26.143,,,,,
M-65-HRL,1998-01-01,273.038,25.048,,,,,
M-65-HRL,1998-02-01,276.946,24.786,,,,,
M-65-HRL,1998-03-01,311.114,20.667,,,,,
M-65-HRL,1998-04-01,309.83,25.333,,,,,
M-65-HRL,1998-05-01,218.944,12.667,,,,,
M-65-HRL,1998-06-01,207.824,12.929,,,,,
M-65-HRL,1998-07-01,328.549,17.881,,,750.8,,
M-65-HRL,1998-08-01,312.237,17.286,,,,,
M-65-HRL,1998-09-01,315.771,13.905,,,,,
M-65-HRL,1998-10-01,305.847,11.929,,,,,
M-65-HRL,1998-11-01,287.986,16.024,,,,,
M-65-HRL,1998-12-01,298.215,8.976,,,,,
M-65-HRL,1999-01-01,303.111,15.857,,,,,
M-65-HRL,1999-02-01,273.834,14.357,,,745.2,,
M-65-HRL,1999-03-01,314.087,38.048,,,,,
M-65-HRL,1999-04-01,265.2,22.333,,,,,
M-65-HRL,1999-05-01,307.594,39.81,,,,,
M-65-HRL,1999-06-01,281.047,55.571,,,,,
M-65-HRL,1999-07-01,267.87,51.595,,,749.0,,
M-65-HRL,1999-08-01,261.349,49.738,,,748.2,,
M-65-HRL,1999-09-01,285.568,16.69,,,,,
M-65-HRL,1999-10-01,338.348,59.0,,,725.8,,
M-65-HRL,1999-11-01,296.2,40.238,,,,,
M-65-HRL,1999-12-01,322.344,43.833,,,,,
M-65-HRL,2000-01-01,251.114,6.071,,,,,
M-65-HRL,2000-02-01,296.38,9.071,,,,,
M-65-HRL,2000-03-01,296.852,8.929,,,,,877.0
M-65-HRL,2000-04-01,213.654,1.571,,,,,
M-65-HRL,2000-05-01,250.201,14.238,,,741.8,,
M-65-HRL,2000-06-01,252.93,13.262,,,737.5,,
M-65-HRL,2000-07-01,167.256,8.095,,,,,
M-65-HRL,2000-08-01,143.669,7.905,,,771.8,,
M-65-HRL,2000-09-01,144.719,5.0,,,,,
M-65-HRL,2000-10-01,189.239,14.929,,,,,
M-65-HRL,2000-11-01,251.772,25.929,,,733.5,,
M-65-HRL,2000-12-01,285.298,29.381,,,,,
M-65-HRL,2001-01-01,292.913,30.095,,,730.2,,
M-65-HRL,2001-02-01,248.354,25.452,,,729.2,,
M-65-HRL,2001-03-01,238.057,24.476,,,729.5,,863.0
M-65-HRL,2001-04-01,251.738,26.0,,,,,
M-65-HRL,2001-05-01,298.822,3.69,,,707.2,,
M-65-HRL,2001-06-01,304.999,1.881,,,710.5,,
M-65-HRL,2001-07-01,285.19,5.857,,,710.3,,
M-65-HRL,2001-08-01,270.663,5.595,,,710.8,,
M-65-HRL,2001-09-01,292.769,16.976,,,721.5,,
M-65-HRL,2001-10-01,280.005,16.214,,,703.9,,
M-65-HRL,2001-11-01,278.894,8.524,,,704.4,,
M-65-HRL,2001-12-01,289.623,8.81,,,698.4,,
M-65-HRL,2002-01-01,289.244,4.452,,,,,
M-65-HRL,2002-02-01,262.08,6.81,,,698.5,,
M-65-HRL,2002-03-01,271.878,7.095,,,691.1,,845.0
M-65-HRL,2002-04-01,266.98,18.333,,,686.5,,
M-65-HRL,2002-05-01,281.237,27.0,,,695.4,,
M-65-HRL,2002-06-01,268.562,12.048,,,693.4,,
M-65-HRL,2002-07-01,263.771,12.881,,,,,
M-65-HRL,2002-08-01,263.633,7.143,,,696.7,,
M-65-HRL,2002-09-01,264.821,49.524,,,,,
M-65-HRL,2002-10-01,282.943,52.857,,,683.2,,
M-65-HRL,2002-11-01,280.831,52.452,,,684.1,,
M-65-HRL,2002-12-01,321.318,38.619,,,666.1,,
M-65-HRL,2003-01-01,322.846,165.286,,,665.7,,
M-65-HRL,2003-02-01,285.399,121.238,,,661.5,,
M-65-HRL,2003-03-01,305.681,79.905,,,654.3,,836.0
M-65-HRL,2003-04-01,318.848,106.929,,,654.3,,
M-65-HRL,2003-05-01,300.107,126.238,,,657.7,,
M-65-HRL,2003-06-01,297.446,53.905,,,656.9,,
M-65-HRL,2003-07-01,303.922,129.833,,,,,
M-65-HRL,2003-08-01,281.537,82.548,,,664.2,,
M-65-HRL,2003-09-01,260.431,86.429,,,,,
M-65-HRL,2003-10-01,268.939,30.548,,,,,
M-65-HRL,2003-11-01,269.22,35.429,,,,,
M-65-HRL,2003-12-01,290.276,166.214,,,,,
M-65-HRL,2004-01-01,249.331,118.881,,,669.0,,
M-65-HRL,2004-02-01,224.605,114.119,,,666.5,,
M-65-HRL,2004-03-01,227.795,31.167,,,682.2,,
M-65-HRL,2004-04-01,223.224,30.548,,,683.9,,
M-65-HRL,2004-05-01,234.678,34.548,,,668.8,,
M-65-HRL,2004-06-01,228.297,39.024,,,680.4,,
M-65-HRL,2004-07-01,223.208,34.286,,,669.2,,
M-65-HRL,2004-08-01,231.636,35.905,,,672.0,,
M-65-HRL,2004-09-01,223.281,48.548,,,682.5,,
M-65-HRL,2004-10-01,228.48,45.381,,,668.0,,
M-65-HRL,2004-11-01,220.723,45.595,,,668.8,,
M-65-HRL,2004-12-01,228.31,40.429,,,663.7,,
M-65-HRL,2005-01-01,222.75,45.071,,,673.6,,
M-65-HRL,2005-02-01,201.223,39.31,,,667.2,,
M-65-HRL,2005-03-01,212.675,43.929,,,665.0,,
M-65-HRL,2005-04-01,199.131,10.333,,,671.2,,
M-65-HRL,2005-05-01,220.766,23.143,,,672.4,,
M-65-HRL,2005-06-01,219.711,23.071,,,660.5,,
M-65-HRL,2005-07-01,237.24,24.929,,,657.0,,
M-65-HRL,2005-08-01,237.286,26.905,,,653.6,,786.0
M-65-HRL,2005-09-01,227.08,68.929,,,658.4,,
M-65-HRL,2005-10-01,243.558,70.571,,,651.3,,
M-65-HRL,2005-11-01,234.403,63.976,,,654.8,,
M-65-HRL,2005-12-01,242.771,71.905,,,650.2,,
M-65-HRL,2006-01-01,235.501,79.238,,,656.1,,769.0
M-65-HRL,2006-02-01,216.783,73.5,,,648.3,,
M-65-HRL,2006-03-01,215.788,59.786,,,646.4,,
M-65-HRL,2006-04-01,215.772,27.262,,,645.4,,
M-65-HRL,2006-05-01,231.998,35.571,,,647.7,,
M-65-HRL,2006-06-01,226.386,63.024,,,652.5,,
M-65-HRL,2006-07-01,221.224,72.31,,,646.0,,
M-65-HRL,2006-08-01,224.282,128.476,,,643.5,,
M-65-HRL,2006-09-01,204.172,59.238,,,646.7,,
M-65-HRL,2006-10-01,221.542,70.667,,,647.2,,
M-65-HRL,2006-11-01,213.432,72.119,,,639.8,,
M-65-HRL,2006-12-01,226.538,62.833,,,639.8,,
M-65-HRL,2007-01-01,227.399,72.286,,,636.9,,
M-65-HRL,2007-02-01,209.057,67.0,,,632.2,,
M-65-HRL,2007-03-01,224.012,71.952,,,633.0,,
M-65-HRL,2007-04-01,214.019,65.381,,,637.1,,
M-65-HRL,2007-05-01,230.961,76.81,,,628.5,,
M-65-HRL,2007-06-01,202.744,42.667,,,632.8,,
M-65-HRL,2007-07-01,240.176,41.333,,,626.8,,
M-65-HRL,2007-08-01,181.116,38.81,,,624.1,,761.0
M-65-HRL,2007-09-01,199.344,25.69,,,630.5,,
M-65-HRL,2007-10-01,219.373,39.595,,,625.5,,
M-65-HRL,2007-11-01,208.259,45.19,,,639.9,,
M-65-HRL,2007-12-01,222.931,60.571,,,619.6,,
M-65-HRL,2008-01-01,226.518,56.238,,,616.6,,
M-65-HRL,2008-02-01,220.307,62.31,,,616.3,,
M-65-HRL,2008-03-01,220.672,59.643,,,631.2,,
M-65-HRL,2008-04-01,222.977,82.143,,,613.3,,
M-65-HRL,2008-05-01,217.423,71.786,,,615.1,,
M-65-HRL,2008-06-01,226.454,49.19,,,609.9,,
M-65-HRL,2008-07-01,227.95,52.024,,,611.9,,
M-65-HRL,2008-08-01,229.683,68.81,,,605.4,,
M-65-HRL,2008-09-01,193.841,52.619,,,610.6,,745.0
M-65-HRL,2008-10-01,227.62,65.857,,,599.6,,
M-65-HRL,2008-11-01,202.5,60.81,,,618.0,,
M-65-HRL,2008-12-01,226.497,104.048,,,602.3,,
M-65-HRL,2009-01-01,228.979,110.048,,,610.3,,
M-65-HRL,2009-02-01,210.677,103.595,,,592.8,,
M-65-HRL,2009-03-01,231.913,114.286,,,597.2,,
M-65-HRL,2009-04-01,206.834,76.595,,,507.3,,
M-65-HRL,2009-05-01,231.164,94.667,,,596.1,,
M-65-HRL,2009-06-01,187.766,83.929,,,603.6,,
M-65-HRL,2009-07-01,233.715,96.429,,,596.1,,
M-65-HRL,2009-08-01,237.272,98.738,,,586.6,,
M-65-HRL,2009-09-01,225.257,99.976,,,593.4,,
M-65-HRL,2009-10-01,210.292,89.857,,,585.3,,
M-65-HRL,2009-11-01,227.398,150.595,,,583.2,,
M-65-HRL,2009-12-01,230.72,117.5,,,575.6,,730.0
M-65-HRL,2010-01-01,277.492,14.119,,,571.3,,715.0
M-65-HRL,2010-02-01,224.061,71.69,,,573.1,,
M-65-HRL,2010-03-01,236.827,75.762,,,575.5,,
M-65-HRL,2010-04-01,237.969,54.024,,,569.3,,
M-65-HRL,2010-05-01,256.97,39.262,,,562.3,,
M-65-HRL,2010-06-01,245.811,54.69,,,559.0,,
M-65-HRL,2010-07-01,253.563,62.429,,,559.3,,
M-65-HRL,2010-08-01,244.435,40.381,,,556.6,,
M-65-HRL,2010-09-01,245.901,51.595,,,555.7,,
M-65-HRL,2010-10-01,253.523,112.452,,,554.4,,
M-65-HRL,2010-11-01,251.847,110.857,,,563.8,,
M-65-HRL,2010-12-01,264.243,116.333,,,553.1,,
M-65-HRL,2011-01-01,253.529,114.571,,,546.2,,
M-65-HRL,2011-02-01,227.268,71.357,,,584.2,,
M-65-HRL,2011-03-01,232.339,40.833,,,556.5,,
M-65-HRL,2011-04-01,231.946,68.0,,,556.7,,
M-65-HRL,2011-05-01,195.106,57.19,,,542.5,,
M-65-HRL,2011-06-01,192.179,50.929,,,538.9,,
M-65-HRL,2011-07-01,247.438,23.976,,,525.0,,
M-65-HRL,2011-08-01,230.115,55.0,,,538.7,,
M-65-HRL,2011-09-01,215.512,49.905,,,537.3,,
M-65-HRL,2011-10-01,231.002,53.5,,,534.2,,
M-65-HRL,2011-11-01,218.858,70.643,,,532.7,,
M-65-HRL,2011-12-01,219.652,70.905,,,528.4,,
M-65-HRL,2012-01-01,218.742,83.714,,,528.7,,
M-65-HRL,2012-02-01,218.55,80.929,,,525.2,,
M-65-HRL,2012-03-01,205.82,82.881,,,544.5,,
M-65-HRL,2012-04-01,214.634,86.452,,,518.8,,
M-65-HRL,2012-05-01,223.554,194.5,,,516.1,,
M-65-HRL,2012-06-01,220.701,306.881,,,518.3,,
M-65-HRL,2012-07-01,209.292,271.524,,,519.5,,
M-65-HRL,2012-08-01,208.178,212.429,,,517.7,,
M-65-HRL,2012-09-01,215.764,220.143,,,531.1,,
M-65-HRL,2012-10-01,212.943,142.738,,,511.9,,
M-65-HRL,2012-11-01,218.216,139.81,,,513.4,,
M-65-HRL,2012-12-01,197.34,130.476,,,520.9,,
M-65-HRL,2013-01-01,206.752,100.452,,,517.8,,
M-65-HRL,2013-02-01,188.658,83.929,,,518.2,,
M-65-HRL,2013-03-01,205.136,111.762,,,536.1,,
M-65-HRL,2013-04-01,193.926,105.643,,,534.2,,
M-65-HRL,2013-05-01,216.399,184.548,,,509.4,,
M-65-HRL,2013-06-01,194.163,165.571,,,509.2,,
M-65-HRL,2013-07-01,211.493,304.548,,,517.6,,
M-65-HRL,2013-08-01,215.362,331.976,,,500.7,,
M-65-HRL,2013-09-01,210.286,176.405,,,496.2,,
M-65-HRL,2013-10-01,213.331,186.833,,,497.2,,
M-65-HRL,2013-11-01,200.782,164.262,,,490.2,,
M-65-HRL,2013-12-01,223.255,142.976,,,498.1,,
M-65-HRL,2014-01-01,225.834,144.667,,,485.1,,
M-65-HRL,2014-02-01,196.598,125.929,,,490.1,,
M-65-HRL,2014-03-01,207.377,132.786,,,488.8,,
M-65-HRL,2014-04-01,188.043,119.048,,,499.0,,
M-65-HRL,2014-05-01,212.026,152.643,,,488.0,,
M-65-HRL,2014-06-01,212.433,158.476,,,498.5,,
M-65-HRL,2014-07-01,231.013,240.714,,,482.4,,
M-65-HRL,2014-08-01,220.037,229.262,,,480.2,,
M-65-HRL,2014-09-01,209.862,247.31,,,476.9,,
M-65-HRL,2014-10-01,217.62,256.476,,,467.5,,647.0
M-65-HRL,2014-11-01,227.151,223.69,,,467.8,,
M-65-HRL,2014-12-01,229.007,235.667,,,471.8,,
M-65-HRL,2015-01-01,242.836,280.262,,,483.3,,
M-65-HRL,2015-02-01,203.633,238.905,,,463.7,,
M-65-HRL,2015-03-01,230.667,270.619,,,459.3,,
M-65-HRL,2015-04-01,215.904,238.786,,,461.0,,
M-65-HRL,2015-05-01,203.914,222.238,,,462.1,,
M-65-HRL,2015-06-01,222.851,277.119,,,454.7,,
M-65-HRL,2015-07-01,225.152,279.952,,,452.0,,
M-65-HRL,2015-08-01,197.628,283.667,27.0,96.0,454.4,447.1,633.0
M-65-HRL,2015-09-01,222.703,289.69,30.0,96.0,461.7,456.1,
M-65-HRL,2015-10-01,218.261,299.857,31.0,96.0,446.5,439.3,
M-65-HRL,2015-11-01,200.315,261.548,30.0,96.0,476.4,473.7,
M-65-HRL,2015-12-01,232.392,304.31,31.0,96.0,441.5,432.4,
M-65-HRL,2016-01-01,240.116,314.5,31.0,96.0,432.5,422.4,
M-65-HRL,2016-02-01,223.893,293.19,29.0,96.0,437.0,428.3,
M-65-HRL,2016-03-01,229.373,300.405,31.0,96.0,422.7,411.9,
M-65-HRL,2016-04-01,228.846,299.833,30.0,96.0,422.1,411.9,
M-65-HRL,2016-05-01,231.142,386.738,31.0,96.0,439.8,430.6,
M-65-HRL,2016-06-01,227.244,380.214,30.0,96.0,417.9,407.0,
M-65-HRL,2016-07-01,241.648,404.405,31.0,96.0,383.5,371.2,
M-65-HRL,2016-08-01,236.023,395.0,31.0,96.0,413.0,402.2,
M-65-HRL,2016-09-01,229.833,384.643,30.0,96.0,408.2,397.5,
M-65-HRL,2016-10-01,221.685,370.905,31.0,96.0,408.4,397.5,
M-65-HRL,2016-11-01,232.175,388.5,30.0,96.0,407.8,397.1,
M-65-HRL,2016-12-01,241.868,494.833,31.0,96.0,398.6,388.0,
M-65-HRL,2017-01-01,243.078,497.381,31.0,96.0,393.7,381.2,
M-65-HRL,2017-02-01,217.688,445.429,28.0,96.0,418.8,409.7,
M-65-HRL,2017-03-01,247.173,505.643,31.0,96.0,393.5,382.9,
M-65-HRL,2017-04-01,212.423,434.619,30.0,96.0,428.1,419.8,
M-65-HRL,2017-05-01,253.116,517.952,31.0,96.0,388.6,376.8,
M-65-HRL,2017-06-01,247.602,540.643,30.0,96.0,385.7,374.4,
M-65-HRL,2017-07-01,249.213,544.048,31.0,96.0,383.5,371.2,
M-65-HRL,2017-08-01,250.361,1123.571,31.0,96.0,377.5,364.7,
M-65-HRL,2017-09-01,218.479,1006.31,27.0,96.0,383.5,371.8,589.0
M-65-HRL,2017-10-01,249.196,1147.81,31.0,96.0,416.2,408.3,
M-65-HRL,2017-11-01,247.706,732.619,30.0,96.0,369.5,355.7,
M-65-HRL,2017-12-01,256.165,877.119,31.0,96.0,366.7,353.4,
M-65-HRL,2018-01-01,260.623,971.833,31.0,96.0,405.2,352.5,
M-65-HRL,2018-02-01,241.873,841.5,28.0,96.0,337.5,319.7,
M-65-HRL,2018-03-01,255.934,1789.095,31.0,96.0,388.8,380.7,
M-65-HRL,2018-04-01,257.921,1803.0,30.0,96.0,348.9,335.0,
M-65-HRL,2018-05-01,263.965,2135.881,31.0,96.0,365.3,353.5,
M-65-HRL,2018-06-01,262.613,2124.833,30.0,96.0,334.5,320.1,
M-65-HRL,2018-07-01,265.809,2150.643,31.0,96.0,372.5,362.5,
M-65-HRL,2018-08-01,280.069,2265.952,31.0,96.0,318.4,300.5,
M-65-HRL,2018-09-01,268.526,2172.571,30.0,96.0,313.5,293.6,
M-65-HRL,2018-10-01,292.05,2362.857,31.0,96.0,313.6,295.5,
M-65-HRL,2018-11-01,272.0,2001.071,30.0,96.0,324.0,309.0,
M-65-HRL,2018-12-01,284.913,2176.214,31.0,96.0,334.2,319.2,
M-65-HRL,2019-01-01,260.727,1949.691,31.0,96.0,305.0,286.4,
M-65-HRL,2019-02-01,211.45,1478.524,25.0,96.0,374.9,366.2,
M-65-HRL,2019-03-01,274.074,1916.214,31.0,96.0,352.0,341.4,
M-65-HRL,2019-04-01,251.494,1758.381,30.0,96.0,351.0,343.4,
M-65-HRL,2019-05-01,257.95,1803.571,31.0,96.0,,,
M-65-HRL,2019-06-01,252.68,1749.143,30.0,96.0,324.9,310.4,
M-65-HRL,2019-07-01,245.189,1713.905,31.0,96.0,363.1,353.2,
M-65-HRL,2019-08-01,250.257,1749.429,31.0,96.0,342.2,331.8,
M-65-HRL,2019-09-01,238.036,1640.238,30.0,96.0,321.9,306.4,
M-65-HRL,2019-10-01,226.665,1591.214,31.0,96.0,357.0,347.4,
M-65-HRL,2019-11-01,184.694,1291.333,30.0,96.0,374.9,367.0,
M-65-HRL,2019-12-01,197.111,1383.333,31.0,96.0,377.5,367.2,
M-65-HRL,2020-01-01,240.455,1776.357,31.0,96.0,326.0,313.7,
M-65-HRL,2020-02-01,208.28,1456.31,29.0,96.0,359.2,351.0,
M-65-HRL,2020-03-01,231.561,1618.857,31.0,96.0,359.2,351.0,
M-65-HRL,2020-04-01,221.42,1547.929,30.0,96.0,,,
M-65-HRL,2020-05-01,214.064,1496.571,31.0,96.0,,,
M-65-HRL,2020-06-01,211.3,1476.976,30.0,96.0,,,
M-65-HRL,2020-07-01,229.315,1603.048,31.0,96.0,318.7,305.5,
M-65-HRL,2020-08-01,231.875,1620.929,31.0,96.0,331.1,323.2,
M-65-HRL,2020-09-01,221.113,1545.976,30.0,96.0,297.5,284.2,
M-65-HRL,2020-10-01,240.325,1680.238,31.0,96.0,330.2,321.5,
M-65-HRL,2020-11-01,213.489,1492.429,30.0,96.0,312.3,301.8,
M-65-HRL,2020-12-01,244.978,1712.833,31.0,96.0,299.0,286.3,
M-65-HRL,2021-01-01,248.075,1734.286,31.0,96.0,316.8,306.0,
M-65-HRL,2021-02-01,185.908,1299.405,28.0,96.0,333.9,326.0,
M-65-HRL,2021-03-01,204.459,1429.381,31.0,96.0,330.1,325.3,
M-65-HRL,2021-04-01,205.391,1435.905,30.0,96.0,314.6,305.2,
M-65-HRL,2021-05-01,207.841,1452.952,31.0,96.0,339.0,307.1,
M-65-HRL,2021-06-01,178.508,1247.857,30.0,96.0,331.1,291.2,
M-65-HRL,2021-07-01,179.413,1254.214,31.0,96.0,325.4,280.3,
M-65-HRL,2021-08-01,184.519,1289.905,31.0,96.0,333.4,288.4,
M-65-HRL,2021-09-01,175.14,1224.476,30.0,96.0,338.4,305.5,
M-65-HRL,2021-10-01,190.331,1330.571,31.0,96.0,326.9,290.7,
M-65-HRL,2021-11-01,183.65,1284.119,30.0,96.0,323.2,291.2,
M-65-HRL,2021-12-01,191.438,1338.0,31.0,96.0,322.2,285.5,
M-65-HRL,2022-01-01,222.824,1557.405,31.0,48.0,333.5,263.2,
M-65-HRL,2022-02-01,201.668,1409.976,28.0,48.0,316.6,279.3,
M-65-HRL,2022-03-01,196.908,1376.357,31.0,96.0,312.6,268.5,
M-65-HRL,2022-04-01,143.901,1005.857,30.0,32.0,352.7,251.0,
M-65-HRL,2022-05-01,142.769,997.762,28.0,32.0,351.7,242.7,
M-65-HRL,2022-06-01,157.161,1098.524,30.0,32.0,344.1,251.8,
M-65-HRL,2022-07-01,150.586,1052.69,31.0,32.0,344.2,283.9,
M-65-HRL,2022-08-01,148.949,1041.143,31.0,32.0,334.6,251.8,
M-65-HRL,2022-09-01,155.272,1173.81,30.0,32.0,332.7,245.2,
M-65-HRL,2022-10-01,92.057,696.048,17.0,32.0,334.3,269.4,
M-65-HRL,2022-11-01,85.04,643.0,15.0,32.0,334.3,269.4,
M-65-HRL,2022-12-01,159.845,1208.381,31.0,32.0,343.2,256.7,
M-65-HRL,2023-01-01,157.733,1192.286,31.0,32.0,326.4,245.1,
M-65-HRL,2023-02-01,134.86,1019.643,28.0,32.0,324.7,236.2,
M-65-HRL,2023-03-01,149.696,1131.81,31.0,32.0,330.0,260.2,
M-65-HRL,2023-04-01,,,,,325.0,240.3,
M-65-HRL,2023-05-01,136.018,1028.167,31.0,32.0,323.8,250.9,
M-65-HRL,2023-06-01,151.598,1145.952,30.0,32.0,323.9,248.2,
M-65-HRL,2023-07-01,149.76,1132.095,31.0,32.0,322.8,257.2,
M-65-HRL,2023-08-01,152.56,1153.286,31.0,32.0,319.6,231.3,
M-65-HRL,2023-09-01,143.114,1075.833,30.0,32.0,317.0,228.8,
M-65-HRL,2023-10-01,95.226,719.69,17.0,32.0,325.7,250.1,
M-65-HRL,2023-11-01,174.495,1332.333,30.0,32.0,319.4,239.9,
M-65-HRL,2023-12-01,173.951,1312.429,31.0,32.0,314.8,230.6,
M-65-HRL,2024-01-01,195.19,1635.881,31.0,128.0,263.3,255.2,
M-65-HRL,2024-02-01,181.221,1518.81,29.0,48.0,281.0,238.9,
M-65-HRL,2024-03-01,195.132,1635.381,31.0,48.0,281.0,243.2,
M-65-HRL,2024-04-01,172.383,1444.738,30.0,48.0,281.4,244.4,
M-65-HRL,2024-05-01,174.584,1463.191,31.0,48.0,295.0,272.8,
M-65-HRL,2024-06-01,155.474,1303.024,30.0,48.0,278.5,242.8,
M-65-HRL,2024-07-01,150.36,1260.167,31.0,48.0,274.0,236.3,
M-65-HRL,2024-08-01,149.581,1253.643,31.0,48.0,277.4,240.9,
M-65-HRL,2024-09-01,171.527,1437.571,30.0,48.0,274.3,231.7,
M-65-HRL,2024-10-01,178.107,1492.714,31.0,48.0,262.8,199.7,
M-65-HRL,2024-11-01,158.086,1324.905,30.0,48.0,267.0,228.8,
M-65-HRL,2024-12-01,191.684,1606.5,31.0,48.0,263.6,215.8,
M-65-HRL,2025-01-01,186.73,1564.976,31.0,48.0,261.2,221.2,
M-65-HRL,2025-02-01,127.82,1071.262,20.0,48.0,391.4,,
M-65-HRL,2025-03-01,208.372,1746.357,31.0,48.0,257.4,199.1,
M-65-HRL,2025-04-01,202.39,1696.214,30.0,48.0,256.7,197.1,
M-65-HRL,2025-05-01,204.87,1717.0,31.0,48.0,254.9,199.3,
M-65-HRL,2025-06-01,200.534,1680.667,30.0,48.0,255.2,206.9,
M-67-HRL,1996-08-01,138.067,0.0,,,777.5,,
M-67-HRL,1996-09-01,132.933,0.0,,,832.7,,992.0
M-67-HRL,1996-10-01,146.225,0.0,,,779.8,,
M-67-HRL,1996-11-01,140.474,0.0,,,781.0,,
M-67-HRL,1996-12-01,139.511,0.0,,,777.0,,
M-67-HRL,1997-01-01,125.807,0.0,,,,,998.0
M-67-HRL,1997-02-01,112.278,0.0,,,,,
M-67-HRL,1997-03-01,123.96,135.048,,,,,
M-67-HRL,1997-04-01,88.1,157.81,,,,,
M-67-HRL,1997-05-01,103.213,108.857,,,,,
M-67-HRL,1997-06-01,5.108,5.429,,,,,
M-67-HRL,1997-07-01,120.331,88.571,,,,,
M-67-HRL,1997-08-01,111.928,173.5,,,,,
M-67-HRL,1997-09-01,105.412,163.81,,,,,
M-67-HRL,1997-10-01,114.288,177.786,,,,,
M-67-HRL,1997-11-01,122.278,171.929,,,,,
M-67-HRL,1997-12-01,69.693,99.071,,,,,
M-67-HRL,1998-01-01,117.913,165.976,,,,,
M-67-HRL,1998-02-01,108.998,199.69,,,,,
M-67-HRL,1998-03-01,105.886,220.071,,,,,
M-67-HRL,1998-04-01,92.426,269.69,,,,,
M-67-HRL,1998-05-01,72.24,159.881,,,,,
M-67-HRL,1998-06-01,50.457,95.524,,,,,
M-67-HRL,1998-07-01,106.843,233.452,,,777.5,,
M-67-HRL,1998-08-01,95.878,225.833,,,,,
M-67-HRL,1998-09-01,99.395,422.833,,,,,
M-67-HRL,1998-10-01,100.169,376.738,,,,,
M-67-HRL,1998-11-01,92.847,349.381,,,,,
M-67-HRL,1998-12-01,85.583,237.262,,,,,
M-67-HRL,1999-01-01,94.039,352.929,,,,,
M-67-HRL,1999-02-01,84.81,319.071,,,772.1,,
M-67-HRL,1999-03-01,95.979,335.381,,,,,
M-67-HRL,1999-04-01,71.895,248.548,,,,,
M-67-HRL,1999-05-01,115.668,353.262,,,,,
M-67-HRL,1999-06-01,128.981,409.857,,,,,
M-67-HRL,1999-07-01,126.369,401.762,,,701.8,,
M-67-HRL,1999-08-01,115.138,414.071,,,710.8,,
M-67-HRL,1999-09-01,115.65,365.357,,,,,
M-67-HRL,1999-10-01,118.359,458.69,,,714.9,,980.0
M-67-HRL,1999-11-01,110.284,116.452,,,,,
M-67-HRL,1999-12-01,119.864,15.214,,,,,
M-67-HRL,2000-01-01,112.673,41.548,,,,,
M-67-HRL,2000-02-01,101.821,37.357,,,,,
M-67-HRL,2000-03-01,107.137,39.19,,,,,
M-67-HRL,2000-04-01,85.684,31.667,,,,,
M-67-HRL,2000-05-01,111.666,1028.024,,,704.4,,
M-67-HRL,2000-06-01,112.065,795.833,,,691.1,,
M-67-HRL,2000-07-01,83.113,715.119,,,,,
M-67-HRL,2000-08-01,122.558,1054.952,,,705.5,,
M-67-HRL,2000-09-01,110.634,265.81,,,,,
M-67-HRL,2000-10-01,105.826,441.071,,,,,
M-67-HRL,2000-11-01,102.104,768.833,,,,,
M-67-HRL,2000-12-01,106.693,911.619,,,,,
M-67-HRL,2001-01-01,104.97,895.024,,,702.4,,
M-67-HRL,2001-02-01,92.665,0.0,,,703.6,,
M-67-HRL,2001-03-01,102.504,875.119,,,707.2,,
M-67-HRL,2001-04-01,91.618,785.452,,,,,
M-67-HRL,2001-05-01,95.681,961.5,,,700.7,,963.0
M-67-HRL,2001-06-01,103.778,977.071,,,701.0,,
M-67-HRL,2001-07-01,101.041,1094.976,,,701.9,,
M-67-HRL,2001-08-01,124.159,1000.476,,,697.5,,
M-67-HRL,2001-09-01,112.117,1071.048,,,699.8,,
M-67-HRL,2001-10-01,121.179,637.595,,,716.7,,
M-67-HRL,2001-11-01,121.139,1017.571,,,701.0,,
M-67-HRL,2001-12-01,124.288,766.833,,,691.3,,
M-67-HRL,2002-01-01,121.074,513.81,,,,,
M-67-HRL,2002-02-01,106.176,839.905,,,694.2,,
M-67-HRL,2002-03-01,114.133,893.619,,,694.5,,
M-67-HRL,2002-04-01,97.287,765.619,,,693.4,,953.0
M-67-HRL,2002-05-01,125.424,839.143,,,688.2,,
M-67-HRL,2002-06-01,124.087,485.595,,,700.6,,
M-67-HRL,2002-07-01,129.282,856.786,,,,,
M-67-HRL,2002-08-01,139.135,829.167,,,663.1,,
M-67-HRL,2002-09-01,121.154,798.476,,,,,
M-67-HRL,2002-10-01,111.072,599.595,,,684.5,,
M-67-HRL,2002-11-01,113.24,542.262,,,688.8,,
M-67-HRL,2002-12-01,115.352,545.429,,,689.0,,
M-67-HRL,2003-01-01,117.002,681.095,,,688.5,,
M-67-HRL,2003-02-01,105.201,532.0,,,684.1,,
M-67-HRL,2003-03-01,111.275,1065.31,,,683.3,,
M-67-HRL,2003-04-01,96.633,898.738,,,683.3,,939.0
M-67-HRL,2003-05-01,112.05,414.595,,,662.2,,
M-67-HRL,2003-06-01,111.659,688.214,,,681.1,,
M-67-HRL,2003-07-01,113.472,699.857,,,,,
M-67-HRL,2003-08-01,93.198,573.976,,,,,
M-67-HRL,2003-09-01,113.875,701.381,,,,,
M-67-HRL,2003-10-01,99.296,347.833,,,,,
M-67-HRL,2003-11-01,98.068,377.119,,,,,
M-67-HRL,2003-12-01,61.714,237.286,,,,,
M-67-HRL,2004-01-01,55.118,297.095,,,651.2,,
M-67-HRL,2004-02-01,99.195,659.143,,,683.3,,
M-67-HRL,2004-03-01,102.31,578.929,,,663.2,,
M-67-HRL,2004-04-01,97.097,549.524,,,671.0,,
M-67-HRL,2004-05-01,106.719,614.595,,,664.2,,
M-67-HRL,2004-06-01,107.267,594.643,,,677.8,,
M-67-HRL,2004-07-01,109.385,598.31,,,661.8,,
M-67-HRL,2004-08-01,107.23,538.167,,,666.6,,
M-67-HRL,2004-09-01,97.263,624.69,,,669.8,,
M-67-HRL,2004-10-01,71.225,428.024,,,663.4,,
M-67-HRL,2004-11-01,101.866,604.31,,,667.3,,
M-67-HRL,2004-12-01,97.815,274.048,,,661.1,,
M-67-HRL,2005-01-01,90.697,264.69,,,665.2,,
M-67-HRL,2005-02-01,87.681,260.976,,,665.2,,
M-67-HRL,2005-03-01,39.171,117.405,,,659.5,,
M-67-HRL,2005-04-01,39.886,124.405,,,676.0,,
M-67-HRL,2005-05-01,88.879,699.667,,,670.8,,
M-67-HRL,2005-06-01,55.654,264.595,,,672.2,,
M-67-HRL,2005-07-01,105.934,629.571,,,660.5,,
M-67-HRL,2005-08-01,92.839,537.667,,,660.8,,
M-67-HRL,2005-09-01,81.859,465.619,,,666.5,,
M-67-HRL,2005-10-01,98.535,558.071,,,653.8,,
M-67-HRL,2005-11-01,91.331,517.929,,,654.7,,
M-67-HRL,2005-12-01,96.999,568.31,,,653.2,,906.0
M-67-HRL,2006-01-01,58.569,339.952,,,646.2,,881.0
M-67-HRL,2006-02-01,90.651,541.738,,,652.5,,
M-67-HRL,2006-03-01,76.446,547.952,,,652.6,,
M-67-HRL,2006-04-01,67.991,362.929,,,650.6,,
M-67-HRL,2006-05-01,107.559,574.238,,,657.7,,
M-67-HRL,2006-06-01,97.073,534.524,,,648.7,,
M-67-HRL,2006-07-01,99.209,546.905,,,646.1,,
M-67-HRL,2006-08-01,96.381,747.786,,,647.5,,
M-67-HRL,2006-09-01,44.042,347.762,,,630.3,,
M-67-HRL,2006-10-01,76.486,565.643,,,667.1,,
M-67-HRL,2006-11-01,95.276,833.714,,,643.6,,
M-67-HRL,2006-12-01,100.914,863.214,,,640.3,,
M-67-HRL,2007-01-01,101.261,857.667,,,638.9,,
M-67-HRL,2007-02-01,89.551,729.667,,,633.5,,
M-67-HRL,2007-03-01,95.011,770.238,,,630.1,,866.0
M-67-HRL,2007-04-01,67.819,380.976,,,636.6,,
M-67-HRL,2007-05-01,86.99,530.548,,,644.6,,
M-67-HRL,2007-06-01,78.689,66.667,,,637.9,,
M-67-HRL,2007-07-01,110.305,621.405,,,628.8,,
M-67-HRL,2007-08-01,69.036,393.119,,,633.6,,
M-67-HRL,2007-09-01,72.969,418.81,,,628.5,,
M-67-HRL,2007-10-01,83.92,559.167,,,631.7,,
M-67-HRL,2007-11-01,88.341,482.738,,,622.3,,
M-67-HRL,2007-12-01,91.004,330.81,,,627.1,,
M-67-HRL,2008-01-01,96.986,56.238,,,626.4,,
M-67-HRL,2008-02-01,96.112,349.857,,,620.1,,
M-67-HRL,2008-03-01,91.658,631.381,,,621.6,,
M-67-HRL,2008-04-01,96.674,797.357,,,621.2,,
M-67-HRL,2008-05-01,99.487,816.405,,,618.7,,
M-67-HRL,2008-06-01,99.189,814.476,,,615.0,,
M-67-HRL,2008-07-01,103.218,919.143,,,600.5,,
M-67-HRL,2008-08-01,104.995,916.476,,,614.4,,
M-67-HRL,2008-09-01,91.612,701.31,,,614.5,,859.0
M-67-HRL,2008-10-01,100.453,769.167,,,606.8,,
M-67-HRL,2008-11-01,65.306,588.405,,,615.0,,
M-67-HRL,2008-12-01,102.015,1138.81,,,608.4,,
M-67-HRL,2009-01-01,99.342,268.31,,,603.9,,
M-67-HRL,2009-02-01,95.76,125.333,,,603.8,,
M-67-HRL,2009-03-01,101.671,133.095,,,607.2,,
M-67-HRL,2009-04-01,72.582,592.667,,,610.4,,
M-67-HRL,2009-05-01,97.836,1100.262,,,603.6,,
M-67-HRL,2009-06-01,100.31,1075.976,,,599.4,,
M-67-HRL,2009-07-01,102.457,1004.405,,,601.3,,
M-67-HRL,2009-08-01,107.234,811.143,,,590.4,,
M-67-HRL,2009-09-01,102.688,818.286,,,601.8,,
M-67-HRL,2009-10-01,80.054,567.738,,,609.1,,
M-67-HRL,2009-11-01,103.862,729.952,,,589.1,,
M-67-HRL,2009-12-01,103.788,681.333,,,568.3,,855.0
M-67-HRL,2010-01-01,112.365,805.31,,,581.9,,816.0
M-67-HRL,2010-02-01,97.753,936.762,,,582.3,,
M-67-HRL,2010-03-01,104.121,997.738,,,580.4,,
M-67-HRL,2010-04-01,106.31,879.381,,,582.0,,
M-67-HRL,2010-05-01,110.977,918.048,,,573.5,,
M-67-HRL,2010-06-01,111.385,998.81,,,556.8,,
M-67-HRL,2010-07-01,113.804,1149.643,,,560.1,,
M-67-HRL,2010-08-01,109.471,1098.595,,,579.9,,
M-67-HRL,2010-09-01,111.601,1109.667,,,560.2,,
M-67-HRL,2010-10-01,115.588,1313.786,,,555.8,,
M-67-HRL,2010-11-01,110.196,1252.429,,,553.8,,
M-67-HRL,2010-12-01,99.959,1183.143,,,565.2,,
M-67-HRL,2011-01-01,115.192,1328.5,,,556.2,,
M-67-HRL,2011-02-01,104.193,1180.333,,,557.7,,
M-67-HRL,2011-03-01,110.71,1202.857,,,563.5,,
M-67-HRL,2011-04-01,111.577,1195.738,,,556.2,,
M-67-HRL,2011-05-01,118.581,1106.429,,,551.4,,
M-67-HRL,2011-06-01,116.155,931.857,,,548.3,,
M-67-HRL,2011-07-01,120.362,906.405,,,546.5,,
M-67-HRL,2011-08-01,119.892,902.952,,,546.3,,
M-67-HRL,2011-09-01,117.187,882.429,,,544.8,,
M-67-HRL,2011-10-01,117.025,881.214,,,540.2,,
M-67-HRL,2011-11-01,115.735,1181.095,,,538.9,,
M-67-HRL,2011-12-01,78.996,806.191,,,537.8,,
M-67-HRL,2012-01-01,77.772,779.238,,,572.7,,799.0
M-67-HRL,2012-02-01,74.025,724.833,,,590.1,,
M-67-HRL,2012-03-01,76.759,634.286,,,578.5,,
M-67-HRL,2012-04-01,128.418,1053.429,,,511.5,,
M-67-HRL,2012-05-01,122.887,1007.357,,,509.5,,
M-67-HRL,2012-06-01,124.351,1128.595,,,514.4,,
M-67-HRL,2012-07-01,126.874,1180.286,,,515.2,,
M-67-HRL,2012-08-01,123.892,1093.714,,,513.1,,
M-67-HRL,2012-09-01,114.271,944.048,,,528.6,,
M-67-HRL,2012-10-01,116.083,982.31,,,517.6,,
M-67-HRL,2012-11-01,122.538,1215.738,,,512.7,,
M-67-HRL,2012-12-01,117.841,1160.143,,,517.2,,
M-67-HRL,2013-01-01,115.975,1196.905,,,517.5,,
M-67-HRL,2013-02-01,105.899,1078.905,,,519.7,,
M-67-HRL,2013-03-01,107.506,1084.167,,,516.2,,
M-67-HRL,2013-04-01,95.541,955.738,,,538.8,,
M-67-HRL,2013-05-01,114.246,1127.762,,,523.6,,
M-67-HRL,2013-06-01,107.301,1009.048,,,526.5,,
M-67-HRL,2013-07-01,108.564,1020.929,,,526.2,,
M-67-HRL,2013-08-01,116.69,1097.357,,,508.9,,
M-67-HRL,2013-09-01,114.552,1074.786,,,515.6,,
M-67-HRL,2013-10-01,73.626,1395.643,,,503.2,,
M-67-HRL,2013-11-01,71.85,1364.429,,,554.0,,
M-67-HRL,2013-12-01,73.95,1100.0,,,552.6,,
M-67-HRL,2014-01-01,73.664,1.109,,,551.5,,
M-67-HRL,2014-02-01,67.084,1261.833,,,552.1,,
M-67-HRL,2014-03-01,68.073,1337.595,,,549.4,,
M-67-HRL,2014-04-01,64.03,1001.667,,,549.6,,
M-67-HRL,2014-05-01,61.538,1006.786,,,550.3,,
M-67-HRL,2014-06-01,72.815,1338.738,,,548.5,,
M-67-HRL,2014-07-01,77.649,1482.571,,,548.2,,
M-67-HRL,2014-08-01,76.105,1495.571,,,545.8,,
M-67-HRL,2014-09-01,72.557,1434.929,,,560.9,,
M-67-HRL,2014-10-01,71.373,1402.714,,,544.0,,777.0
M-67-HRL,2014-11-01,74.445,1463.167,,,542.8,,
M-67-HRL,2014-12-01,77.066,1514.619,,,541.8,,
M-67-HRL,2015-01-01,76.246,1498.381,,,541.5,,
M-67-HRL,2015-02-01,68.99,1355.833,,,540.7,,
M-67-HRL,2015-03-01,77.118,1515.571,,,539.4,,
M-67-HRL,2015-04-01,73.942,1453.214,,,535.3,,
M-67-HRL,2015-05-01,71.516,1405.357,,,535.9,,
M-67-HRL,2015-06-01,78.748,1547.691,,,534.8,,
M-67-HRL,2015-07-01,80.704,1586.071,,,533.8,,
M-67-HRL,2015-08-01,67.194,1351.214,27.0,32.0,531.6,429.4,766.0
M-67-HRL,2015-09-01,80.45,1575.357,30.0,32.0,534.3,435.0,
M-67-HRL,2015-10-01,77.608,1519.191,31.0,32.0,528.6,469.0,
M-67-HRL,2015-11-01,67.625,1248.905,30.0,32.0,530.4,466.9,
M-67-HRL,2015-12-01,75.341,1388.905,31.0,32.0,530.1,424.5,
M-67-HRL,2016-01-01,79.331,1462.786,31.0,32.0,529.3,418.6,
M-67-HRL,2016-02-01,71.644,1406.976,29.0,32.0,536.8,437.4,
M-67-HRL,2016-03-01,71.097,1396.333,31.0,32.0,526.5,454.4,
M-67-HRL,2016-04-01,71.808,1410.905,30.0,32.0,525.4,436.1,
M-67-HRL,2016-05-01,73.536,1455.357,31.0,32.0,528.9,420.4,
M-67-HRL,2016-06-01,73.526,1480.119,30.0,32.0,522.2,412.9,
M-67-HRL,2016-07-01,76.44,1543.143,31.0,32.0,503.2,367.7,
M-67-HRL,2016-08-01,76.313,1499.524,31.0,32.0,518.8,408.4,
M-67-HRL,2016-09-01,73.132,1437.048,30.0,32.0,515.7,402.8,
M-67-HRL,2016-10-01,72.412,1422.524,31.0,32.0,509.6,404.3,
M-67-HRL,2016-11-01,76.505,1503.119,30.0,32.0,513.0,397.7,
M-67-HRL,2016-12-01,77.099,1514.452,31.0,32.0,512.2,420.8,
M-67-HRL,2017-01-01,76.316,1499.262,31.0,32.0,510.0,415.5,
M-67-HRL,2017-02-01,61.324,1204.738,28.0,32.0,511.7,393.2,
M-67-HRL,2017-03-01,77.472,1521.643,31.0,32.0,508.7,388.2,
M-67-HRL,2017-04-01,71.705,1389.5,30.0,32.0,504.7,395.0,
M-67-HRL,2017-05-01,78.941,1550.929,31.0,32.0,502.4,407.9,
M-67-HRL,2017-06-01,78.444,1541.191,30.0,32.0,501.1,381.2,
M-67-HRL,2017-07-01,81.066,1592.357,31.0,32.0,503.2,367.7,
M-67-HRL,2017-08-01,81.578,1602.524,31.0,32.0,499.0,375.7,
M-67-HRL,2017-09-01,74.325,1460.119,28.0,32.0,493.2,381.0,729.0
M-67-HRL,2017-10-01,76.582,1504.476,31.0,32.0,499.9,408.1,
M-67-HRL,2017-11-01,74.446,1462.262,30.0,32.0,488.0,366.7,
M-67-HRL,2017-12-01,83.731,1644.786,31.0,32.0,495.7,357.9,
M-67-HRL,2018-01-01,80.27,1576.81,31.0,32.0,492.7,336.2,
M-67-HRL,2018-02-01,49.207,966.643,28.0,32.0,492.1,333.4,
M-67-HRL,2018-03-01,76.69,2696.952,31.0,32.0,491.6,328.9,
M-67-HRL,2018-04-01,81.166,2854.357,30.0,32.0,480.6,328.2,
M-67-HRL,2018-05-01,58.719,1808.595,21.0,32.0,495.7,311.9,
M-67-HRL,2018-06-01,81.956,2524.167,30.0,32.0,486.1,318.5,
M-67-HRL,2018-07-01,84.613,2605.976,31.0,32.0,486.4,373.2,
M-67-HRL,2018-08-01,84.342,2597.524,31.0,32.0,484.4,306.7,
M-67-HRL,2018-09-01,81.165,2499.691,30.0,32.0,482.6,308.4,
M-67-HRL,2018-10-01,82.818,2550.595,31.0,32.0,476.1,315.5,
M-67-HRL,2018-11-01,79.0,2444.929,30.0,32.0,479.0,330.0,
M-67-HRL,2018-12-01,79.267,2441.191,31.0,32.0,474.8,307.9,
M-67-HRL,2019-01-01,76.631,2360.095,31.0,32.0,467.2,307.8,
M-67-HRL,2019-02-01,69.677,2146.357,28.0,32.0,473.9,306.6,
M-67-HRL,2019-03-01,78.846,2428.548,31.0,32.0,478.4,340.5,
M-67-HRL,2019-04-01,76.535,2357.429,30.0,32.0,458.2,337.4,
M-67-HRL,2019-05-01,79.776,2457.31,31.0,32.0,,,
M-67-HRL,2019-06-01,70.394,2168.143,27.0,32.0,472.5,308.7,
M-67-HRL,2019-07-01,78.717,2424.071,31.0,32.0,472.8,330.1,
M-67-HRL,2019-08-01,79.83,2458.476,31.0,32.0,469.5,314.8,
M-67-HRL,2019-09-01,75.804,2334.571,30.0,32.0,469.0,349.7,
M-67-HRL,2019-10-01,74.541,2295.595,31.0,32.0,463.1,315.5,
M-67-HRL,2019-11-01,69.12,2129.024,30.0,32.0,446.5,360.7,
M-67-HRL,2019-12-01,72.89,2244.738,31.0,32.0,460.5,319.5,
M-67-HRL,2020-01-01,65.293,2010.786,26.0,32.0,464.2,341.5,681.0
M-67-HRL,2020-02-01,71.983,2217.31,29.0,32.0,463.8,339.8,
M-67-HRL,2020-03-01,77.083,2374.048,31.0,32.0,463.8,339.8,
M-67-HRL,2020-04-01,73.44,2261.81,30.0,32.0,,,
M-67-HRL,2020-05-01,76.578,2358.571,31.0,32.0,,,
M-67-HRL,2020-06-01,74.25,2286.429,30.0,32.0,,,
M-67-HRL,2020-07-01,77.444,2385.024,30.0,32.0,452.7,297.2,
M-67-HRL,2020-08-01,79.991,2463.452,31.0,32.0,441.1,279.2,
M-67-HRL,2020-09-01,75.023,2310.833,30.0,32.0,452.4,327.8,
M-67-HRL,2020-10-01,76.569,2358.405,31.0,32.0,445.5,320.5,
M-67-HRL,2020-11-01,69.699,2146.5,30.0,32.0,445.8,349.4,
M-67-HRL,2020-12-01,77.198,2377.857,31.0,32.0,440.8,277.8,
M-67-HRL,2021-01-01,74.397,2291.333,31.0,32.0,440.3,268.1,
M-67-HRL,2021-02-01,65.716,2023.524,28.0,32.0,442.0,323.3,
M-67-HRL,2021-03-01,71.285,2195.5,31.0,32.0,439.6,323.0,
M-67-HRL,2021-04-01,69.64,2144.857,30.0,32.0,437.2,290.4,
M-67-HRL,2021-05-01,75.364,2321.024,31.0,32.0,436.3,279.8,
M-67-HRL,2021-06-01,77.87,1555.024,30.0,32.0,431.5,284.3,
M-67-HRL,2021-07-01,81.732,1611.119,31.0,32.0,435.8,280.9,
M-67-HRL,2021-08-01,82.882,1403.5,31.0,32.0,434.5,264.5,
M-67-HRL,2021-09-01,80.154,1357.452,30.0,32.0,432.5,281.7,
M-67-HRL,2021-10-01,82.31,1393.857,31.0,32.0,430.2,269.4,
M-67-HRL,2021-11-01,53.768,910.714,25.0,32.0,430.7,257.7,
M-67-HRL,2021-12-01,73.576,1245.667,29.0,32.0,439.7,269.0,
M-67-HRL,2022-01-01,115.53,1956.0,31.0,48.0,347.8,280.5,
M-67-HRL,2022-02-01,104.844,1775.643,28.0,48.0,330.1,266.1,
M-67-HRL,2022-03-01,117.308,1986.238,31.0,32.0,328.2,263.5,
M-67-HRL,2022-04-01,115.841,1962.167,30.0,48.0,324.0,260.7,
M-67-HRL,2022-05-01,119.876,2047.5,31.0,48.0,322.6,258.9,
M-67-HRL,2022-06-01,113.2,1916.691,30.0,48.0,326.2,268.9,
M-67-HRL,2022-07-01,111.609,1889.952,31.0,48.0,326.2,268.9,
M-67-HRL,2022-08-01,111.495,1918.762,31.0,48.0,314.3,249.5,
M-67-HRL,2022-09-01,109.261,1850.024,30.0,48.0,321.0,266.2,
M-67-HRL,2022-10-01,107.058,2661.595,31.0,48.0,322.3,267.6,
M-67-HRL,2022-11-01,101.527,2524.048,30.0,48.0,318.1,259.4,
M-67-HRL,2022-12-01,105.613,2625.191,31.0,48.0,323.7,273.3,
M-67-HRL,2023-01-01,107.244,2665.405,31.0,48.0,316.9,261.5,
M-67-HRL,2023-02-01,83.832,2084.071,28.0,48.0,307.4,244.1,
M-67-HRL,2023-03-01,81.787,2033.214,26.0,48.0,316.0,257.6,
M-67-HRL,2023-04-01,,,,,306.6,241.0,
M-67-HRL,2023-05-01,101.498,2522.691,31.0,48.0,306.6,251.4,
M-67-HRL,2023-06-01,102.74,2553.595,30.0,48.0,299.6,235.1,
M-67-HRL,2023-07-01,105.327,2617.976,31.0,48.0,309.0,255.3,
M-67-HRL,2023-08-01,100.991,2510.262,31.0,48.0,302.2,244.5,
M-67-HRL,2023-09-01,98.069,2423.976,30.0,48.0,297.9,239.4,
M-67-HRL,2023-10-01,72.587,1803.762,21.0,48.0,297.1,237.5,
M-67-HRL,2023-11-01,103.964,2610.048,30.0,48.0,306.0,252.2,
M-67-HRL,2023-12-01,107.797,2674.167,31.0,48.0,302.4,247.2,
M-67-HRL,2024-01-01,115.404,2862.881,31.0,128.0,270.0,267.0,
M-67-HRL,2024-02-01,110.201,2733.81,29.0,128.0,237.6,234.7,
M-67-HRL,2024-03-01,116.947,2901.143,31.0,128.0,255.0,252.5,
M-67-HRL,2024-04-01,111.938,2776.881,30.0,128.0,251.2,248.9,
M-67-HRL,2024-05-01,106.666,2646.095,31.0,128.0,278.9,277.3,
M-67-HRL,2024-06-01,106.001,2629.619,30.0,128.0,278.4,276.9,
M-67-HRL,2024-07-01,110.154,2732.643,31.0,128.0,256.8,254.1,
M-67-HRL,2024-08-01,109.758,2722.81,31.0,128.0,249.4,247.2,
M-67-HRL,2024-09-01,104.818,2600.262,30.0,128.0,266.9,264.9,
M-67-HRL,2024-10-01,109.146,2707.619,31.0,128.0,241.3,238.9,
M-67-HRL,2024-11-01,105.718,2622.595,30.0,128.0,238.0,234.2,
M-67-HRL,2024-12-01,110.379,5172.405,31.0,128.0,244.4,237.5,
M-67-HRL,2025-01-01,89.734,2914.952,22.0,128.0,243.1,241.2,
M-67-HRL,2025-02-01,102.709,2547.952,28.0,128.0,219.9,217.4,
M-67-HRL,2025-03-01,110.923,2751.714,31.0,128.0,235.0,233.0,
M-67-HRL,2025-04-01,105.837,2625.548,30.0,128.0,236.0,233.9,
M-67-HRL,2025-05-01,111.092,2755.905,31.0,128.0,225.4,221.3,
M-67-HRL,2025-06-01,109.942,2727.381,30.0,128.0,231.0,227.0,
M-75-HRL,2003-03-01,,,,,,,1096.0
M-75-HRL,2004-07-01,221.447,3.071,,,815.3,,
M-75-HRL,2004-08-01,204.118,13.548,,,751.3,,
M-75-HRL,2004-09-01,203.992,71.905,,,743.3,,
M-75-HRL,2004-10-01,201.869,62.024,,,761.6,,
M-75-HRL,2004-11-01,189.872,72.167,,,760.7,,
M-75-HRL,2004-12-01,191.073,73.095,,,759.4,,
M-75-HRL,2005-01-01,194.024,114.405,,,744.1,,
M-75-HRL,2005-02-01,172.152,120.643,,,751.5,,
M-75-HRL,2005-03-01,191.835,170.714,,,758.1,,
M-75-HRL,2005-04-01,179.523,131.548,,,749.6,,
M-75-HRL,2005-05-01,183.496,151.857,,,759.1,,
M-75-HRL,2005-06-01,205.357,164.19,,,710.1,,
M-75-HRL,2005-07-01,215.953,240.333,,,705.7,,
M-75-HRL,2005-08-01,216.125,210.452,,,700.5,,
M-75-HRL,2005-09-01,207.0,247.476,,,699.7,,
M-75-HRL,2005-10-01,216.213,273.762,,,692.7,,
M-75-HRL,2005-11-01,200.193,259.69,,,692.2,,1007.0
M-75-HRL,2005-12-01,211.832,277.095,,,688.7,,
M-75-HRL,2006-01-01,216.652,266.071,,,666.6,,955.0
M-75-HRL,2006-02-01,195.375,226.19,,,672.7,,
M-75-HRL,2006-03-01,217.846,358.929,,,672.6,,
M-75-HRL,2006-04-01,211.653,499.19,,,665.5,,
M-75-HRL,2006-05-01,214.374,440.381,,,670.7,,
M-75-HRL,2006-06-01,206.482,232.714,,,669.7,,
M-75-HRL,2006-07-01,211.062,243.929,,,664.8,,
M-75-HRL,2006-08-01,210.214,217.762,,,662.2,,
M-75-HRL,2006-09-01,203.598,199.119,,,662.3,,
M-75-HRL,2006-10-01,202.291,333.452,,,658.4,,
M-75-HRL,2006-11-01,202.263,243.048,,,652.7,,
M-75-HRL,2006-12-01,207.418,356.857,,,654.6,,
M-75-HRL,2007-01-01,209.071,295.762,,,653.1,,
M-75-HRL,2007-02-01,190.479,278.833,,,647.1,,
M-75-HRL,2007-03-01,208.025,324.024,,,650.1,,
M-75-HRL,2007-04-01,191.745,340.952,,,646.1,,
M-75-HRL,2007-05-01,184.67,341.429,,,677.4,,
M-75-HRL,2007-06-01,183.811,250.548,,,682.4,,
M-75-HRL,2007-07-01,180.122,263.857,,,675.6,,
M-75-HRL,2007-08-01,166.683,209.095,,,690.4,,930.0
M-75-HRL,2007-09-01,177.213,253.381,,,674.8,,
M-75-HRL,2007-10-01,177.793,235.119,,,653.4,,
M-75-HRL,2007-11-01,169.038,227.31,,,671.3,,
M-75-HRL,2007-12-01,171.882,29.81,,,673.6,,
M-75-HRL,2008-01-01,170.332,284.333,,,676.4,,
M-75-HRL,2008-02-01,157.261,111.595,,,672.7,,
M-75-HRL,2008-03-01,167.65,138.452,,,681.1,,
M-75-HRL,2008-04-01,161.581,129.929,,,682.5,,
M-75-HRL,2008-05-01,155.286,134.81,,,689.9,,
M-75-HRL,2008-06-01,156.085,135.619,,,678.7,,
M-75-HRL,2008-07-01,162.648,355.452,,,665.1,,
M-75-HRL,2008-08-01,153.992,400.5,,,683.9,,918.0
M-75-HRL,2008-09-01,164.38,549.643,,,667.4,,
M-75-HRL,2008-10-01,171.323,618.429,,,659.7,,
M-75-HRL,2008-11-01,169.199,886.333,,,654.1,,
M-75-HRL,2008-12-01,173.716,1112.214,,,650.2,,
M-75-HRL,2009-01-01,171.935,496.833,,,653.3,,
M-75-HRL,2009-02-01,153.77,268.714,,,659.6,,
M-75-HRL,2009-03-01,166.027,280.31,,,658.4,,
M-75-HRL,2009-04-01,154.675,250.238,,,665.6,,
M-75-HRL,2009-05-01,164.139,266.19,,,667.2,,
M-75-HRL,2009-06-01,162.293,269.048,,,650.9,,
M-75-HRL,2009-07-01,167.011,287.048,,,646.3,,
M-75-HRL,2009-08-01,157.203,312.405,,,638.5,,910.0
M-75-HRL,2009-09-01,175.719,349.143,,,618.3,,
M-75-HRL,2009-10-01,174.643,353.643,,,614.7,,
M-75-HRL,2009-11-01,176.984,399.738,,,611.8,,
M-75-HRL,2009-12-01,179.36,415.214,,,613.6,,
M-75-HRL,2010-01-01,175.32,405.857,,,618.7,,868.0
M-75-HRL,2010-02-01,158.808,409.667,,,616.5,,
M-75-HRL,2010-03-01,178.213,464.762,,,611.0,,
M-75-HRL,2010-04-01,169.457,514.024,,,680.5,,
M-75-HRL,2010-05-01,174.351,484.071,,,615.3,,
M-75-HRL,2010-06-01,170.801,501.857,,,618.7,,
M-75-HRL,2010-07-01,178.625,606.929,,,608.1,,
M-75-HRL,2010-08-01,152.506,496.786,,,606.1,,
M-75-HRL,2010-09-01,167.063,570.833,,,602.2,,
M-75-HRL,2010-10-01,171.071,571.071,,,604.8,,
M-75-HRL,2010-11-01,163.735,593.571,,,607.8,,
M-75-HRL,2010-12-01,173.946,613.452,,,600.5,,
M-75-HRL,2011-01-01,170.14,553.952,,,589.9,,
M-75-HRL,2011-02-01,158.038,407.262,,,593.6,,
M-75-HRL,2011-03-01,175.133,395.929,,,598.4,,
M-75-HRL,2011-04-01,165.436,426.333,,,586.0,,
M-75-HRL,2011-05-01,176.771,492.524,,,598.6,,
M-75-HRL,2011-06-01,168.879,487.619,,,591.5,,
M-75-HRL,2011-07-01,172.323,491.286,,,592.3,,
M-75-HRL,2011-08-01,174.053,485.333,,,588.5,,
M-75-HRL,2011-09-01,168.464,467.81,,,591.0,,
M-75-HRL,2011-10-01,168.137,453.452,,,597.5,,
M-75-HRL,2011-11-01,165.638,480.571,,,585.2,,
M-75-HRL,2011-12-01,175.344,508.762,,,576.5,,
M-75-HRL,2012-01-01,175.519,647.929,,,581.4,,
M-75-HRL,2012-02-01,161.355,541.333,,,577.2,,
M-75-HRL,2012-03-01,169.192,501.881,,,566.3,,
M-75-HRL,2012-04-01,167.461,518.024,,,573.9,,
M-75-HRL,2012-05-01,178.175,497.857,,,568.9,,
M-75-HRL,2012-06-01,162.687,482.714,,,566.4,,
M-75-HRL,2012-07-01,169.712,542.524,,,567.1,,
M-75-HRL,2012-08-01,174.309,579.31,,,568.1,,
M-75-HRL,2012-09-01,164.57,619.762,,,575.4,,
M-75-HRL,2012-10-01,166.422,578.238,,,561.5,,
M-75-HRL,2012-11-01,161.135,474.024,,,565.3,,
M-75-HRL,2012-12-01,151.148,390.905,,,594.4,,
M-75-HRL,2013-01-01,153.377,439.167,,,586.2,,
M-75-HRL,2013-02-01,137.935,385.238,,,585.4,,
M-75-HRL,2013-03-01,153.041,468.167,,,591.7,,
M-75-HRL,2013-04-01,147.457,417.905,,,593.1,,
M-75-HRL,2013-05-01,160.369,491.333,,,577.5,,
M-75-HRL,2013-06-01,150.203,454.19,,,577.0,,
M-75-HRL,2013-07-01,159.229,448.476,,,574.6,,
M-75-HRL,2013-08-01,157.862,403.714,,,569.7,,
M-75-HRL,2013-09-01,154.03,395.905,,,571.4,,
M-75-HRL,2013-10-01,135.819,397.571,,,570.2,,
M-75-HRL,2013-11-01,157.836,466.095,,,562.1,,
M-75-HRL,2013-12-01,157.133,515.524,,,557.1,,
M-75-HRL,2014-01-01,158.311,499.905,,,554.9,,
M-75-HRL,2014-02-01,140.316,736.952,,,561.3,,
M-75-HRL,2014-03-01,154.149,809.381,,,551.7,,
M-75-HRL,2014-04-01,148.34,479.476,,,565.2,,
M-75-HRL,2014-05-01,153.291,528.762,,,557.2,,
M-75-HRL,2014-06-01,152.453,560.548,,,546.8,,
M-75-HRL,2014-07-01,159.674,601.429,,,550.4,,
M-75-HRL,2014-08-01,163.989,656.857,,,546.7,,
M-75-HRL,2014-09-01,151.266,648.143,,,557.1,,
M-75-HRL,2014-10-01,149.328,638.238,,,548.4,,795.0
M-75-HRL,2014-11-01,150.803,645.524,,,546.2,,
M-75-HRL,2014-12-01,155.236,815.262,,,542.7,,
M-75-HRL,2015-01-01,158.613,752.0,,,541.7,,
M-75-HRL,2015-02-01,141.986,745.643,,,517.2,,
M-75-HRL,2015-03-01,160.484,842.786,,,516.4,,
M-75-HRL,2015-04-01,151.987,798.191,,,545.5,,
M-75-HRL,2015-05-01,154.446,811.0,,,547.2,,
M-75-HRL,2015-06-01,153.77,807.214,,,530.2,,
M-75-HRL,2015-07-01,155.115,814.595,,,535.1,,
M-75-HRL,2015-08-01,155.878,823.167,31.0,64.0,527.5,515.6,
M-75-HRL,2015-09-01,153.869,805.119,30.0,64.0,529.4,512.2,
M-75-HRL,2015-10-01,156.754,819.952,31.0,64.0,534.5,522.2,
M-75-HRL,2015-11-01,149.996,784.786,30.0,64.0,517.4,500.9,
M-75-HRL,2015-12-01,156.853,823.071,31.0,64.0,520.3,506.2,
M-75-HRL,2016-01-01,155.869,818.095,31.0,64.0,510.6,497.5,
M-75-HRL,2016-02-01,153.682,806.5,29.0,64.0,502.8,487.3,
M-75-HRL,2016-03-01,168.709,885.405,31.0,64.0,491.9,474.3,
M-75-HRL,2016-04-01,160.477,842.571,30.0,64.0,490.5,473.6,
M-75-HRL,2016-05-01,140.37,736.881,25.0,64.0,484.0,465.7,770.0
M-75-HRL,2016-06-01,166.288,872.952,30.0,64.0,484.3,464.5,
M-75-HRL,2016-07-01,175.26,920.214,31.0,64.0,449.5,430.5,
M-75-HRL,2016-08-01,169.625,890.667,31.0,64.0,472.0,455.7,
M-75-HRL,2016-09-01,165.168,867.262,30.0,64.0,473.9,456.0,
M-75-HRL,2016-10-01,165.032,866.333,31.0,64.0,476.7,459.1,
M-75-HRL,2016-11-01,160.723,843.81,30.0,64.0,461.0,453.7,
M-75-HRL,2016-12-01,170.765,896.333,31.0,64.0,468.9,450.0,
M-75-HRL,2017-01-01,165.389,868.238,31.0,64.0,453.2,435.0,
M-75-HRL,2017-02-01,153.834,807.571,28.0,64.0,459.0,438.8,
M-75-HRL,2017-03-01,174.551,916.119,31.0,64.0,456.4,436.7,
M-75-HRL,2017-04-01,154.854,714.786,30.0,64.0,481.7,467.2,
M-75-HRL,2017-05-01,171.762,813.333,31.0,64.0,454.4,435.4,
M-75-HRL,2017-06-01,166.166,763.167,30.0,64.0,451.0,434.5,
M-75-HRL,2017-07-01,167.823,777.31,31.0,64.0,449.5,430.5,
M-75-HRL,2017-08-01,171.859,902.119,31.0,64.0,441.7,420.5,
M-75-HRL,2017-09-01,159.462,1033.238,30.0,64.0,448.2,429.7,
M-75-HRL,2017-10-01,158.155,830.238,31.0,64.0,455.9,438.7,
M-75-HRL,2017-11-01,158.856,853.31,30.0,64.0,437.4,416.4,
M-75-HRL,2017-12-01,163.827,898.214,31.0,64.0,434.7,416.9,
M-75-HRL,2018-01-01,170.781,896.476,31.0,64.0,437.2,417.5,
M-75-HRL,2018-02-01,152.071,798.262,28.0,64.0,425.0,405.0,
M-75-HRL,2018-03-01,171.978,902.691,31.0,64.0,433.7,412.2,
M-75-HRL,2018-04-01,168.022,881.929,30.0,64.0,417.1,394.4,
M-75-HRL,2018-05-01,127.709,667.881,22.0,64.0,413.2,389.5,718.0
M-75-HRL,2018-06-01,170.612,1087.333,30.0,64.0,416.5,393.5,
M-75-HRL,2018-07-01,170.902,1089.167,31.0,64.0,417.1,396.1,
M-75-HRL,2018-08-01,172.767,1101.0,31.0,64.0,405.8,381.2,
M-75-HRL,2018-09-01,144.69,922.095,26.0,64.0,406.5,381.6,
M-75-HRL,2018-10-01,174.822,1114.095,31.0,64.0,403.6,381.3,
M-75-HRL,2018-11-01,164.0,1043.429,30.0,64.0,398.0,373.0,
M-75-HRL,2018-12-01,167.237,1065.762,31.0,64.0,400.2,381.1,
M-75-HRL,2019-01-01,163.717,1043.357,31.0,64.0,404.1,383.1,
M-75-HRL,2019-02-01,145.844,929.643,28.0,64.0,416.9,396.9,
M-75-HRL,2019-03-01,161.233,1027.643,31.0,64.0,413.5,392.5,
M-75-HRL,2019-04-01,157.889,1006.333,30.0,64.0,405.5,388.0,
M-75-HRL,2019-05-01,167.432,1067.19,31.0,64.0,,,
M-75-HRL,2019-06-01,165.361,1053.905,30.0,64.0,393.3,370.1,
M-75-HRL,2019-07-01,164.231,1046.524,31.0,64.0,419.7,402.5,
M-75-HRL,2019-08-01,164.667,1049.357,31.0,64.0,398.5,379.5,
M-75-HRL,2019-09-01,157.273,1002.262,30.0,64.0,393.9,370.7,
M-75-HRL,2019-10-01,159.408,1015.833,31.0,64.0,413.5,394.9,
M-75-HRL,2019-11-01,147.687,941.31,30.0,64.0,354.5,372.7,
M-75-HRL,2019-12-01,152.629,972.619,31.0,64.0,423.8,399.2,
M-75-HRL,2020-01-01,163.652,1042.881,31.0,64.0,387.3,367.0,
M-75-HRL,2020-02-01,145.34,926.405,29.0,64.0,384.0,361.4,
M-75-HRL,2020-03-01,154.314,983.452,31.0,64.0,384.0,361.4,
M-75-HRL,2020-04-01,152.035,968.905,30.0,64.0,,,
M-75-HRL,2020-05-01,157.194,1001.833,31.0,64.0,,,
M-75-HRL,2020-06-01,152.783,973.548,30.0,64.0,,,
M-75-HRL,2020-07-01,162.655,1036.548,31.0,64.0,374.6,360.7,
M-75-HRL,2020-08-01,161.603,1029.833,31.0,64.0,385.1,372.0,
M-75-HRL,2020-09-01,156.174,995.405,30.0,64.0,382.3,342.5,
M-75-HRL,2020-10-01,160.702,1024.238,31.0,64.0,375.2,355.6,
M-75-HRL,2020-11-01,65.303,416.143,13.0,64.0,417.6,398.8,680.0
M-75-HRL,2020-12-01,157.382,1003.119,30.0,64.0,354.4,337.9,
M-75-HRL,2021-01-01,168.168,1071.738,31.0,64.0,360.4,334.4,
M-75-HRL,2021-02-01,152.042,968.762,28.0,64.0,322.7,287.9,
M-75-HRL,2021-03-01,163.721,1043.405,31.0,64.0,370.4,350.4,
M-75-HRL,2021-04-01,165.502,1054.762,30.0,64.0,358.8,336.8,
M-75-HRL,2021-05-01,173.8,1107.595,31.0,64.0,329.6,299.7,
M-75-HRL,2021-06-01,165.473,1054.5,30.0,64.0,329.5,301.7,
M-75-HRL,2021-07-01,173.594,1417.262,31.0,64.0,318.4,276.0,
M-75-HRL,2021-08-01,174.376,1423.643,31.0,64.0,317.8,286.9,
M-75-HRL,2021-09-01,164.36,1342.024,30.0,64.0,327.2,298.7,
M-75-HRL,2021-10-01,171.984,1404.167,31.0,64.0,313.9,278.7,
M-75-HRL,2021-11-01,160.551,1311.071,30.0,64.0,309.2,273.4,
M-75-HRL,2021-12-01,163.126,1380.952,31.0,64.0,301.5,262.4,
M-75-HRL,2022-01-01,167.862,1409.738,31.0,64.0,295.2,255.2,
M-75-HRL,2022-02-01,150.325,1284.357,28.0,64.0,303.6,267.6,
M-75-HRL,2022-03-01,168.162,1424.619,31.0,64.0,293.8,255.9,
M-75-HRL,2022-04-01,165.475,1350.857,30.0,64.0,285.1,242.3,
M-75-HRL,2022-05-01,169.792,1469.0,31.0,64.0,281.5,235.5,
M-75-HRL,2022-06-01,161.183,1315.786,30.0,64.0,284.6,240.9,
M-75-HRL,2022-07-01,160.53,1310.619,31.0,64.0,307.5,276.5,
M-75-HRL,2022-08-01,166.979,1363.119,31.0,64.0,289.1,251.7,
M-75-HRL,2022-09-01,163.477,1334.548,30.0,64.0,287.5,230.0,
M-75-HRL,2022-10-01,162.759,1328.929,31.0,64.0,299.8,268.1,
M-75-HRL,2022-11-01,154.484,1261.357,30.0,64.0,292.8,258.1,
M-75-HRL,2022-12-01,163.424,1334.119,31.0,64.0,274.0,236.0,
M-75-HRL,2023-01-01,165.538,1351.214,31.0,64.0,278.4,239.7,
M-75-HRL,2023-02-01,147.863,1207.262,28.0,64.0,283.4,246.5,
M-75-HRL,2023-03-01,158.137,1291.119,31.0,64.0,280.9,244.0,
M-75-HRL,2023-04-01,,,,,272.3,231.4,
M-75-HRL,2023-05-01,157.509,1285.738,31.0,64.0,284.2,275.5,
M-75-HRL,2023-06-01,155.316,1267.833,30.0,64.0,272.1,223.1,
M-75-HRL,2023-07-01,158.614,1294.81,31.0,64.0,265.8,222.6,
M-75-HRL,2023-08-01,159.508,1302.119,31.0,64.0,266.2,222.6,
M-75-HRL,2023-09-01,154.236,914.738,30.0,64.0,263.6,221.3,
M-75-HRL,2023-10-01,142.816,851.548,28.0,64.0,274.2,236.9,
M-75-HRL,2023-11-01,151.634,913.429,30.0,64.0,267.3,226.8,
M-75-HRL,2023-12-01,154.722,920.976,31.0,64.0,282.2,250.2,
M-75-HRL,2024-01-01,155.066,923.024,31.0,64.0,265.6,226.9,
M-75-HRL,2024-02-01,144.366,859.333,29.0,64.0,262.4,221.9,
M-75-HRL,2024-03-01,151.844,903.833,31.0,64.0,261.8,224.7,
M-75-HRL,2024-04-01,146.527,872.191,30.0,64.0,271.5,239.9,
M-75-HRL,2024-05-01,133.145,931.071,28.0,64.0,287.5,257.6,
M-75-HRL,2024-06-01,145.617,1124.452,30.0,64.0,282.8,253.3,
M-75-HRL,2024-07-01,152.597,1162.429,31.0,64.0,268.1,233.8,
M-75-HRL,2024-08-01,151.156,1277.667,31.0,64.0,257.8,218.3,
M-75-HRL,2024-09-01,153.363,1296.31,30.0,96.0,227.0,216.6,
M-75-HRL,2024-10-01,157.367,1845.643,31.0,96.0,227.9,218.0,
M-75-HRL,2024-11-01,148.621,1763.238,30.0,96.0,242.2,233.6,
M-75-HRL,2024-12-01,154.885,1843.833,31.0,96.0,235.2,220.5,
M-75-HRL,2025-01-01,157.664,1631.333,31.0,96.0,231.0,214.3,
M-75-HRL,2025-02-01,140.253,1534.857,28.0,96.0,231.0,222.0,
M-75-HRL,2025-03-01,155.229,1709.214,31.0,96.0,219.6,209.4,
M-75-HRL,2025-04-01,151.127,1673.881,30.0,96.0,225.7,216.4,
M-75-HRL,2025-05-01,156.554,1712.0,31.0,96.0,227.2,216.4,
M-75-HRL,2025-06-01,150.871,1673.024,30.0,96.0,219.8,210.2,
M-81-HRL,2003-04-01,,,,,,,
M-81-HRL,2003-05-01,,,,,,,
M-81-HRL,2003-06-01,,,,,,,
M-81-HRL,2003-07-01,,,,,,,
M-81-HRL,2003-08-01,,,,,,,
M-81-HRL,2003-09-01,,,,,,,
M-81-HRL,2003-10-01,,,,,,,
M-81-HRL,2003-11-01,,,,,,,
M-81-HRL,2003-12-01,,,,,,,
M-81-HRL,2004-01-01,,,,,,,
M-81-HRL,2004-02-01,,,,,,,
M-81-HRL,2004-03-01,,,,,,,
M-81-HRL,2004-04-01,,,,,,,
M-81-HRL,2004-05-01,,,,,,,
M-81-HRL,2004-06-01,,,,,,,
M-81-HRL,2004-07-01,159.341,19.238,,,731.5,,
M-81-HRL,2004-08-01,162.069,22.429,,,716.8,,
M-81-HRL,2004-09-01,146.913,72.952,,,708.9,,
M-81-HRL,2004-10-01,142.381,71.214,,,708.9,,1033.0
M-81-HRL,2004-11-01,134.177,104.881,,,726.5,,
M-81-HRL,2004-12-01,132.793,142.357,,,725.5,,
M-81-HRL,2005-01-01,133.037,120.643,,,726.5,,
M-81-HRL,2005-02-01,121.593,110.905,,,715.4,,
M-81-HRL,2005-03-01,119.269,235.19,,,762.1,,
M-81-HRL,2005-04-01,128.52,206.405,,,713.5,,
M-81-HRL,2005-05-01,129.89,209.881,,,709.4,,
M-81-HRL,2005-06-01,120.701,183.738,,,721.5,,
M-81-HRL,2005-07-01,122.139,151.214,,,691.5,,
M-81-HRL,2005-08-01,121.24,150.286,,,709.2,,
M-81-HRL,2005-09-01,113.234,142.548,,,703.2,,
M-81-HRL,2005-10-01,118.453,150.786,,,702.6,,
M-81-HRL,2005-11-01,108.037,149.952,,,703.0,,980.0
M-81-HRL,2005-12-01,119.176,267.167,,,698.2,,
M-81-HRL,2006-01-01,120.304,269.833,,,690.7,,931.0
M-81-HRL,2006-02-01,107.461,265.548,,,686.6,,
M-81-HRL,2006-03-01,118.106,329.071,,,690.3,,
M-81-HRL,2006-04-01,111.91,195.405,,,678.9,,
M-81-HRL,2006-05-01,115.171,195.857,,,684.8,,
M-81-HRL,2006-06-01,110.505,187.881,,,676.2,,
M-81-HRL,2006-07-01,108.413,195.929,,,684.7,,
M-81-HRL,2006-08-01,110.507,204.738,,,679.5,,
M-81-HRL,2006-09-01,104.588,192.524,,,677.1,,
M-81-HRL,2006-10-01,112.3,199.333,,,672.1,,
M-81-HRL,2006-11-01,101.839,132.619,,,671.8,,
M-81-HRL,2006-12-01,110.165,143.5,,,665.4,,
M-81-HRL,2007-01-01,110.982,144.548,,,669.5,,
M-81-HRL,2007-02-01,99.113,343.548,,,664.2,,
M-81-HRL,2007-03-01,106.614,416.619,,,663.3,,
M-81-HRL,2007-04-01,104.428,415.381,,,663.2,,
M-81-HRL,2007-05-01,105.53,373.762,,,659.9,,
M-81-HRL,2007-06-01,98.399,374.881,,,657.8,,
M-81-HRL,2007-07-01,101.201,402.857,,,657.0,,911.0
M-81-HRL,2007-08-01,101.502,407.548,,,657.8,,
M-81-HRL,2007-09-01,95.734,485.69,,,651.3,,
M-81-HRL,2007-10-01,101.358,536.333,,,668.4,,
M-81-HRL,2007-11-01,97.348,367.714,,,642.4,,
M-81-HRL,2007-12-01,98.939,369.31,,,641.4,,
M-81-HRL,2008-01-01,100.217,395.048,,,649.8,,
M-81-HRL,2008-02-01,92.745,313.286,,,646.3,,
M-81-HRL,2008-03-01,98.807,285.429,,,653.3,,
M-81-HRL,2008-04-01,97.292,325.048,,,644.5,,
M-81-HRL,2008-05-01,97.784,308.381,,,643.8,,
M-81-HRL,2008-06-01,97.3,310.31,,,639.8,,
M-81-HRL,2008-07-01,99.409,409.69,,,637.7,,
M-81-HRL,2008-08-01,84.055,322.476,,,627.7,,935.0
M-81-HRL,2008-09-01,91.053,357.31,,,634.4,,
M-81-HRL,2008-10-01,97.852,386.929,,,629.7,,
M-81-HRL,2008-11-01,62.329,238.857,,,643.2,,
M-81-HRL,2008-12-01,77.592,268.5,,,665.3,,
M-81-HRL,2009-01-01,77.776,269.143,,,662.9,,
M-81-HRL,2009-02-01,70.716,229.429,,,658.7,,
M-81-HRL,2009-03-01,76.607,265.095,,,661.3,,
M-81-HRL,2009-04-01,69.454,451.81,,,674.8,,
M-81-HRL,2009-05-01,69.488,483.095,,,662.0,,
M-81-HRL,2009-06-01,65.391,562.548,,,661.3,,
M-81-HRL,2009-07-01,68.422,592.071,,,645.2,,
M-81-HRL,2009-08-01,71.47,317.286,,,658.1,,890.0
M-81-HRL,2009-09-01,70.321,312.143,,,654.0,,
M-81-HRL,2009-10-01,57.59,224.0,,,639.3,,
M-81-HRL,2009-11-01,69.527,483.5,,,654.9,,
M-81-HRL,2009-12-01,77.368,271.19,,,642.7,,
M-81-HRL,2010-01-01,78.337,274.714,,,641.8,,870.0
M-81-HRL,2010-02-01,69.289,241.524,,,638.6,,
M-81-HRL,2010-03-01,73.202,255.143,,,639.6,,
M-81-HRL,2010-04-01,73.475,256.071,,,632.8,,
M-81-HRL,2010-05-01,78.546,92.429,,,628.7,,
M-81-HRL,2010-06-01,76.776,90.262,,,631.7,,
M-81-HRL,2010-07-01,63.628,76.667,,,633.7,,
M-81-HRL,2010-08-01,68.116,446.714,,,628.0,,
M-81-HRL,2010-09-01,67.267,458.833,,,625.6,,
M-81-HRL,2010-10-01,70.918,499.643,,,628.0,,
M-81-HRL,2010-11-01,68.023,464.881,,,630.2,,
M-81-HRL,2010-12-01,69.385,371.667,,,619.7,,
M-81-HRL,2011-01-01,67.217,459.357,,,621.1,,
M-81-HRL,2011-02-01,54.419,371.976,,,613.1,,
M-81-HRL,2011-03-01,61.665,411.238,,,613.7,,
M-81-HRL,2011-04-01,62.718,322.857,,,620.2,,
M-81-HRL,2011-05-01,38.824,199.857,,,593.4,,
M-81-HRL,2011-06-01,42.667,119.119,,,592.5,,
M-81-HRL,2011-07-01,51.86,174.048,,,609.8,,
M-81-HRL,2011-08-01,72.281,331.762,,,608.5,,
M-81-HRL,2011-09-01,72.18,338.095,,,608.6,,
M-81-HRL,2011-10-01,71.769,340.452,,,607.5,,
M-81-HRL,2011-11-01,73.207,384.143,,,603.4,,
M-81-HRL,2011-12-01,74.798,393.024,,,587.5,,
M-81-HRL,2012-01-01,74.56,391.762,,,593.2,,
M-81-HRL,2012-02-01,70.39,474.333,,,587.4,,
M-81-HRL,2012-03-01,72.664,359.619,,,592.4,,
M-81-HRL,2012-04-01,75.135,371.048,,,578.5,,
M-81-HRL,2012-05-01,48.211,235.929,,,586.5,,
M-81-HRL,2012-06-01,59.214,174.548,,,590.1,,
M-81-HRL,2012-07-01,75.43,212.071,,,583.8,,
M-81-HRL,2012-08-01,72.052,348.738,,,583.5,,
M-81-HRL,2012-09-01,71.265,364.571,,,585.4,,
M-81-HRL,2012-10-01,71.182,346.714,,,580.4,,
M-81-HRL,2012-11-01,71.032,315.762,,,577.3,,
M-81-HRL,2012-12-01,69.525,306.905,,,579.4,,
M-81-HRL,2013-01-01,69.869,327.857,,,579.6,,
M-81-HRL,2013-02-01,61.64,289.238,,,573.7,,
M-81-HRL,2013-03-01,66.011,323.5,,,574.7,,
M-81-HRL,2013-04-01,50.129,243.262,,,570.8,,
M-81-HRL,2013-05-01,54.931,293.833,,,578.8,,
M-81-HRL,2013-06-01,46.284,242.524,,,570.3,,
M-81-HRL,2013-07-01,62.845,346.786,,,573.5,,
M-81-HRL,2013-08-01,69.513,366.143,,,570.4,,
M-81-HRL,2013-09-01,67.511,410.667,,,571.5,,
M-81-HRL,2013-10-01,62.249,378.976,,,559.5,,
M-81-HRL,2013-11-01,60.765,393.405,,,554.7,,
M-81-HRL,2013-12-01,62.332,358.238,,,560.2,,
M-81-HRL,2014-01-01,64.738,333.167,,,553.9,,
M-81-HRL,2014-02-01,52.638,218.5,,,542.7,,
M-81-HRL,2014-03-01,50.905,216.786,,,546.5,,
M-81-HRL,2014-04-01,47.13,200.69,,,533.1,,
M-81-HRL,2014-05-01,58.443,153.238,,,556.7,,
M-81-HRL,2014-06-01,59.612,156.31,,,551.7,,
M-81-HRL,2014-07-01,45.604,119.571,,,544.7,,
M-81-HRL,2014-08-01,41.756,120.19,,,557.6,,
M-81-HRL,2014-09-01,37.733,108.619,,,582.8,,
M-81-HRL,2014-10-01,27.476,79.095,,,525.6,,
M-81-HRL,2014-11-01,26.924,77.524,,,532.3,,747.0
M-81-HRL,2014-12-01,22.184,63.857,,,597.5,,
M-81-HRL,2015-01-01,20.355,58.595,,,609.6,,
M-81-HRL,2015-02-01,21.539,61.929,,,616.6,,
M-81-HRL,2015-03-01,20.894,60.143,,,561.5,,
M-81-HRL,2015-04-01,28.635,82.429,,,568.7,,
M-81-HRL,2015-05-01,30.227,87.0,,,598.5,,
M-81-HRL,2015-06-01,38.039,109.524,,,521.7,,
M-81-HRL,2015-07-01,28.195,185.095,,,562.9,,
M-81-HRL,2015-08-01,31.62,208.714,31.0,32.0,518.6,472.3,
M-81-HRL,2015-09-01,26.575,173.81,30.0,32.0,574.4,475.5,
M-81-HRL,2015-10-01,25.274,165.262,31.0,32.0,536.2,493.4,
M-81-HRL,2015-11-01,22.121,144.667,30.0,32.0,505.0,465.1,
M-81-HRL,2015-12-01,24.892,163.262,31.0,32.0,599.9,472.3,
M-81-HRL,2016-01-01,21.856,143.405,31.0,32.0,508.5,440.4,
M-81-HRL,2016-02-01,43.848,287.619,29.0,32.0,527.6,493.5,
M-81-HRL,2016-03-01,39.986,262.31,27.0,32.0,527.6,493.5,754.0
M-81-HRL,2016-04-01,39.947,262.19,30.0,32.0,510.1,469.3,
M-81-HRL,2016-05-01,31.48,206.595,31.0,32.0,504.3,483.6,
M-81-HRL,2016-06-01,34.487,226.333,30.0,32.0,555.4,463.7,
M-81-HRL,2016-07-01,27.392,179.786,31.0,32.0,543.9,431.0,
M-81-HRL,2016-08-01,27.327,179.381,31.0,32.0,495.2,474.5,
M-81-HRL,2016-09-01,27.266,178.976,30.0,32.0,490.0,469.7,
M-81-HRL,2016-10-01,27.472,180.286,31.0,32.0,486.5,466.0,
M-81-HRL,2016-11-01,28.53,187.238,30.0,32.0,506.8,467.0,
M-81-HRL,2016-12-01,27.679,181.619,31.0,32.0,542.8,461.9,
M-81-HRL,2017-01-01,26.382,173.143,31.0,32.0,492.9,467.2,
M-81-HRL,2017-02-01,20.663,135.595,28.0,32.0,553.7,475.5,
M-81-HRL,2017-03-01,23.929,157.0,31.0,32.0,589.1,462.6,
M-81-HRL,2017-04-01,22.162,145.429,30.0,32.0,570.1,485.5,
M-81-HRL,2017-05-01,22.916,150.405,31.0,32.0,577.2,466.4,
M-81-HRL,2017-06-01,20.489,134.476,30.0,32.0,548.7,445.5,
M-81-HRL,2017-07-01,24.438,160.357,31.0,32.0,543.9,431.0,
M-81-HRL,2017-08-01,23.618,154.976,31.0,32.0,544.0,431.2,
M-81-HRL,2017-09-01,20.632,135.405,30.0,32.0,548.9,440.0,
M-81-HRL,2017-10-01,21.35,181.476,31.0,32.0,539.7,455.7,
M-81-HRL,2017-11-01,20.106,170.881,30.0,32.0,558.3,465.2,
M-81-HRL,2017-12-01,15.547,132.143,31.0,32.0,550.7,420.2,
M-81-HRL,2018-01-01,32.229,381.214,31.0,32.0,476.1,408.7,
M-81-HRL,2018-02-01,37.072,438.524,28.0,32.0,520.0,418.9,
M-81-HRL,2018-03-01,37.486,443.381,31.0,32.0,473.5,395.2,
M-81-HRL,2018-04-01,37.624,445.0,30.0,32.0,524.2,426.8,
M-81-HRL,2018-05-01,35.015,414.214,31.0,32.0,463.2,385.1,
M-81-HRL,2018-06-01,35.562,420.667,30.0,32.0,456.5,398.5,
M-81-HRL,2018-07-01,35.194,416.31,30.0,32.0,458.0,386.5,
M-81-HRL,2018-08-01,38.363,453.762,29.0,32.0,457.8,383.2,688.0
M-81-HRL,2018-09-01,39.104,462.524,30.0,32.0,452.7,379.0,
M-81-HRL,2018-10-01,41.416,489.881,31.0,32.0,413.4,398.1,
M-81-HRL,2018-11-01,38.0,449.5,30.0,32.0,456.0,383.0,
M-81-HRL,2018-12-01,41.766,515.19,31.0,32.0,492.5,395.2,
M-81-HRL,2019-01-01,32.968,389.357,27.0,32.0,465.1,386.7,
M-81-HRL,2019-02-01,29.985,354.214,27.0,32.0,434.4,386.9,
M-81-HRL,2019-03-01,32.68,386.0,31.0,32.0,434.1,382.5,
M-81-HRL,2019-04-01,29.333,346.5,30.0,32.0,514.0,424.0,
M-81-HRL,2019-05-01,28.702,339.048,31.0,32.0,,,
M-81-HRL,2019-06-01,26.154,308.905,30.0,32.0,512.0,377.0,
M-81-HRL,2019-07-01,24.9,294.048,31.0,32.0,513.5,437.5,
M-81-HRL,2019-08-01,22.813,269.429,31.0,32.0,485.6,420.2,
M-81-HRL,2019-09-01,23.451,276.976,30.0,32.0,491.3,431.2,
M-81-HRL,2019-10-01,23.102,272.833,31.0,32.0,500.2,441.2,
M-81-HRL,2019-11-01,21.365,252.357,30.0,32.0,495.0,437.5,
M-81-HRL,2019-12-01,21.205,250.429,31.0,32.0,495.0,438.7,
M-81-HRL,2020-01-01,24.37,287.81,31.0,32.0,491.4,419.1,
M-81-HRL,2020-02-01,22.931,270.881,29.0,32.0,470.9,409.0,
M-81-HRL,2020-03-01,21.633,255.5,31.0,32.0,470.9,409.0,
M-81-HRL,2020-04-01,19.407,229.214,30.0,32.0,,,
M-81-HRL,2020-05-01,20.017,236.429,31.0,32.0,,,
M-81-HRL,2020-06-01,19.557,230.952,30.0,32.0,,,
M-81-HRL,2020-07-01,19.763,233.405,31.0,32.0,439.6,401.7,
M-81-HRL,2020-08-01,21.684,256.095,31.0,32.0,563.3,408.5,
M-81-HRL,2020-09-01,17.744,209.595,30.0,32.0,561.1,406.4,
M-81-HRL,2020-10-01,6.419,75.81,31.0,32.0,561.4,393.9,
M-81-HRL,2020-11-01,20.751,245.071,30.0,32.0,448.1,422.5,
M-81-HRL,2020-12-01,16.966,200.405,27.0,32.0,379.0,379.0,
M-81-HRL,2021-01-01,20.043,236.714,31.0,32.0,431.5,385.1,
M-81-HRL,2021-02-01,18.352,216.714,28.0,32.0,374.1,256.5,
M-81-HRL,2021-03-01,20.688,244.333,31.0,32.0,387.6,342.6,
M-81-HRL,2021-04-01,20.661,244.024,30.0,32.0,389.6,344.5,
M-81-HRL,2021-05-01,22.701,268.095,31.0,32.0,366.8,315.1,
M-81-HRL,2021-06-01,19.52,81.857,30.0,32.0,471.5,319.0,
M-81-HRL,2021-07-01,23.345,78.286,31.0,32.0,431.6,272.4,
M-81-HRL,2021-08-01,24.355,57.119,31.0,32.0,465.0,295.7,
M-81-HRL,2021-09-01,20.55,48.19,30.0,32.0,464.7,300.9,
M-81-HRL,2021-10-01,28.516,66.881,31.0,32.0,373.5,272.7,
M-81-HRL,2021-11-01,52.561,123.286,30.0,32.0,355.2,262.2,
M-81-HRL,2021-12-01,39.819,595.929,31.0,32.0,367.5,259.7,
M-81-HRL,2022-01-01,61.975,927.548,31.0,48.0,346.4,262.0,
M-81-HRL,2022-02-01,54.085,809.714,28.0,48.0,343.2,278.5,
M-81-HRL,2022-03-01,60.632,962.476,31.0,32.0,341.7,263.4,
M-81-HRL,2022-04-01,59.689,893.405,30.0,48.0,337.3,260.4,
M-81-HRL,2022-05-01,61.92,926.619,31.0,48.0,330.6,239.9,
M-81-HRL,2022-06-01,58.308,872.714,30.0,48.0,328.6,255.8,
M-81-HRL,2022-07-01,59.409,889.286,31.0,48.0,328.6,255.8,
M-81-HRL,2022-08-01,59.331,888.048,31.0,48.0,323.9,251.7,
M-81-HRL,2022-09-01,62.127,929.905,30.0,48.0,320.5,212.1,
M-81-HRL,2022-10-01,68.228,1021.405,31.0,48.0,288.8,266.3,
M-81-HRL,2022-11-01,64.076,959.238,30.0,48.0,291.8,275.5,
M-81-HRL,2022-12-01,69.962,1047.167,31.0,48.0,260.5,233.4,
M-81-HRL,2023-01-01,70.704,1058.167,31.0,48.0,243.4,236.8,
M-81-HRL,2023-02-01,63.219,946.381,28.0,48.0,270.1,251.2,
M-81-HRL,2023-03-01,70.884,1061.119,31.0,48.0,260.5,238.0,
M-81-HRL,2023-04-01,,,,,255.8,230.0,
M-81-HRL,2023-05-01,60.867,910.976,31.0,48.0,312.5,249.6,
M-81-HRL,2023-06-01,62.273,932.024,30.0,48.0,312.5,228.2,
M-81-HRL,2023-07-01,63.735,953.929,31.0,32.0,313.5,223.8,
M-81-HRL,2023-08-01,64.174,960.524,31.0,32.0,311.3,227.3,
M-81-HRL,2023-09-01,62.189,925.595,30.0,32.0,307.1,225.4,
M-81-HRL,2023-10-01,56.816,850.167,31.0,32.0,306.0,247.4,
M-81-HRL,2023-11-01,54.274,820.5,30.0,32.0,307.4,245.5,
M-81-HRL,2023-12-01,55.44,828.167,31.0,32.0,301.4,227.0,
M-81-HRL,2024-01-01,67.079,1002.024,31.0,128.0,238.1,237.0,
M-81-HRL,2024-02-01,62.594,935.024,29.0,128.0,231.8,229.9,
M-81-HRL,2024-03-01,64.828,1394.429,31.0,128.0,236.3,235.4,
M-81-HRL,2024-04-01,49.178,1057.786,24.0,128.0,232.5,231.4,
M-81-HRL,2024-05-01,63.042,1356.0,31.0,128.0,248.8,247.2,
M-81-HRL,2024-06-01,60.64,1304.333,30.0,128.0,202.7,201.5,
M-81-HRL,2024-07-01,64.95,1397.048,31.0,128.0,210.6,210.0,
M-81-HRL,2024-08-01,63.385,1363.381,31.0,128.0,202.0,200.9,
M-81-HRL,2024-09-01,61.161,1315.548,30.0,128.0,209.6,208.6,
M-81-HRL,2024-10-01,62.238,1338.714,31.0,128.0,210.6,209.7,
M-81-HRL,2024-11-01,58.951,1268.0,30.0,128.0,213.7,210.9,
M-81-HRL,2024-12-01,60.65,1304.548,31.0,128.0,212.2,211.8,
M-81-HRL,2025-01-01,59.819,1286.667,31.0,128.0,213.8,212.6,
M-81-HRL,2025-02-01,53.256,1145.5,28.0,128.0,208.9,208.2,
M-81-HRL,2025-03-01,60.51,1301.548,31.0,128.0,203.3,202.5,
M-81-HRL,2025-04-01,57.199,1230.333,30.0,128.0,202.2,201.3,
M-81-HRL,2025-05-01,60.202,1294.905,31.0,128.0,197.1,196.2,
M-81-HRL,2025-06-01,57.246,1231.333,30.0,128.0,196.4,195.6,
M-82-HRL,2003-10-01,14.439,0.69,,,,,
M-82-HRL,2003-11-01,88.978,3.357,,,,,
M-82-HRL,2003-12-01,88.756,3.357,,,,,
M-82-HRL,2004-01-01,90.865,6.476,,,760.8,,
M-82-HRL,2004-02-01,83.683,6.619,,,776.7,,
M-82-HRL,2004-03-01,105.487,7.5,,,702.6,,
M-82-HRL,2004-04-01,110.064,7.833,,,698.3,,
M-82-HRL,2004-05-01,114.673,13.619,,,693.2,,
M-82-HRL,2004-06-01,108.69,57.595,,,690.3,,
M-82-HRL,2004-07-01,99.595,110.595,,,716.4,,
M-82-HRL,2004-08-01,98.5,122.452,,,716.4,,
M-82-HRL,2004-09-01,93.218,90.881,,,723.9,,
M-82-HRL,2004-10-01,88.466,86.381,,,710.1,,1004.0
M-82-HRL,2004-11-01,86.696,84.5,,,704.2,,
M-82-HRL,2004-12-01,90.579,89.333,,,708.4,,
M-82-HRL,2005-01-01,88.882,3.548,,,705.2,,
M-82-HRL,2005-02-01,80.693,79.762,,,698.8,,
M-82-HRL,2005-03-01,90.211,199.429,,,698.8,,
M-82-HRL,2005-04-01,85.385,123.214,,,700.5,,
M-82-HRL,2005-05-01,87.006,120.452,,,701.2,,
M-82-HRL,2005-06-01,79.365,67.5,,,708.5,,
M-82-HRL,2005-07-01,81.936,69.714,,,700.5,,
M-82-HRL,2005-08-01,76.116,64.929,,,696.8,,979.0
M-82-HRL,2005-09-01,80.791,67.476,,,689.8,,
M-82-HRL,2005-10-01,83.361,73.905,,,686.5,,
M-82-HRL,2005-11-01,77.94,69.143,,,677.6,,
M-82-HRL,2005-12-01,79.203,76.548,,,687.4,,
M-82-HRL,2006-01-01,81.071,313.905,,,678.1,,946.0
M-82-HRL,2006-02-01,74.195,274.262,,,690.0,,
M-82-HRL,2006-03-01,78.552,276.333,,,672.9,,
M-82-HRL,2006-04-01,77.435,237.714,,,688.1,,
M-82-HRL,2006-05-01,81.487,305.857,,,672.4,,
M-82-HRL,2006-06-01,77.429,293.929,,,667.9,,
M-82-HRL,2006-07-01,75.618,268.667,,,671.7,,
M-82-HRL,2006-08-01,76.782,178.81,,,667.7,,
M-82-HRL,2006-09-01,73.694,151.786,,,666.7,,
M-82-HRL,2006-10-01,79.201,159.476,,,663.5,,
M-82-HRL,2006-11-01,73.182,183.738,,,659.9,,
M-82-HRL,2006-12-01,76.99,193.357,,,658.7,,
M-82-HRL,2007-01-01,74.299,186.595,,,657.9,,
M-82-HRL,2007-02-01,69.239,300.929,,,652.9,,
M-82-HRL,2007-03-01,76.97,327.214,,,654.1,,
M-82-HRL,2007-04-01,73.645,336.976,,,655.0,,
M-82-HRL,2007-05-01,77.277,330.929,,,651.6,,
M-82-HRL,2007-06-01,71.105,306.214,,,649.9,,
M-82-HRL,2007-07-01,75.863,388.238,,,647.7,,
M-82-HRL,2007-08-01,70.283,358.976,,,670.8,,
M-82-HRL,2007-09-01,66.896,330.5,,,642.3,,
M-82-HRL,2007-10-01,61.249,311.048,,,661.4,,914.0
M-82-HRL,2007-11-01,58.4,296.548,,,635.5,,
M-82-HRL,2007-12-01,53.949,408.929,,,632.1,,
M-82-HRL,2008-01-01,62.536,471.214,,,646.4,,
M-82-HRL,2008-02-01,64.689,470.119,,,635.2,,
M-82-HRL,2008-03-01,68.936,465.786,,,646.2,,
M-82-HRL,2008-04-01,66.767,434.071,,,637.8,,
M-82-HRL,2008-05-01,69.464,306.214,,,638.1,,
M-82-HRL,2008-06-01,67.432,298.595,,,630.9,,
M-82-HRL,2008-07-01,64.648,301.738,,,630.8,,
M-82-HRL,2008-08-01,62.09,289.762,,,641.1,,
M-82-HRL,2008-09-01,57.409,354.929,,,629.2,,
M-82-HRL,2008-10-01,59.667,366.5,,,618.6,,893.0
M-82-HRL,2008-11-01,59.51,349.119,,,641.3,,
M-82-HRL,2008-12-01,57.504,348.119,,,626.3,,
M-82-HRL,2009-01-01,56.2,400.048,,,622.4,,875.0
M-82-HRL,2009-02-01,50.413,367.357,,,616.8,,
M-82-HRL,2009-03-01,60.1,470.429,,,622.6,,
M-82-HRL,2009-04-01,55.828,433.952,,,618.8,,
M-82-HRL,2009-05-01,55.049,314.714,,,622.1,,
M-82-HRL,2009-06-01,54.146,311.238,,,622.2,,
M-82-HRL,2009-07-01,56.259,354.071,,,620.9,,
M-82-HRL,2009-08-01,56.419,324.024,,,623.3,,
M-82-HRL,2009-09-01,53.892,320.857,,,616.3,,
M-82-HRL,2009-10-01,51.027,300.119,,,636.4,,
M-82-HRL,2009-11-01,54.456,410.714,,,615.5,,
M-82-HRL,2009-12-01,59.701,425.214,,,599.1,,
M-82-HRL,2010-01-01,61.723,439.667,,,597.4,,854.0
M-82-HRL,2010-02-01,49.995,356.095,,,597.5,,
M-82-HRL,2010-03-01,57.605,410.286,,,600.0,,
M-82-HRL,2010-04-01,60.436,430.405,,,593.9,,
M-82-HRL,2010-05-01,64.598,868.024,,,584.8,,
M-82-HRL,2010-06-01,60.881,834.738,,,591.0,,
M-82-HRL,2010-07-01,62.539,875.881,,,579.5,,
M-82-HRL,2010-08-01,59.146,799.881,,,587.6,,
M-82-HRL,2010-09-01,58.337,850.762,,,568.1,,
M-82-HRL,2010-10-01,62.533,731.333,,,576.9,,
M-82-HRL,2010-11-01,62.96,736.31,,,586.0,,
M-82-HRL,2010-12-01,62.14,541.714,,,586.7,,
M-82-HRL,2011-01-01,73.346,427.881,,,571.8,,
M-82-HRL,2011-02-01,72.854,414.262,,,550.0,,
M-82-HRL,2011-03-01,58.721,466.571,,,574.4,,
M-82-HRL,2011-04-01,57.708,500.976,,,570.5,,
M-82-HRL,2011-05-01,65.161,565.643,,,564.0,,
M-82-HRL,2011-06-01,63.693,280.452,,,563.1,,
M-82-HRL,2011-07-01,63.956,196.667,,,558.8,,
M-82-HRL,2011-08-01,60.013,184.524,,,554.2,,
M-82-HRL,2011-09-01,54.741,168.31,,,555.8,,
M-82-HRL,2011-10-01,54.088,195.333,,,554.2,,
M-82-HRL,2011-11-01,59.386,269.214,,,552.1,,
M-82-HRL,2011-12-01,80.959,367.024,,,601.2,,
M-82-HRL,2012-01-01,51.774,234.714,,,580.2,,
M-82-HRL,2012-02-01,47.434,232.119,,,574.2,,
M-82-HRL,2012-03-01,49.44,333.167,,,587.6,,
M-82-HRL,2012-04-01,49.581,338.762,,,570.1,,
M-82-HRL,2012-05-01,50.692,297.429,,,583.1,,
M-82-HRL,2012-06-01,43.988,304.143,,,586.5,,
M-82-HRL,2012-07-01,44.033,331.238,,,581.1,,
M-82-HRL,2012-08-01,44.064,331.571,,,587.0,,
M-82-HRL,2012-09-01,38.82,292.071,,,583.4,,
M-82-HRL,2012-10-01,8.519,64.095,,,583.8,,
M-82-HRL,2012-11-01,,,,,744.4,,
M-82-HRL,2012-12-01,,,,,750.5,,
M-82-HRL,2013-01-01,,,,,751.5,,
M-82-HRL,2013-02-01,,,,,752.0,,
M-82-HRL,2013-03-01,,,,,750.6,,
M-82-HRL,2013-04-01,49.173,184.952,,,572.0,,
M-82-HRL,2013-05-01,24.564,92.381,,,613.5,,
M-82-HRL,2013-06-01,,,,,739.8,,
M-82-HRL,2013-07-01,,,,,744.4,,
M-82-HRL,2013-08-01,,,,,744.6,,
M-82-HRL,2013-09-01,,,,,744.8,,
M-82-HRL,2013-10-01,,,,,742.5,,
M-82-HRL,2013-11-01,,,,,741.8,,
M-82-HRL,2013-12-01,,,,,741.3,,
M-82-HRL,2014-01-01,,,,,739.7,,
M-82-HRL,2014-02-01,,,,,739.9,,
M-82-HRL,2014-03-01,,,,,739.5,,
M-82-HRL,2014-04-01,,,,,738.0,,
M-82-HRL,2014-05-01,,,,,,,
M-82-HRL,2014-06-01,,,,,734.9,,
M-82-HRL,2014-07-01,,,,,734.5,,
M-82-HRL,2014-08-01,,,,,733.1,,
M-82-HRL,2014-09-01,,,,,732.3,,
M-82-HRL,2014-10-01,,,,,,,
M-82-HRL,2014-11-01,,,,,729.0,,
M-82-HRL,2014-12-01,,,,,729.5,,
M-82-HRL,2015-01-01,,,,,728.6,,
M-82-HRL,2015-02-01,,,,,726.7,,
M-82-HRL,2015-03-01,,,,,726.6,,
M-82-HRL,2015-04-01,1.155,0.0,,,725.6,,
M-82-HRL,2015-05-01,84.484,0.0,,,490.5,,
M-82-HRL,2015-06-01,70.34,0.0,,,489.7,,
M-82-HRL,2015-07-01,71.153,0.0,,,497.3,,
M-82-HRL,2015-08-01,91.377,0.0,31.0,32.0,490.2,478.3,
M-82-HRL,2015-09-01,62.53,0.0,30.0,32.0,482.6,472.3,
M-82-HRL,2015-10-01,60.303,0.0,31.0,32.0,503.7,494.5,
M-82-HRL,2015-11-01,59.736,0.0,30.0,32.0,479.6,467.4,
M-82-HRL,2015-12-01,74.751,0.0,31.0,32.0,486.6,472.4,
M-82-HRL,2016-01-01,107.637,0.0,31.0,32.0,461.2,443.6,
M-82-HRL,2016-02-01,65.451,111.905,29.0,32.0,495.9,488.3,
M-82-HRL,2016-03-01,35.879,61.357,28.0,32.0,503.1,491.5,753.0
M-82-HRL,2016-04-01,52.464,89.738,30.0,32.0,482.7,467.7,
M-82-HRL,2016-05-01,64.573,122.857,31.0,32.0,492.8,482.8,
M-82-HRL,2016-06-01,52.562,100.024,30.0,32.0,447.9,463.2,
M-82-HRL,2016-07-01,57.209,108.881,31.0,32.0,440.5,427.8,
M-82-HRL,2016-08-01,59.5,113.238,31.0,32.0,481.3,470.7,
M-82-HRL,2016-09-01,51.812,98.619,30.0,32.0,475.8,465.7,
M-82-HRL,2016-10-01,49.833,94.81,31.0,32.0,475.0,465.2,
M-82-HRL,2016-11-01,50.979,97.0,30.0,32.0,473.8,464.4,
M-82-HRL,2016-12-01,51.038,97.095,31.0,32.0,459.1,447.1,
M-82-HRL,2017-01-01,45.254,86.119,31.0,32.0,472.3,462.8,
M-82-HRL,2017-02-01,47.801,90.952,28.0,32.0,480.6,472.7,
M-82-HRL,2017-03-01,51.148,97.31,31.0,32.0,466.2,456.0,
M-82-HRL,2017-04-01,45.594,86.738,30.0,32.0,490.1,478.3,
M-82-HRL,2017-05-01,49.846,94.857,31.0,32.0,470.0,461.4,
M-82-HRL,2017-06-01,55.017,112.571,30.0,32.0,438.7,421.8,
M-82-HRL,2017-07-01,55.739,114.024,31.0,32.0,440.5,427.8,
M-82-HRL,2017-08-01,55.241,962.31,31.0,32.0,441.0,430.2,
M-82-HRL,2017-09-01,53.16,1061.714,30.0,32.0,443.1,432.4,
M-82-HRL,2017-10-01,47.335,945.381,31.0,32.0,459.6,449.7,
M-82-HRL,2017-11-01,44.744,893.476,30.0,32.0,437.0,430.0,
M-82-HRL,2017-12-01,56.004,1118.429,31.0,32.0,425.5,412.4,
M-82-HRL,2018-01-01,54.374,1085.881,31.0,32.0,419.2,406.0,
M-82-HRL,2018-02-01,70.824,1414.452,24.0,32.0,439.7,429.4,673.0
M-82-HRL,2018-03-01,100.712,2011.167,31.0,32.0,405.9,389.2,
M-82-HRL,2018-04-01,67.234,1327.429,30.0,32.0,432.9,422.7,
M-82-HRL,2018-05-01,57.978,1157.952,22.0,32.0,404.0,389.6,
M-82-HRL,2018-06-01,52.319,1044.881,30.0,32.0,413.5,398.9,
M-82-HRL,2018-07-01,51.653,1031.571,31.0,32.0,401.1,383.7,
M-82-HRL,2018-08-01,56.549,1129.286,31.0,32.0,395.2,377.7,
M-82-HRL,2018-09-01,55.3,1104.357,30.0,32.0,392.8,376.8,
M-82-HRL,2018-10-01,55.755,1113.429,31.0,32.0,389.2,374.4,
M-82-HRL,2018-11-01,49.0,976.833,30.0,32.0,389.0,373.0,
M-82-HRL,2018-12-01,44.591,1443.691,31.0,32.0,397.3,384.5,
M-82-HRL,2019-01-01,51.141,1542.357,27.0,32.0,400.2,387.0,
M-82-HRL,2019-02-01,61.257,1847.786,26.0,32.0,415.1,402.4,
M-82-HRL,2019-03-01,59.37,1790.691,31.0,32.0,404.5,391.2,
M-82-HRL,2019-04-01,44.726,1349.048,24.0,32.0,423.0,414.2,
M-82-HRL,2019-05-01,57.088,1721.952,31.0,32.0,,,
M-82-HRL,2019-06-01,55.357,1669.595,30.0,32.0,379.2,364.0,
M-82-HRL,2019-07-01,46.166,1392.143,31.0,32.0,432.2,424.5,
M-82-HRL,2019-08-01,42.291,1275.381,31.0,32.0,416.0,405.2,
M-82-HRL,2019-09-01,47.271,1034.214,30.0,32.0,423.2,415.3,
M-82-HRL,2019-10-01,40.249,880.571,31.0,32.0,435.8,429.0,
M-82-HRL,2019-11-01,37.331,816.881,30.0,32.0,432.0,424.5,
M-82-HRL,2019-12-01,29.402,643.262,31.0,32.0,427.0,424.1,
M-82-HRL,2020-01-01,40.02,1262.524,31.0,32.0,404.0,394.2,
M-82-HRL,2020-02-01,33.079,873.691,29.0,32.0,406.2,403.1,
M-82-HRL,2020-03-01,67.199,1470.31,31.0,32.0,406.2,403.1,
M-82-HRL,2020-04-01,68.047,1488.833,30.0,32.0,,,
M-82-HRL,2020-05-01,71.227,1558.476,31.0,32.0,,,
M-82-HRL,2020-06-01,69.176,1513.31,30.0,32.0,,,
M-82-HRL,2020-07-01,57.704,1262.5,31.0,32.0,395.4,395.4,
M-82-HRL,2020-08-01,74.414,1628.048,31.0,32.0,402.3,392.5,
M-82-HRL,2020-09-01,71.496,1564.5,30.0,32.0,404.0,394.9,
M-82-HRL,2020-10-01,70.925,1551.929,31.0,32.0,398.7,389.0,
M-82-HRL,2020-11-01,56.664,1239.714,30.0,32.0,417.7,411.4,
M-82-HRL,2020-12-01,70.495,1542.595,31.0,32.0,380.8,369.9,
M-82-HRL,2021-01-01,81.267,1778.095,31.0,32.0,382.9,372.5,
M-82-HRL,2021-02-01,77.142,1687.476,28.0,32.0,382.9,372.5,
M-82-HRL,2021-03-01,67.629,1479.714,25.0,32.0,545.8,,
M-82-HRL,2021-04-01,85.213,1864.476,30.0,32.0,363.0,349.2,
M-82-HRL,2021-05-01,90.145,1972.262,31.0,32.0,308.1,276.1,
M-82-HRL,2021-06-01,85.993,1645.833,30.0,32.0,335.2,323.1,
M-82-HRL,2021-07-01,89.452,1611.833,31.0,32.0,311.2,286.3,
M-82-HRL,2021-08-01,90.472,1973.119,31.0,32.0,320.7,302.9,
M-82-HRL,2021-09-01,83.654,1824.619,30.0,32.0,320.0,302.7,
M-82-HRL,2021-10-01,89.004,2029.238,31.0,32.0,302.7,277.7,
M-82-HRL,2021-11-01,83.795,1889.524,30.0,32.0,295.4,271.5,
M-82-HRL,2021-12-01,88.03,1919.476,31.0,32.0,290.0,265.5,
M-82-HRL,2022-01-01,73.291,1598.119,31.0,32.0,290.8,267.0,
M-82-HRL,2022-02-01,73.95,1613.024,28.0,32.0,295.0,273.4,
M-82-HRL,2022-03-01,86.561,1887.619,31.0,32.0,287.4,263.4,
M-82-HRL,2022-04-01,86.469,1885.667,30.0,32.0,282.5,261.6,
M-82-HRL,2022-05-01,89.276,1946.5,31.0,32.0,280.8,259.0,
M-82-HRL,2022-06-01,85.038,1854.405,30.0,32.0,296.5,278.4,
M-82-HRL,2022-07-01,83.622,1823.738,31.0,32.0,299.1,281.5,
M-82-HRL,2022-08-01,88.572,1931.5,31.0,32.0,,,
M-82-HRL,2022-09-01,83.977,1831.31,30.0,32.0,300.2,280.6,
M-82-HRL,2022-10-01,84.25,1837.619,31.0,32.0,295.6,280.4,
M-82-HRL,2022-11-01,73.639,1606.167,30.0,32.0,302.3,288.4,
M-82-HRL,2022-12-01,80.447,1754.357,31.0,32.0,262.5,240.9,
M-82-HRL,2023-01-01,84.738,1847.691,31.0,32.0,264.0,244.3,
M-82-HRL,2023-02-01,74.457,1623.952,28.0,32.0,279.5,265.4,
M-82-HRL,2023-03-01,79.279,1729.095,31.0,32.0,257.0,236.2,
M-82-HRL,2023-04-01,,,,,243.0,238.1,
M-82-HRL,2023-05-01,80.943,1765.024,31.0,32.0,262.2,257.5,
M-82-HRL,2023-06-01,81.669,1780.857,30.0,32.0,241.8,233.0,
M-82-HRL,2023-07-01,83.062,1811.31,31.0,64.0,248.2,244.0,
M-82-HRL,2023-08-01,82.839,1806.476,31.0,64.0,234.8,229.4,
M-82-HRL,2023-09-01,79.179,1716.976,30.0,64.0,234.0,229.0,
M-82-HRL,2023-10-01,70.781,1543.143,31.0,64.0,258.8,255.3,
M-82-HRL,2023-11-01,69.137,1522.786,30.0,64.0,255.5,251.5,
M-82-HRL,2023-12-01,75.488,1642.952,31.0,64.0,250.8,248.8,
M-82-HRL,2024-01-01,74.884,1629.786,31.0,128.0,241.1,239.6,
M-82-HRL,2024-02-01,70.508,1534.548,29.0,128.0,235.3,234.2,
M-82-HRL,2024-03-01,73.287,1595.048,31.0,128.0,239.5,238.2,
M-82-HRL,2024-04-01,56.994,1317.381,24.0,128.0,237.9,236.2,
M-82-HRL,2024-05-01,74.037,1711.31,31.0,128.0,255.9,254.8,
M-82-HRL,2024-06-01,83.092,1920.619,30.0,128.0,235.3,231.9,
M-82-HRL,2024-07-01,89.351,2065.286,31.0,128.0,251.5,219.8,
M-82-HRL,2024-08-01,88.038,2034.929,31.0,128.0,217.9,212.9,
M-82-HRL,2024-09-01,82.468,1906.191,30.0,128.0,224.0,220.4,
M-82-HRL,2024-10-01,89.928,2078.619,31.0,128.0,216.4,216.1,
M-82-HRL,2024-11-01,84.763,1959.238,30.0,128.0,228.7,227.4,
M-82-HRL,2024-12-01,84.759,1959.143,31.0,128.0,221.2,217.4,
M-82-HRL,2025-01-01,81.565,1885.31,31.0,128.0,286.8,225.3,
M-82-HRL,2025-02-01,74.88,1730.81,28.0,128.0,218.5,218.3,
M-82-HRL,2025-03-01,82.273,1901.691,31.0,128.0,210.6,208.9,
M-82-HRL,2025-04-01,70.415,1627.595,30.0,128.0,209.0,208.3,
M-82-HRL,2025-05-01,76.585,1770.214,31.0,128.0,207.0,205.9,
M-82-HRL,2025-06-01,69.488,1606.167,30.0,128.0,196.1,194.9,
M-E-2-HRL,1990-06-01,,,,,,,
M-E-2-HRL,1990-08-01,,,,,,,
M-E-2-HRL,1990-09-01,,,,,,,
M-E-2-HRL,1990-10-01,,,,,,,
M-E-2-HRL,1995-01-01,,,,,,,
M-E-2-HRL,1995-02-01,,,,,,,
M-E-2-HRL,1995-04-01,,,,,,,
M-E-2-HRL,1995-05-01,,,,,,,
M-E-2-HRL,1995-06-01,,,,,,,
M-E-2-HRL,1995-07-01,,,,,,,
M-E-2-HRL,1995-08-01,,,,,,,
M-E-2-HRL,1995-09-01,,,,,,,
M-E-2-HRL,1995-10-01,,,,,,,
M-E-2-HRL,1995-11-01,,,,,,,
M-E-2-HRL,1995-12-01,,,,,,,
M-E-2-HRL,1996-01-01,,,,,,,
M-E-2-HRL,1996-02-01,,,,,,,
M-E-2-HRL,1996-04-01,,,,,,,
M-E-2-HRL,1996-05-01,,,,,,,
M-E-2-HRL,1996-06-01,,,,,,,
M-E-2-HRL,1996-07-01,,,,,,,
M-E-2-HRL,1996-08-01,,,,,,,
M-E-2-HRL,1996-09-01,,,,,,,
M-E-2-HRL,1996-10-01,,,,,,,
M-E-2-HRL,1996-11-01,,,,,,,
M-E-2-HRL,1996-12-01,,,,,,,
M-E-2-HRL,1998-07-01,,,,,1025.5,,
M-E-2-HRL,1999-02-01,,,,,1026.2,,
M-E-2-HRL,1999-07-01,,,,,,,
M-E-2-HRL,1999-08-01,,,,,,,
M-E-2-HRL,1999-10-01,,,,,,,
M-E-2-HRL,2000-05-01,,,,,,,
M-E-2-HRL,2000-06-01,,,,,,,
M-E-2-HRL,2000-08-01,,,,,,,
M-E-2-HRL,2000-11-01,,,,,1013.8,,
M-E-2-HRL,2001-01-01,,,,,1012.0,,
M-E-2-HRL,2001-02-01,,,,,1015.4,,
M-E-2-HRL,2001-03-01,,,,,1014.5,,
M-E-2-HRL,2001-05-01,,,,,1013.8,,
M-E-2-HRL,2001-06-01,,,,,1016.6,,
M-E-2-HRL,2001-07-01,,,,,1012.4,,
M-E-2-HRL,2001-08-01,,,,,1012.4,,
M-E-2-HRL,2001-09-01,,,,,1012.4,,
M-E-2-HRL,2001-10-01,,,,,1009.3,,
M-E-2-HRL,2001-11-01,,,,,1009.3,,
M-E-2-HRL,2001-12-01,,,,,1006.3,,
M-E-2-HRL,2002-01-01,,,,,,,
M-E-2-HRL,2002-02-01,,,,,1007.2,,
M-E-2-HRL,2002-03-01,,,,,1008.3,,
M-E-2-HRL,2002-04-01,,,,,1007.2,,
M-E-2-HRL,2002-05-01,,,,,1007.2,,
M-E-2-HRL,2002-06-01,,,,,1007.2,,
M-E-2-HRL,2002-07-01,,,,,,,
M-E-2-HRL,2002-08-01,,,,,,,
M-E-2-HRL,2002-09-01,,,,,,,
M-E-2-HRL,2002-10-01,,,,,1006.3,,
M-E-2-HRL,2002-11-01,,,,,,,
M-E-2-HRL,2002-12-01,,,,,,,
M-E-2-HRL,2003-01-01,,,,,1006.3,,
M-E-2-HRL,2003-02-01,,,,,1004.2,,
M-E-2-HRL,2003-03-01,,,,,1003.4,,
M-E-2-HRL,2003-04-01,,,,,1003.4,,
M-E-2-HRL,2003-05-01,,,,,1001.9,,
M-E-2-HRL,2003-06-01,,,,,1001.8,,
M-E-2-HRL,2003-07-01,,,,,,,
M-E-2-HRL,2003-08-01,,,,,,,
M-E-2-HRL,2003-09-01,,,,,,,
M-E-2-HRL,2003-10-01,,,,,,,
M-E-2-HRL,2003-11-01,,,,,,,
M-E-2-HRL,2003-12-01,,,,,,,
M-E-2-HRL,2004-01-01,,,,,999.3,,
M-E-2-HRL,2004-02-01,,,,,996.9,,
M-E-2-HRL,2004-03-01,,,,,997.0,,
M-E-2-HRL,2004-04-01,,,,,997.1,,
M-E-2-HRL,2004-05-01,,,,,996.1,,
M-E-2-HRL,2004-06-01,,,,,995.5,,
M-E-2-HRL,2004-07-01,,,,,995.0,,
M-E-2-HRL,2004-08-01,,,,,993.8,,
M-E-2-HRL,2004-09-01,,,,,994.5,,
M-E-2-HRL,2004-10-01,,,,,993.3,,
M-E-2-HRL,2004-11-01,,,,,990.9,,
M-E-2-HRL,2004-12-01,,,,,992.1,,
M-E-2-HRL,2005-01-01,,,,,985.1,,
M-E-2-HRL,2005-02-01,,,,,985.0,,
M-E-2-HRL,2005-03-01,,,,,986.7,,
M-E-2-HRL,2005-04-01,,,,,983.6,,
M-E-2-HRL,2005-05-01,,,,,983.1,,
M-E-2-HRL,2005-06-01,,,,,982.9,,
M-E-2-HRL,2005-07-01,,,,,984.0,,
M-E-2-HRL,2005-08-01,,,,,981.2,,
M-E-2-HRL,2005-09-01,,,,,981.0,,
M-E-2-HRL,2005-10-01,,,,,976.7,,
M-E-2-HRL,2005-11-01,,,,,975.7,,
M-E-2-HRL,2005-12-01,,,,,974.6,,
M-E-2-HRL,2006-01-01,,,,,971.4,,
M-E-2-HRL,2006-02-01,,,,,970.4,,
M-E-2-HRL,2006-03-01,,,,,968.5,,
M-E-2-HRL,2006-04-01,,,,,967.1,,
M-E-2-HRL,2006-05-01,,,,,965.8,,
M-E-2-HRL,2006-06-01,,,,,963.8,,
M-E-2-HRL,2006-07-01,,,,,962.1,,
M-E-2-HRL,2006-08-01,,,,,960.3,,
M-E-2-HRL,2006-09-01,,,,,960.7,,
M-E-2-HRL,2006-10-01,,,,,958.0,,
M-E-2-HRL,2006-11-01,,,,,957.5,,
M-E-2-HRL,2006-12-01,,,,,954.9,,
M-E-2-HRL,2007-01-01,,,,,953.8,,
M-E-2-HRL,2007-02-01,,,,,952.1,,
M-E-2-HRL,2007-03-01,,,,,950.1,,
M-E-2-HRL,2007-04-01,,,,,,,
M-E-2-HRL,2007-05-01,,,,,947.5,,
M-E-2-HRL,2007-06-01,,,,,946.6,,
M-E-2-HRL,2007-07-01,,,,,943.5,,
M-E-2-HRL,2007-08-01,,,,,940.2,,
M-E-2-HRL,2007-09-01,,,,,937.7,,
M-E-2-HRL,2007-10-01,,,,,936.6,,
M-E-2-HRL,2007-11-01,,,,,933.8,,
M-E-2-HRL,2007-12-01,,,,,932.5,,
M-E-2-HRL,2008-01-01,,,,,930.7,,
M-E-2-HRL,2008-02-01,,,,,,,
M-E-2-HRL,2008-03-01,,,,,927.4,,
M-E-2-HRL,2008-04-01,,,,,,,
M-E-2-HRL,2008-05-01,,,,,925.3,,
M-E-2-HRL,2008-06-01,,,,,923.8,,
M-E-2-HRL,2008-07-01,,,,,922.7,,
M-E-2-HRL,2008-08-01,,,,,919.4,,
M-E-2-HRL,2008-09-01,,,,,919.2,,
M-E-2-HRL,2008-10-01,,,,,917.4,,
M-E-2-HRL,2008-11-01,,,,,914.0,,989.0
M-E-2-HRL,2008-12-01,,,,,913.3,,
M-E-2-HRL,2009-01-01,,,,,912.3,,
M-E-2-HRL,2009-02-01,,,,,911.0,,
M-E-2-HRL,2009-03-01,,,,,910.4,,
M-E-2-HRL,2009-04-01,,,,,908.7,,
M-E-2-HRL,2009-05-01,,,,,907.5,,
M-E-2-HRL,2009-06-01,,,,,905.5,,
M-E-2-HRL,2009-07-01,,,,,904.5,,
M-E-2-HRL,2009-08-01,,,,,901.3,,
M-E-2-HRL,2009-09-01,,,,,900.5,,
M-E-2-HRL,2009-10-01,,,,,898.5,,
M-E-2-HRL,2009-11-01,,,,,898.5,,
M-E-2-HRL,2009-12-01,,,,,897.0,,
M-E-2-HRL,2010-01-01,,,,,895.5,,
M-E-2-HRL,2010-02-01,,,,,894.0,,
M-E-2-HRL,2010-03-01,,,,,892.5,,
M-E-2-HRL,2010-04-01,,,,,891.0,,
M-E-2-HRL,2010-05-01,,,,,886.4,,
M-E-2-HRL,2010-06-01,,,,,886.1,,
M-E-2-HRL,2010-07-01,,,,,886.1,,
M-E-2-HRL,2010-08-01,,,,,885.2,,
M-E-2-HRL,2010-09-01,,,,,885.1,,
M-E-2-HRL,2010-10-01,,,,,885.1,,
M-E-2-HRL,2010-11-01,,,,,877.8,,
M-E-2-HRL,2010-12-01,,,,,878.5,,
M-E-2-HRL,2011-01-01,,,,,875.1,,
M-E-2-HRL,2011-02-01,,,,,873.3,,
M-E-2-HRL,2011-03-01,,,,,,,
M-E-2-HRL,2011-04-01,,,,,872.2,,
M-E-2-HRL,2011-05-01,,,,,871.8,,
M-E-2-HRL,2011-06-01,,,,,867.2,,
M-E-2-HRL,2011-07-01,,,,,865.5,,
M-E-2-HRL,2011-08-01,,,,,865.5,,
M-E-2-HRL,2011-09-01,,,,,866.1,,
M-E-2-HRL,2011-10-01,,,,,861.8,,
M-E-2-HRL,2011-11-01,,,,,860.8,,
M-E-2-HRL,2011-12-01,,,,,857.5,,
M-E-2-HRL,2012-01-01,,,,,856.5,,
M-E-2-HRL,2012-02-01,,,,,858.5,,
M-E-2-HRL,2012-03-01,,,,,854.8,,
M-E-2-HRL,2012-04-01,,,,,853.3,,
M-E-2-HRL,2012-05-01,,,,,851.5,,
M-E-2-HRL,2012-06-01,,,,,850.1,,
M-E-2-HRL,2012-07-01,,,,,850.2,,
M-E-2-HRL,2012-08-01,,,,,849.0,,
M-E-2-HRL,2012-09-01,,,,,845.7,,
M-E-2-HRL,2012-10-01,,,,,845.7,,
M-E-2-HRL,2012-11-01,,,,,841.5,,
M-E-2-HRL,2012-12-01,,,,,,,
M-E-2-HRL,2013-01-01,,,,,840.9,,
M-E-2-HRL,2013-03-01,30.544,0.0,,,,,
M-E-2-HRL,2013-04-01,287.339,0.0,,,,,
M-E-2-HRL,2013-05-01,290.472,0.0,,,683.9,,
M-E-2-HRL,2013-06-01,274.952,0.0,,,684.6,,
M-E-2-HRL,2013-07-01,293.561,0.0,,,680.3,,
M-E-2-HRL,2013-08-01,291.538,0.0,,,680.5,,
M-E-2-HRL,2013-09-01,285.015,0.0,,,674.4,,
M-E-2-HRL,2013-10-01,298.045,0.0,,,670.3,,
M-E-2-HRL,2013-11-01,282.121,0.0,,,664.8,,
M-E-2-HRL,2013-12-01,287.902,0.0,,,663.4,,
M-E-2-HRL,2014-01-01,251.174,0.0,,,662.1,,870.0
M-E-2-HRL,2014-02-01,253.876,0.0,,,659.6,,
M-E-2-HRL,2014-03-01,285.03,0.0,,,656.5,,
M-E-2-HRL,2014-04-01,275.444,0.0,,,655.9,,
M-E-2-HRL,2014-05-01,280.408,0.0,,,648.1,,
M-E-2-HRL,2014-06-01,273.195,0.0,,,629.8,,
M-E-2-HRL,2014-07-01,271.019,0.0,,,621.4,,
M-E-2-HRL,2014-08-01,266.773,0.0,,,614.4,,
M-E-2-HRL,2014-09-01,245.246,0.0,,,617.3,,
M-E-2-HRL,2014-10-01,259.7,0.0,,,610.8,,
M-E-2-HRL,2014-11-01,250.949,0.0,,,605.9,,
M-E-2-HRL,2014-12-01,247.574,0.0,,,605.9,,
M-E-2-HRL,2015-01-01,243.605,0.0,,,600.0,,
M-E-2-HRL,2015-02-01,203.944,0.0,,,602.9,,842.0
M-E-2-HRL,2015-03-01,217.455,0.0,,,593.3,,
M-E-2-HRL,2015-04-01,201.447,0.0,,,,,
M-E-2-HRL,2015-05-01,250.912,0.0,,,,,
M-E-2-HRL,2015-06-01,242.986,0.0,,,590.1,,
M-E-2-HRL,2015-07-01,247.463,0.0,,,587.0,,
M-E-2-HRL,2015-08-01,246.433,0.0,31.0,48.0,582.2,494.7,
M-E-2-HRL,2015-09-01,239.391,0.0,30.0,48.0,577.5,490.1,
M-E-2-HRL,2015-10-01,243.34,0.0,31.0,48.0,583.6,518.0,
M-E-2-HRL,2015-11-01,233.235,0.0,30.0,48.0,573.5,487.5,
M-E-2-HRL,2015-12-01,244.745,0.0,31.0,48.0,570.7,482.8,
M-E-2-HRL,2016-01-01,242.346,0.0,31.0,48.0,565.7,467.4,
M-E-2-HRL,2016-02-01,214.733,0.0,29.0,48.0,596.2,550.5,
M-E-2-HRL,2016-03-01,218.215,0.0,31.0,48.0,595.8,549.7,
M-E-2-HRL,2016-04-01,189.966,0.0,27.0,48.0,572.4,501.5,
M-E-2-HRL,2016-05-01,119.642,0.0,16.0,48.0,584.1,513.6,
M-E-2-HRL,2016-06-01,216.061,0.0,30.0,48.0,579.5,515.8,
M-E-2-HRL,2016-07-01,228.459,0.0,31.0,48.0,544.9,473.7,
M-E-2-HRL,2016-08-01,223.565,0.0,31.0,48.0,569.6,507.6,
M-E-2-HRL,2016-09-01,216.889,0.0,30.0,48.0,568.0,503.0,
M-E-2-HRL,2016-10-01,216.302,0.0,31.0,48.0,570.8,515.7,
M-E-2-HRL,2016-11-01,207.915,0.0,30.0,48.0,560.4,494.4,
M-E-2-HRL,2016-12-01,203.674,0.0,31.0,48.0,551.0,520.7,
M-E-2-HRL,2017-01-01,195.728,0.0,31.0,48.0,560.9,500.7,749.0
M-E-2-HRL,2017-02-01,172.413,0.0,26.0,48.0,561.2,502.7,
M-E-2-HRL,2017-03-01,209.349,0.0,31.0,48.0,551.3,483.2,
M-E-2-HRL,2017-04-01,195.76,0.0,30.0,48.0,547.2,469.2,
M-E-2-HRL,2017-05-01,207.974,0.0,31.0,48.0,552.1,495.9,
M-E-2-HRL,2017-06-01,206.802,0.0,30.0,48.0,543.4,464.4,
M-E-2-HRL,2017-07-01,213.723,0.0,31.0,48.0,544.9,473.7,
M-E-2-HRL,2017-08-01,214.326,0.0,31.0,48.0,543.0,467.7,
M-E-2-HRL,2017-09-01,203.476,0.0,30.0,48.0,542.2,474.2,
M-E-2-HRL,2017-10-01,211.656,0.0,31.0,48.0,549.7,495.8,
M-E-2-HRL,2017-11-01,207.572,0.0,30.0,48.0,548.7,495.0,
M-E-2-HRL,2017-12-01,210.322,0.0,31.0,48.0,532.7,459.7,
M-E-2-HRL,2018-01-01,215.469,0.0,31.0,48.0,524.8,446.6,
M-E-2-HRL,2018-02-01,194.617,0.0,28.0,48.0,523.7,441.6,
M-E-2-HRL,2018-03-01,213.507,0.0,31.0,48.0,519.4,433.5,
M-E-2-HRL,2018-04-01,201.769,0.0,30.0,48.0,530.4,459.7,
M-E-2-HRL,2018-05-01,206.962,0.0,31.0,48.0,515.4,425.4,
M-E-2-HRL,2018-06-01,199.634,0.0,30.0,48.0,518.7,442.1,
M-E-2-HRL,2018-07-01,208.839,0.0,31.0,48.0,514.8,426.0,
M-E-2-HRL,2018-08-01,214.065,0.0,31.0,48.0,510.7,420.5,
M-E-2-HRL,2018-09-01,205.97,0.0,30.0,48.0,508.4,418.1,
M-E-2-HRL,2018-10-01,213.975,0.0,31.0,48.0,506.4,418.7,
M-E-2-HRL,2018-11-01,204.0,0.0,30.0,48.0,509.0,423.0,
M-E-2-HRL,2018-12-01,198.483,0.0,31.0,48.0,505.2,328.5,
M-E-2-HRL,2019-01-01,173.185,0.0,27.0,48.0,505.6,440.0,
M-E-2-HRL,2019-02-01,161.574,0.0,26.0,48.0,500.2,424.8,
M-E-2-HRL,2019-03-01,159.135,0.0,27.0,48.0,506.5,446.1,740.0
M-E-2-HRL,2019-04-01,175.463,0.0,30.0,48.0,485.8,474.5,
M-E-2-HRL,2019-05-01,182.254,0.0,31.0,48.0,,,
M-E-2-HRL,2019-06-01,176.627,0.0,30.0,48.0,503.7,452.2,
M-E-2-HRL,2019-07-01,165.754,0.0,31.0,48.0,523.0,487.7,
M-E-2-HRL,2019-08-01,164.393,0.0,31.0,48.0,513.8,476.8,
M-E-2-HRL,2019-09-01,155.357,0.0,30.0,48.0,517.0,484.7,
M-E-2-HRL,2019-10-01,156.725,0.0,31.0,48.0,524.0,493.3,
M-E-2-HRL,2019-11-01,154.085,0.0,30.0,48.0,519.2,488.3,
M-E-2-HRL,2019-12-01,162.723,0.0,31.0,48.0,509.3,472.4,
M-E-2-HRL,2020-01-01,106.469,0.0,26.0,48.0,519.2,488.3,
M-E-2-HRL,2020-02-01,148.938,0.0,29.0,48.0,505.7,473.7,712.0
M-E-2-HRL,2020-03-01,155.854,0.0,31.0,48.0,505.7,473.7,
M-E-2-HRL,2020-04-01,147.474,0.0,30.0,48.0,,,
M-E-2-HRL,2020-05-01,157.538,0.0,31.0,48.0,,,
M-E-2-HRL,2020-06-01,152.627,0.0,30.0,48.0,,,
M-E-2-HRL,2020-07-01,157.359,0.0,31.0,48.0,484.7,450.7,
M-E-2-HRL,2020-08-01,154.825,0.0,31.0,48.0,484.7,450.6,
M-E-2-HRL,2020-09-01,147.815,0.0,30.0,48.0,478.9,443.8,
M-E-2-HRL,2020-10-01,148.808,0.0,31.0,48.0,481.5,446.0,
M-E-2-HRL,2020-11-01,135.154,0.0,30.0,48.0,488.5,465.9,
M-E-2-HRL,2020-12-01,127.488,0.0,31.0,48.0,469.1,435.6,
M-E-2-HRL,2021-01-01,160.886,0.0,31.0,48.0,356.9,346.9,
M-E-2-HRL,2021-02-01,180.488,0.0,28.0,48.0,352.9,342.3,
M-E-2-HRL,2021-03-01,194.211,0.0,31.0,48.0,390.7,382.9,
M-E-2-HRL,2021-04-01,201.401,0.0,30.0,48.0,348.1,337.1,
M-E-2-HRL,2021-05-01,218.015,0.0,31.0,48.0,338.2,326.3,
M-E-2-HRL,2021-06-01,214.192,0.0,30.0,48.0,364.1,359.2,
M-E-2-HRL,2021-07-01,222.596,0.0,31.0,48.0,338.9,327.2,
M-E-2-HRL,2021-08-01,222.783,0.0,31.0,48.0,341.2,329.7,
M-E-2-HRL,2021-09-01,208.953,0.0,30.0,48.0,350.0,338.7,
M-E-2-HRL,2021-10-01,215.275,0.0,31.0,48.0,346.2,333.7,
M-E-2-HRL,2021-11-01,197.158,0.0,30.0,48.0,331.0,319.4,
M-E-2-HRL,2021-12-01,187.533,0.0,31.0,48.0,414.9,308.9,
M-E-2-HRL,2022-01-01,160.309,0.0,31.0,48.0,413.4,306.0,
M-E-2-HRL,2022-02-01,150.552,0.0,28.0,48.0,412.4,318.1,
M-E-2-HRL,2022-03-01,156.112,0.0,31.0,48.0,413.2,313.0,
M-E-2-HRL,2022-04-01,136.946,0.0,30.0,40.0,454.8,277.6,
M-E-2-HRL,2022-05-01,110.102,0.0,23.0,40.0,452.2,302.5,
M-E-2-HRL,2022-06-01,144.455,0.0,30.0,40.0,459.7,310.6,
M-E-2-HRL,2022-07-01,148.293,0.0,31.0,40.0,449.5,314.0,
M-E-2-HRL,2022-08-01,147.743,0.0,31.0,40.0,426.5,295.1,
M-E-2-HRL,2022-09-01,154.096,0.0,30.0,40.0,425.3,285.2,
M-E-2-HRL,2022-10-01,139.276,0.0,31.0,40.0,444.2,307.5,
M-E-2-HRL,2022-11-01,131.848,0.0,30.0,40.0,440.5,294.3,
M-E-2-HRL,2022-12-01,135.485,0.0,31.0,40.0,433.8,275.5,
M-E-2-HRL,2023-01-01,124.125,0.0,31.0,40.0,437.7,277.4,
M-E-2-HRL,2023-02-01,113.285,0.0,28.0,40.0,435.1,284.2,
M-E-2-HRL,2023-03-01,130.437,0.0,31.0,40.0,426.6,264.6,
M-E-2-HRL,2023-04-01,,,,,322.8,292.1,
M-E-2-HRL,2023-05-01,191.956,0.0,31.0,40.0,327.1,300.3,
M-E-2-HRL,2023-06-01,188.556,0.0,30.0,40.0,312.1,279.6,
M-E-2-HRL,2023-07-01,191.718,0.0,31.0,64.0,317.5,282.3,
M-E-2-HRL,2023-08-01,187.344,0.0,31.0,64.0,319.2,285.2,
M-E-2-HRL,2023-09-01,179.493,0.0,30.0,64.0,314.6,281.1,
M-E-2-HRL,2023-10-01,177.764,0.0,29.0,64.0,326.7,292.1,
M-E-2-HRL,2023-11-01,143.515,0.0,30.0,48.0,377.8,290.5,
M-E-2-HRL,2023-12-01,158.051,0.0,31.0,48.0,371.3,240.9,
M-E-2-HRL,2024-01-01,173.487,0.0,31.0,128.0,268.4,262.0,
M-E-2-HRL,2024-02-01,187.345,0.0,29.0,128.0,261.2,254.7,
M-E-2-HRL,2024-03-01,198.774,0.0,31.0,128.0,276.8,271.1,
M-E-2-HRL,2024-04-01,171.32,0.0,30.0,128.0,265.5,259.1,
M-E-2-HRL,2024-05-01,183.992,0.0,31.0,128.0,275.6,270.0,
M-E-2-HRL,2024-06-01,192.123,0.0,30.0,128.0,246.9,240.3,
M-E-2-HRL,2024-07-01,194.214,0.0,31.0,128.0,228.1,220.1,
M-E-2-HRL,2024-08-01,178.719,0.0,31.0,128.0,235.6,228.5,
M-E-2-HRL,2024-09-01,163.623,0.0,30.0,128.0,233.4,226.4,
M-E-2-HRL,2024-10-01,143.763,0.0,31.0,128.0,223.4,215.7,
M-E-2-HRL,2024-11-01,112.254,0.0,30.0,128.0,238.5,232.4,
M-E-2-HRL,2024-12-01,106.924,0.0,31.0,128.0,229.6,222.2,
M-E-2-HRL,2025-01-01,137.648,0.0,31.0,128.0,236.8,230.0,
M-E-2-HRL,2025-02-01,122.895,0.0,24.0,128.0,235.5,219.2,
M-E-2-HRL,2025-03-01,163.161,0.0,27.0,128.0,226.5,219.1,
M-E-2-HRL,2025-04-01,141.786,0.0,30.0,128.0,234.4,227.6,
M-E-2-HRL,2025-05-01,143.86,0.0,31.0,128.0,220.9,214.6,
M-E-2-HRL,2025-06-01,146.717,0.0,30.0,128.0,219.5,212.5,
